:0200000460009A
:100000004643464200000156000000000103030081
:1000100000000000000000000000000000000000E0
:1000200000000000000000000000000000000000D0
:1000300000000000000000000000000000000000C0
:1000400000000000010408000000000000000000A3
:100050000000800000000000000000000000000020
:100060000000000000000000000000000000000090
:100070000000000000000000000000000000000080
:10008000EB04180A063204260000000000000000FD
:10009000050404240000000000000000000000002F
:1000A0000000000000000000000000000000000050
:1000B0000604000000000000000000000000000036
:1000C0000000000000000000000000000000000030
:1000D00020041808000000000000000000000000DC
:1000E0000000000000000000000000000000000010
:1000F0000000000000000000000000000000000000
:10010000D8041808000000000000000000000000F3
:100110000204180804200000000000000000000095
:1001200000000000000000000000000000000000CF
:10013000600400000000000000000000000000005B
:1001400000000000000000000000000000000000AF
:10015000000000000000000000000000000000009F
:10016000000000000000000000000000000000008F
:10017000000000000000000000000000000000007F
:10018000000000000000000000000000000000006F
:10019000000000000000000000000000000000005F
:1001A000000000000000000000000000000000004F
:1001B000000000000000000000000000000000003F
:1001C000000100000010000001000000000000001D
:1001D000000001000000000000000000000000001E
:1001E000000000000000000000000000000000000F
:1001F00000000000000000000000000000000000FF
:10020000FFFFFFFFFFFFFFFFFFFFFFFFFFFFFFFFFE
:10021000FFFFFFFFFFFFFFFFFFFFFFFFFFFFFFFFEE
:10022000FFFFFFFFFFFFFFFFFFFFFFFFFFFFFFFFDE
:10023000FFFFFFFFFFFFFFFFFFFFFFFFFFFFFFFFCE
:10024000FFFFFFFFFFFFFFFFFFFFFFFFFFFFFFFFBE
:10025000FFFFFFFFFFFFFFFFFFFFFFFFFFFFFFFFAE
:10026000FFFFFFFFFFFFFFFFFFFFFFFFFFFFFFFF9E
:10027000FFFFFFFFFFFFFFFFFFFFFFFFFFFFFFFF8E
:10028000FFFFFFFFFFFFFFFFFFFFFFFFFFFFFFFF7E
:10029000FFFFFFFFFFFFFFFFFFFFFFFFFFFFFFFF6E
:1002A000FFFFFFFFFFFFFFFFFFFFFFFFFFFFFFFF5E
:1002B000FFFFFFFFFFFFFFFFFFFFFFFFFFFFFFFF4E
:1002C000FFFFFFFFFFFFFFFFFFFFFFFFFFFFFFFF3E
:1002D000FFFFFFFFFFFFFFFFFFFFFFFFFFFFFFFF2E
:1002E000FFFFFFFFFFFFFFFFFFFFFFFFFFFFFFFF1E
:1002F000FFFFFFFFFFFFFFFFFFFFFFFFFFFFFFFF0E
:10030000FFFFFFFFFFFFFFFFFFFFFFFFFFFFFFFFFD
:10031000FFFFFFFFFFFFFFFFFFFFFFFFFFFFFFFFED
:10032000FFFFFFFFFFFFFFFFFFFFFFFFFFFFFFFFDD
:10033000FFFFFFFFFFFFFFFFFFFFFFFFFFFFFFFFCD
:10034000FFFFFFFFFFFFFFFFFFFFFFFFFFFFFFFFBD
:10035000FFFFFFFFFFFFFFFFFFFFFFFFFFFFFFFFAD
:10036000FFFFFFFFFFFFFFFFFFFFFFFFFFFFFFFF9D
:10037000FFFFFFFFFFFFFFFFFFFFFFFFFFFFFFFF8D
:10038000FFFFFFFFFFFFFFFFFFFFFFFFFFFFFFFF7D
:10039000FFFFFFFFFFFFFFFFFFFFFFFFFFFFFFFF6D
:1003A000FFFFFFFFFFFFFFFFFFFFFFFFFFFFFFFF5D
:1003B000FFFFFFFFFFFFFFFFFFFFFFFFFFFFFFFF4D
:1003C000FFFFFFFFFFFFFFFFFFFFFFFFFFFFFFFF3D
:1003D000FFFFFFFFFFFFFFFFFFFFFFFFFFFFFFFF2D
:1003E000FFFFFFFFFFFFFFFFFFFFFFFFFFFFFFFF1D
:1003F000FFFFFFFFFFFFFFFFFFFFFFFFFFFFFFFF0D
:10040000FFFFFFFFFFFFFFFFFFFFFFFFFFFFFFFFFC
:10041000FFFFFFFFFFFFFFFFFFFFFFFFFFFFFFFFEC
:10042000FFFFFFFFFFFFFFFFFFFFFFFFFFFFFFFFDC
:10043000FFFFFFFFFFFFFFFFFFFFFFFFFFFFFFFFCC
:10044000FFFFFFFFFFFFFFFFFFFFFFFFFFFFFFFFBC
:10045000FFFFFFFFFFFFFFFFFFFFFFFFFFFFFFFFAC
:10046000FFFFFFFFFFFFFFFFFFFFFFFFFFFFFFFF9C
:10047000FFFFFFFFFFFFFFFFFFFFFFFFFFFFFFFF8C
:10048000FFFFFFFFFFFFFFFFFFFFFFFFFFFFFFFF7C
:10049000FFFFFFFFFFFFFFFFFFFFFFFFFFFFFFFF6C
:1004A000FFFFFFFFFFFFFFFFFFFFFFFFFFFFFFFF5C
:1004B000FFFFFFFFFFFFFFFFFFFFFFFFFFFFFFFF4C
:1004C000FFFFFFFFFFFFFFFFFFFFFFFFFFFFFFFF3C
:1004D000FFFFFFFFFFFFFFFFFFFFFFFFFFFFFFFF2C
:1004E000FFFFFFFFFFFFFFFFFFFFFFFFFFFFFFFF1C
:1004F000FFFFFFFFFFFFFFFFFFFFFFFFFFFFFFFF0C
:10050000FFFFFFFFFFFFFFFFFFFFFFFFFFFFFFFFFB
:10051000FFFFFFFFFFFFFFFFFFFFFFFFFFFFFFFFEB
:10052000FFFFFFFFFFFFFFFFFFFFFFFFFFFFFFFFDB
:10053000FFFFFFFFFFFFFFFFFFFFFFFFFFFFFFFFCB
:10054000FFFFFFFFFFFFFFFFFFFFFFFFFFFFFFFFBB
:10055000FFFFFFFFFFFFFFFFFFFFFFFFFFFFFFFFAB
:10056000FFFFFFFFFFFFFFFFFFFFFFFFFFFFFFFF9B
:10057000FFFFFFFFFFFFFFFFFFFFFFFFFFFFFFFF8B
:10058000FFFFFFFFFFFFFFFFFFFFFFFFFFFFFFFF7B
:10059000FFFFFFFFFFFFFFFFFFFFFFFFFFFFFFFF6B
:1005A000FFFFFFFFFFFFFFFFFFFFFFFFFFFFFFFF5B
:1005B000FFFFFFFFFFFFFFFFFFFFFFFFFFFFFFFF4B
:1005C000FFFFFFFFFFFFFFFFFFFFFFFFFFFFFFFF3B
:1005D000FFFFFFFFFFFFFFFFFFFFFFFFFFFFFFFF2B
:1005E000FFFFFFFFFFFFFFFFFFFFFFFFFFFFFFFF1B
:1005F000FFFFFFFFFFFFFFFFFFFFFFFFFFFFFFFF0B
:10060000FFFFFFFFFFFFFFFFFFFFFFFFFFFFFFFFFA
:10061000FFFFFFFFFFFFFFFFFFFFFFFFFFFFFFFFEA
:10062000FFFFFFFFFFFFFFFFFFFFFFFFFFFFFFFFDA
:10063000FFFFFFFFFFFFFFFFFFFFFFFFFFFFFFFFCA
:10064000FFFFFFFFFFFFFFFFFFFFFFFFFFFFFFFFBA
:10065000FFFFFFFFFFFFFFFFFFFFFFFFFFFFFFFFAA
:10066000FFFFFFFFFFFFFFFFFFFFFFFFFFFFFFFF9A
:10067000FFFFFFFFFFFFFFFFFFFFFFFFFFFFFFFF8A
:10068000FFFFFFFFFFFFFFFFFFFFFFFFFFFFFFFF7A
:10069000FFFFFFFFFFFFFFFFFFFFFFFFFFFFFFFF6A
:1006A000FFFFFFFFFFFFFFFFFFFFFFFFFFFFFFFF5A
:1006B000FFFFFFFFFFFFFFFFFFFFFFFFFFFFFFFF4A
:1006C000FFFFFFFFFFFFFFFFFFFFFFFFFFFFFFFF3A
:1006D000FFFFFFFFFFFFFFFFFFFFFFFFFFFFFFFF2A
:1006E000FFFFFFFFFFFFFFFFFFFFFFFFFFFFFFFF1A
:1006F000FFFFFFFFFFFFFFFFFFFFFFFFFFFFFFFF0A
:10070000FFFFFFFFFFFFFFFFFFFFFFFFFFFFFFFFF9
:10071000FFFFFFFFFFFFFFFFFFFFFFFFFFFFFFFFE9
:10072000FFFFFFFFFFFFFFFFFFFFFFFFFFFFFFFFD9
:10073000FFFFFFFFFFFFFFFFFFFFFFFFFFFFFFFFC9
:10074000FFFFFFFFFFFFFFFFFFFFFFFFFFFFFFFFB9
:10075000FFFFFFFFFFFFFFFFFFFFFFFFFFFFFFFFA9
:10076000FFFFFFFFFFFFFFFFFFFFFFFFFFFFFFFF99
:10077000FFFFFFFFFFFFFFFFFFFFFFFFFFFFFFFF89
:10078000FFFFFFFFFFFFFFFFFFFFFFFFFFFFFFFF79
:10079000FFFFFFFFFFFFFFFFFFFFFFFFFFFFFFFF69
:1007A000FFFFFFFFFFFFFFFFFFFFFFFFFFFFFFFF59
:1007B000FFFFFFFFFFFFFFFFFFFFFFFFFFFFFFFF49
:1007C000FFFFFFFFFFFFFFFFFFFFFFFFFFFFFFFF39
:1007D000FFFFFFFFFFFFFFFFFFFFFFFFFFFFFFFF29
:1007E000FFFFFFFFFFFFFFFFFFFFFFFFFFFFFFFF19
:1007F000FFFFFFFFFFFFFFFFFFFFFFFFFFFFFFFF09
:10080000FFFFFFFFFFFFFFFFFFFFFFFFFFFFFFFFF8
:10081000FFFFFFFFFFFFFFFFFFFFFFFFFFFFFFFFE8
:10082000FFFFFFFFFFFFFFFFFFFFFFFFFFFFFFFFD8
:10083000FFFFFFFFFFFFFFFFFFFFFFFFFFFFFFFFC8
:10084000FFFFFFFFFFFFFFFFFFFFFFFFFFFFFFFFB8
:10085000FFFFFFFFFFFFFFFFFFFFFFFFFFFFFFFFA8
:10086000FFFFFFFFFFFFFFFFFFFFFFFFFFFFFFFF98
:10087000FFFFFFFFFFFFFFFFFFFFFFFFFFFFFFFF88
:10088000FFFFFFFFFFFFFFFFFFFFFFFFFFFFFFFF78
:10089000FFFFFFFFFFFFFFFFFFFFFFFFFFFFFFFF68
:1008A000FFFFFFFFFFFFFFFFFFFFFFFFFFFFFFFF58
:1008B000FFFFFFFFFFFFFFFFFFFFFFFFFFFFFFFF48
:1008C000FFFFFFFFFFFFFFFFFFFFFFFFFFFFFFFF38
:1008D000FFFFFFFFFFFFFFFFFFFFFFFFFFFFFFFF28
:1008E000FFFFFFFFFFFFFFFFFFFFFFFFFFFFFFFF18
:1008F000FFFFFFFFFFFFFFFFFFFFFFFFFFFFFFFF08
:10090000FFFFFFFFFFFFFFFFFFFFFFFFFFFFFFFFF7
:10091000FFFFFFFFFFFFFFFFFFFFFFFFFFFFFFFFE7
:10092000FFFFFFFFFFFFFFFFFFFFFFFFFFFFFFFFD7
:10093000FFFFFFFFFFFFFFFFFFFFFFFFFFFFFFFFC7
:10094000FFFFFFFFFFFFFFFFFFFFFFFFFFFFFFFFB7
:10095000FFFFFFFFFFFFFFFFFFFFFFFFFFFFFFFFA7
:10096000FFFFFFFFFFFFFFFFFFFFFFFFFFFFFFFF97
:10097000FFFFFFFFFFFFFFFFFFFFFFFFFFFFFFFF87
:10098000FFFFFFFFFFFFFFFFFFFFFFFFFFFFFFFF77
:10099000FFFFFFFFFFFFFFFFFFFFFFFFFFFFFFFF67
:1009A000FFFFFFFFFFFFFFFFFFFFFFFFFFFFFFFF57
:1009B000FFFFFFFFFFFFFFFFFFFFFFFFFFFFFFFF47
:1009C000FFFFFFFFFFFFFFFFFFFFFFFFFFFFFFFF37
:1009D000FFFFFFFFFFFFFFFFFFFFFFFFFFFFFFFF27
:1009E000FFFFFFFFFFFFFFFFFFFFFFFFFFFFFFFF17
:1009F000FFFFFFFFFFFFFFFFFFFFFFFFFFFFFFFF07
:100A0000FFFFFFFFFFFFFFFFFFFFFFFFFFFFFFFFF6
:100A1000FFFFFFFFFFFFFFFFFFFFFFFFFFFFFFFFE6
:100A2000FFFFFFFFFFFFFFFFFFFFFFFFFFFFFFFFD6
:100A3000FFFFFFFFFFFFFFFFFFFFFFFFFFFFFFFFC6
:100A4000FFFFFFFFFFFFFFFFFFFFFFFFFFFFFFFFB6
:100A5000FFFFFFFFFFFFFFFFFFFFFFFFFFFFFFFFA6
:100A6000FFFFFFFFFFFFFFFFFFFFFFFFFFFFFFFF96
:100A7000FFFFFFFFFFFFFFFFFFFFFFFFFFFFFFFF86
:100A8000FFFFFFFFFFFFFFFFFFFFFFFFFFFFFFFF76
:100A9000FFFFFFFFFFFFFFFFFFFFFFFFFFFFFFFF66
:100AA000FFFFFFFFFFFFFFFFFFFFFFFFFFFFFFFF56
:100AB000FFFFFFFFFFFFFFFFFFFFFFFFFFFFFFFF46
:100AC000FFFFFFFFFFFFFFFFFFFFFFFFFFFFFFFF36
:100AD000FFFFFFFFFFFFFFFFFFFFFFFFFFFFFFFF26
:100AE000FFFFFFFFFFFFFFFFFFFFFFFFFFFFFFFF16
:100AF000FFFFFFFFFFFFFFFFFFFFFFFFFFFFFFFF06
:100B0000FFFFFFFFFFFFFFFFFFFFFFFFFFFFFFFFF5
:100B1000FFFFFFFFFFFFFFFFFFFFFFFFFFFFFFFFE5
:100B2000FFFFFFFFFFFFFFFFFFFFFFFFFFFFFFFFD5
:100B3000FFFFFFFFFFFFFFFFFFFFFFFFFFFFFFFFC5
:100B4000FFFFFFFFFFFFFFFFFFFFFFFFFFFFFFFFB5
:100B5000FFFFFFFFFFFFFFFFFFFFFFFFFFFFFFFFA5
:100B6000FFFFFFFFFFFFFFFFFFFFFFFFFFFFFFFF95
:100B7000FFFFFFFFFFFFFFFFFFFFFFFFFFFFFFFF85
:100B8000FFFFFFFFFFFFFFFFFFFFFFFFFFFFFFFF75
:100B9000FFFFFFFFFFFFFFFFFFFFFFFFFFFFFFFF65
:100BA000FFFFFFFFFFFFFFFFFFFFFFFFFFFFFFFF55
:100BB000FFFFFFFFFFFFFFFFFFFFFFFFFFFFFFFF45
:100BC000FFFFFFFFFFFFFFFFFFFFFFFFFFFFFFFF35
:100BD000FFFFFFFFFFFFFFFFFFFFFFFFFFFFFFFF25
:100BE000FFFFFFFFFFFFFFFFFFFFFFFFFFFFFFFF15
:100BF000FFFFFFFFFFFFFFFFFFFFFFFFFFFFFFFF05
:100C0000FFFFFFFFFFFFFFFFFFFFFFFFFFFFFFFFF4
:100C1000FFFFFFFFFFFFFFFFFFFFFFFFFFFFFFFFE4
:100C2000FFFFFFFFFFFFFFFFFFFFFFFFFFFFFFFFD4
:100C3000FFFFFFFFFFFFFFFFFFFFFFFFFFFFFFFFC4
:100C4000FFFFFFFFFFFFFFFFFFFFFFFFFFFFFFFFB4
:100C5000FFFFFFFFFFFFFFFFFFFFFFFFFFFFFFFFA4
:100C6000FFFFFFFFFFFFFFFFFFFFFFFFFFFFFFFF94
:100C7000FFFFFFFFFFFFFFFFFFFFFFFFFFFFFFFF84
:100C8000FFFFFFFFFFFFFFFFFFFFFFFFFFFFFFFF74
:100C9000FFFFFFFFFFFFFFFFFFFFFFFFFFFFFFFF64
:100CA000FFFFFFFFFFFFFFFFFFFFFFFFFFFFFFFF54
:100CB000FFFFFFFFFFFFFFFFFFFFFFFFFFFFFFFF44
:100CC000FFFFFFFFFFFFFFFFFFFFFFFFFFFFFFFF34
:100CD000FFFFFFFFFFFFFFFFFFFFFFFFFFFFFFFF24
:100CE000FFFFFFFFFFFFFFFFFFFFFFFFFFFFFFFF14
:100CF000FFFFFFFFFFFFFFFFFFFFFFFFFFFFFFFF04
:100D0000FFFFFFFFFFFFFFFFFFFFFFFFFFFFFFFFF3
:100D1000FFFFFFFFFFFFFFFFFFFFFFFFFFFFFFFFE3
:100D2000FFFFFFFFFFFFFFFFFFFFFFFFFFFFFFFFD3
:100D3000FFFFFFFFFFFFFFFFFFFFFFFFFFFFFFFFC3
:100D4000FFFFFFFFFFFFFFFFFFFFFFFFFFFFFFFFB3
:100D5000FFFFFFFFFFFFFFFFFFFFFFFFFFFFFFFFA3
:100D6000FFFFFFFFFFFFFFFFFFFFFFFFFFFFFFFF93
:100D7000FFFFFFFFFFFFFFFFFFFFFFFFFFFFFFFF83
:100D8000FFFFFFFFFFFFFFFFFFFFFFFFFFFFFFFF73
:100D9000FFFFFFFFFFFFFFFFFFFFFFFFFFFFFFFF63
:100DA000FFFFFFFFFFFFFFFFFFFFFFFFFFFFFFFF53
:100DB000FFFFFFFFFFFFFFFFFFFFFFFFFFFFFFFF43
:100DC000FFFFFFFFFFFFFFFFFFFFFFFFFFFFFFFF33
:100DD000FFFFFFFFFFFFFFFFFFFFFFFFFFFFFFFF23
:100DE000FFFFFFFFFFFFFFFFFFFFFFFFFFFFFFFF13
:100DF000FFFFFFFFFFFFFFFFFFFFFFFFFFFFFFFF03
:100E0000FFFFFFFFFFFFFFFFFFFFFFFFFFFFFFFFF2
:100E1000FFFFFFFFFFFFFFFFFFFFFFFFFFFFFFFFE2
:100E2000FFFFFFFFFFFFFFFFFFFFFFFFFFFFFFFFD2
:100E3000FFFFFFFFFFFFFFFFFFFFFFFFFFFFFFFFC2
:100E4000FFFFFFFFFFFFFFFFFFFFFFFFFFFFFFFFB2
:100E5000FFFFFFFFFFFFFFFFFFFFFFFFFFFFFFFFA2
:100E6000FFFFFFFFFFFFFFFFFFFFFFFFFFFFFFFF92
:100E7000FFFFFFFFFFFFFFFFFFFFFFFFFFFFFFFF82
:100E8000FFFFFFFFFFFFFFFFFFFFFFFFFFFFFFFF72
:100E9000FFFFFFFFFFFFFFFFFFFFFFFFFFFFFFFF62
:100EA000FFFFFFFFFFFFFFFFFFFFFFFFFFFFFFFF52
:100EB000FFFFFFFFFFFFFFFFFFFFFFFFFFFFFFFF42
:100EC000FFFFFFFFFFFFFFFFFFFFFFFFFFFFFFFF32
:100ED000FFFFFFFFFFFFFFFFFFFFFFFFFFFFFFFF22
:100EE000FFFFFFFFFFFFFFFFFFFFFFFFFFFFFFFF12
:100EF000FFFFFFFFFFFFFFFFFFFFFFFFFFFFFFFF02
:100F0000FFFFFFFFFFFFFFFFFFFFFFFFFFFFFFFFF1
:100F1000FFFFFFFFFFFFFFFFFFFFFFFFFFFFFFFFE1
:100F2000FFFFFFFFFFFFFFFFFFFFFFFFFFFFFFFFD1
:100F3000FFFFFFFFFFFFFFFFFFFFFFFFFFFFFFFFC1
:100F4000FFFFFFFFFFFFFFFFFFFFFFFFFFFFFFFFB1
:100F5000FFFFFFFFFFFFFFFFFFFFFFFFFFFFFFFFA1
:100F6000FFFFFFFFFFFFFFFFFFFFFFFFFFFFFFFF91
:100F7000FFFFFFFFFFFFFFFFFFFFFFFFFFFFFFFF81
:100F8000FFFFFFFFFFFFFFFFFFFFFFFFFFFFFFFF71
:100F9000FFFFFFFFFFFFFFFFFFFFFFFFFFFFFFFF61
:100FA000FFFFFFFFFFFFFFFFFFFFFFFFFFFFFFFF51
:100FB000FFFFFFFFFFFFFFFFFFFFFFFFFFFFFFFF41
:100FC000FFFFFFFFFFFFFFFFFFFFFFFFFFFFFFFF31
:100FD000FFFFFFFFFFFFFFFFFFFFFFFFFFFFFFFF21
:100FE000FFFFFFFFFFFFFFFFFFFFFFFFFFFFFFFF11
:100FF000FFFFFFFFFFFFFFFFFFFFFFFFFFFFFFFF01
:10100000D1002043E5340060000000000000000033
:101010002010006000100060B4510160000000006A
:1010200000000060B45D010000000000FFFFFFFF52
:10103000FFFFFFFFFFFFFFFFFFFFFFFFFFFFFFFFC0
:10104000FFFFFFFFFFFFFFFFFFFFFFFFFFFFFFFFB0
:10105000FFFFFFFFFFFFFFFFFFFFFFFFFFFFFFFFA0
:10106000FFFFFFFFFFFFFFFFFFFFFFFFFFFFFFFF90
:10107000FFFFFFFFFFFFFFFFFFFFFFFFFFFFFFFF80
:10108000FFFFFFFFFFFFFFFFFFFFFFFFFFFFFFFF70
:10109000FFFFFFFFFFFFFFFFFFFFFFFFFFFFFFFF60
:1010A000FFFFFFFFFFFFFFFFFFFFFFFFFFFFFFFF50
:1010B000FFFFFFFFFFFFFFFFFFFFFFFFFFFFFFFF40
:1010C000FFFFFFFFFFFFFFFFFFFFFFFFFFFFFFFF30
:1010D000FFFFFFFFFFFFFFFFFFFFFFFFFFFFFFFF20
:1010E000FFFFFFFFFFFFFFFFFFFFFFFFFFFFFFFF10
:1010F000FFFFFFFFFFFFFFFFFFFFFFFFFFFFFFFF00
:10110000FFFFFFFFFFFFFFFFFFFFFFFFFFFFFFFFEF
:10111000FFFFFFFFFFFFFFFFFFFFFFFFFFFFFFFFDF
:10112000FFFFFFFFFFFFFFFFFFFFFFFFFFFFFFFFCF
:10113000FFFFFFFFFFFFFFFFFFFFFFFFFFFFFFFFBF
:10114000FFFFFFFFFFFFFFFFFFFFFFFFFFFFFFFFAF
:10115000FFFFFFFFFFFFFFFFFFFFFFFFFFFFFFFF9F
:10116000FFFFFFFFFFFFFFFFFFFFFFFFFFFFFFFF8F
:10117000FFFFFFFFFFFFFFFFFFFFFFFFFFFFFFFF7F
:10118000FFFFFFFFFFFFFFFFFFFFFFFFFFFFFFFF6F
:10119000FFFFFFFFFFFFFFFFFFFFFFFFFFFFFFFF5F
:1011A000FFFFFFFFFFFFFFFFFFFFFFFFFFFFFFFF4F
:1011B000FFFFFFFFFFFFFFFFFFFFFFFFFFFFFFFF3F
:1011C000FFFFFFFFFFFFFFFFFFFFFFFFFFFFFFFF2F
:1011D000FFFFFFFFFFFFFFFFFFFFFFFFFFFFFFFF1F
:1011E000FFFFFFFFFFFFFFFFFFFFFFFFFFFFFFFF0F
:1011F000FFFFFFFFFFFFFFFFFFFFFFFFFFFFFFFFFF
:10120000FFFFFFFFFFFFFFFFFFFFFFFFFFFFFFFFEE
:10121000FFFFFFFFFFFFFFFFFFFFFFFFFFFFFFFFDE
:10122000FFFFFFFFFFFFFFFFFFFFFFFFFFFFFFFFCE
:10123000FFFFFFFFFFFFFFFFFFFFFFFFFFFFFFFFBE
:10124000FFFFFFFFFFFFFFFFFFFFFFFFFFFFFFFFAE
:10125000FFFFFFFFFFFFFFFFFFFFFFFFFFFFFFFF9E
:10126000FFFFFFFFFFFFFFFFFFFFFFFFFFFFFFFF8E
:10127000FFFFFFFFFFFFFFFFFFFFFFFFFFFFFFFF7E
:10128000FFFFFFFFFFFFFFFFFFFFFFFFFFFFFFFF6E
:10129000FFFFFFFFFFFFFFFFFFFFFFFFFFFFFFFF5E
:1012A000FFFFFFFFFFFFFFFFFFFFFFFFFFFFFFFF4E
:1012B000FFFFFFFFFFFFFFFFFFFFFFFFFFFFFFFF3E
:1012C000FFFFFFFFFFFFFFFFFFFFFFFFFFFFFFFF2E
:1012D000FFFFFFFFFFFFFFFFFFFFFFFFFFFFFFFF1E
:1012E000FFFFFFFFFFFFFFFFFFFFFFFFFFFFFFFF0E
:1012F000FFFFFFFFFFFFFFFFFFFFFFFFFFFFFFFFFE
:10130000FFFFFFFFFFFFFFFFFFFFFFFFFFFFFFFFED
:10131000FFFFFFFFFFFFFFFFFFFFFFFFFFFFFFFFDD
:10132000FFFFFFFFFFFFFFFFFFFFFFFFFFFFFFFFCD
:10133000FFFFFFFFFFFFFFFFFFFFFFFFFFFFFFFFBD
:10134000FFFFFFFFFFFFFFFFFFFFFFFFFFFFFFFFAD
:10135000FFFFFFFFFFFFFFFFFFFFFFFFFFFFFFFF9D
:10136000FFFFFFFFFFFFFFFFFFFFFFFFFFFFFFFF8D
:10137000FFFFFFFFFFFFFFFFFFFFFFFFFFFFFFFF7D
:10138000FFFFFFFFFFFFFFFFFFFFFFFFFFFFFFFF6D
:10139000FFFFFFFFFFFFFFFFFFFFFFFFFFFFFFFF5D
:1013A000FFFFFFFFFFFFFFFFFFFFFFFFFFFFFFFF4D
:1013B000FFFFFFFFFFFFFFFFFFFFFFFFFFFFFFFF3D
:1013C000FFFFFFFFFFFFFFFFFFFFFFFFFFFFFFFF2D
:1013D000FFFFFFFFFFFFFFFFFFFFFFFFFFFFFFFF1D
:1013E000FFFFFFFFFFFFFFFFFFFFFFFFFFFFFFFF0D
:1013F000FFFFFFFFFFFFFFFFFFFFFFFFFFFFFFFFFD
:101400000D4B00221B6800B5013383B001920DD152
:101410004FF0200383F31188BFF36F8FBFF34F8F1B
:10142000019B002BFCD003B05DF804FB034BF621BD
:10143000034A044800F014FB64220020E80A00205C
:1014400054620060C03B0060034621F0010109487E
:1014500010B44FF0807443F80C0C43F8202CA3F127
:10146000440043E902146FF002015DF8044B43F8B5
:10147000241C70470114006008B502F025F902F041
:10148000DBF802F091F802F0D7F84FF0E0220023E9
:101490001361936183F31188064B1B68B3F57A7F60
:1014A00000D108BD044B40F2E711044A044800F0A3
:1014B000D7FA00BF64220020040B00209C62006069
:1014C000A83A00604FF0E0230022632003211A6154
:1014D0009A6158611961704709480068006880F393
:1014E0000888BFF36F8F4FF0000080F3148862B656
:1014F00061B6BFF34F8FBFF36F8F00DF00BF0000F7
:1015000008ED00E0DFF80C00016841F470010160B3
:101510007047000088ED00E04FF0E0234F4AD3F819
:10152000001D914230B583B06DD0D3F8002D4C4BE7
:101530009A426FD04B4B0022FF204B4901921A7800
:10154000D2B28DF8022018701B78DBB28DF8033010
:101550009DF8033003F020030B70002B61D09DF841
:1015600003309A0664D508E0019B013301939DF88E
:1015700003305B00DBB28DF803309DF803301B06AF
:10158000F2D4019B082B3CD0019BC3F107031B0243
:1015900003F4E0639DF802204FF0E0243149002578
:1015A000D2B2324803600A70D4F8203D43F47F037E
:1015B000C4F8203DD4F8203D43F07F43C4F8203DDB
:1015C000C4F81C5D00F03EFDD4F8083D284AD96AF5
:1015D000914234D1274A9B6B934237D1264B1D60F1
:1015E000FFF790FFD4F8343F43F04043C4F8343F52
:1015F000FFF772FF02F044F8FFF702FF284603B03E
:1016000030BD0023C6E71D4B40F239111C4A1D486E
:1016100000F026FA1C4B4FF49D71194A1B4800F04C
:101620001FFA1B4B40F25B11154A1A4800F018FADA
:10163000194B40F25F11124A184800F011FA184B8A
:1016400040F2B7110E4A174800F00AFA164B4FF451
:10165000DC710B4A154800F003FA00BF71C20F415C
:1016600070C20F4100E400E055AB002098A90020B3
:101670008D360000AD36000064220020200B0020D3
:1016800024630060983B0060600B0020703B0060AA
:10169000A00B0020483B0060B80B0020203B0060FE
:1016A000F00B0020F83A00601C0C0020D03A0060DB
:1016B00001F0B6BF0D2070470EB4F0B584B009A993
:1016C00051F8043B1A780091002A6DD0054606E0D7
:1016D00018781C46A8476278631C002A64D0252A23
:1016E000F6D158785C1C2528F4D02D2807D198789D
:1016F0009C1CA0F13003092B05D814F8010FA0F1B0
:101700003003092BF9D96C2808BF01342378002B4A
:101710004AD0583BDAB2202ADDD8202BDBD801A2F0
:1017200052F823F0B3170060D7160060D716006098
:10173000D7160060D7160060D7160060D716006075
:10174000D7160060D7160060D7160060D716006065
:10175000D9170060E5170060D7160060D716006043
:10176000D7160060D7160060D7160060D716006045
:10177000D7160060D7160060D7160060D716006035
:10178000D7160060D7160060D7160060D716006025
:101790004F180060D71600605F180060D716006011
:1017A000D7160060B317006004B0BDE8F04003B086
:1017B0007047009B08271A1D1E680092330FB6F170
:1017C000204F4FEA061603F1370038BF03F130000F
:1017D000A847013FF2D17EE7009B1A1D18780092BE
:1017E000A84778E7009B1E681A1D002E009202DAB7
:1017F0002D207642A8470023DFF8C8C0092E8DF8B7
:101800000F30ACFB06304FEAD00000EB8003A6EBB4
:10181000430303F130038DF80E3050DD0DF10E0659
:101820000A21ACFB003207460139D208092F02EB2E
:101830008203A0EB4303104603F1300306F8013D99
:10184000EFD801AB28461944FFF736FF43E7009B6A
:1018500028461A1D19680092FFF72EFF3BE7009BF0
:101860000021DFF860C01A6804338DF80F10009370
:10187000092AACFB02304FEAD00000EB8003A2EB58
:10188000430303F130038DF80E3018D90DF10E0625
:101890000A21ACFB003207460139D208092F02EBBE
:1018A0008203A0EB4303104603F1300306F8013D29
:1018B000EFD801AB28461944FFF7FEFE0BE70A21DB
:1018C000BFE700BFCDCCCCCCF0B585B00023064639
:1018D0000D4603AA194600920F2201F0E1FE3046A0
:1018E000039C01F0BDFE2A6807461B4924F0010451
:1018F0001A48FFF7E1FE1A4B23F00103A34224D05C
:101900001CB32B6803B1023C224616491348164CFF
:10191000FFF7D2FE3A4615491048FFF7CDFE226880
:101920003AB92B680133202B2B6012D0002005B070
:10193000F0BD03AB039230460E22009300231946FC
:1019400001F072FE00232360EBE709490348FFF72B
:10195000B3FE0520EBE700BF403D0060B11600601C
:10196000011400601C3D006040A70020103D006095
:10197000283D006010B530B1044601F041FE01463B
:10198000204601F065FE034801F06EFEBDE8104000
:1019900001F092BE5C1F002008B501F08DFE6420AE
:1019A000BDE8084000F0C8BA4FF0E0214FF6FF0C48
:1019B0000002064BD1F80C2D00F4E06002EA0C02A4
:1019C00010430343C1F80C3D704700BF0000FA0507
:1019D00080B5064601F000FEFFF76CFE01210746C8
:1019E00001F0F2FD1A4800F08BFE26B94FF4FA60C0
:1019F00000F0A2FAFAE7174C362F4FF0000504EB7F
:101A0000071411D94FF49670013500F095FA4FF490
:101A1000967000F091FAAE42F4D14FF4FA600025CE
:101A200000F08AFA362FEDD823684FF49670E268FA
:101A30000135C3F8842000F07FFA2368E2684FF490
:101A40009670C3F8882000F077FAAE42ECD1E4E754
:101A50000024F400705A0060022008B5FFF7B8FFB8
:101A60001D4616460B4600B583B04FF0200282F3A8
:101A70001188BFF36F8FBFF34F8F134C024613498A
:101A8000102081F8710020461149FFF715FE3246FB
:101A900010492046FFF710FE2A460F492046FFF75F
:101AA0000BFE0E492046FFF707FEFFF775FF0023E8
:101AB00001A90B48019301F09BFD20460949FFF75E
:101AC000FBFD0120FFF784FFB116006000E400E099
:101AD000F83C0060F03C0060E83C0060D43C0060F2
:101AE000C9180060D03C0060002008B5FFF770FF07
:101AF00030B58FB007A800F051FA05A800F082FABF
:101B00000B980D9BDDE90914DDE90725890A521BB5
:101B1000A50A0391840A0C999B0A920A880A0D4926
:101B2000CDE901450C4D00902846FFF7C5FD28463C
:101B30000A49DDE90543A20AE41A9B0AA40A0094B3
:101B4000FFF7BAFD06492846FFF7B6FDFFF724FF69
:101B50000FB030BD603C0060B1160060283C0060F2
:101B6000243C006000B585B001F04EFD01282CD06A
:101B7000184803684BB3EFF305835BB91A4619465F
:101B80000068009301F088FD012005B05DF804EBCA
:101B900001F016BD002303A900681A460393CDE99E
:101BA0000031194601F008FD039B4BB14FF0E023D3
:101BB0004FF08052C3F8042DBFF34F8FBFF36F8FE8
:101BC000BFF34F8F05B05DF804FB05B05DF804EB83
:101BD00000F046B9FCA0002008B58C460868084B08
:101BE00049681A4603C3BCF808C006480649A3F86A
:101BF00000C0FFF761FDFFF7CFFE0320FFF7E8FE0F
:101C0000E0A10020B11600600C3C0060044B10B451
:101C100003608023034C0C605DF8044B1360704735
:101C200004A1002040540020054B10B403604FF481
:101C3000C073044C0C605DF8044B1360704700BF28
:101C4000ECA100204056002070B50F4D044601F075
:101C5000A7FC0E4A00230E4E01F092FC2B68C3181D
:101C6000686840EB0101A8680244B242A260C4E97E
:101C7000003107DD0133074841F100011044C4E998
:101C80000031A060002070BD3054002040420F00A1
:101C90003F420F00C0BDF0FF00F000B808B54FF0A4
:101CA000E0214FF47F00174B0022C1F8200D83F88C
:101CB0007120BFF34F8FBFF36F8F1349042001F0E2
:101CC00093FC124B0246124904201A6001F08CFC6E
:101CD0001049042001F088FC0F49012001F084FC28
:101CE0000E49042001F080FC0D49012001F07CFC2C
:101CF0000C49012001F078FC0B490120BDE80840A7
:101D000001F072BC00E400E0E45D00204C5E0020C5
:101D1000D4A400209CA3002034A300206CA40020A5
:101D20003CA5002004A40020CCA2002038B5054624
:101D3000682001F071FC04460120214601F054FCAA
:101D40002C6038BD10B5044601F05EFC012800D1BE
:101D500010BD20464FF0FF31BDE8104001F070BCCF
:101D600010B5044601F050FC012801D1002010BD3F
:101D700020460021BDE8104001F062BC10B50446C9
:101D800001F042FC012800D110BD002320461A4674
:101D90001946BDE8104001F077BC00BF10B50446FD
:101DA00001F052FC2046BDE8104001F019BC00BF14
:101DB00038B50546682001F02FFC04460420214672
:101DC00001F012FC2C6038BD10B5044601F01CFC7B
:101DD000012800D110BD20464FF0FF31BDE8104072
:101DE00001F0E6BB10B5044601F00EFC012801D15C
:101DF000002010BD20460021BDE8104001F0D8BBF6
:101E000010B5044601F000FC012800D110BD2046A9
:101E1000BDE8104001F04CBC10B5044601F014FCC4
:101E20002046BDE8104001F0DBBB00BF00B58BB021
:101E3000684601F011FC08980BB05DF804FB00BF88
:101E4000714611F0040F03D0EFF3098000F042B99E
:101E5000EFF3088000F03EB9042008B5FFF7B8FDA5
:101E60002DE9F8432D4B1E7886B1DFF8C48098F831
:101E700000305BB90123F10788F8003040D4B20785
:101E800025D4002388F80030730701D4BDE8F88317
:101E9000234B1A68002AF9D0EFF30582002AF5D106
:101EA000EFF3108572B61868002830D01D4C2178E9
:101EB00069BB0122227042691A6062B3916105B95F
:101EC00062B600258368457798472570DEE7DFF81E
:101ED000649099F80030002BD3D0134F002557F8A9
:101EE000044F236820461B69984710B163699B68BB
:101EF0009847013599F80020EBB29A42EFD8C0E735
:101F000001F0BAFB0028BAD0AFF30080B7E7002D8C
:101F1000BCD162B6BAE7054B1A60D0E75AAB0020D5
:101F2000CCA000204AAB0020D8A00020D8A00020E0
:101F30004CAB00204BAB0020164A4FF4FA7138B579
:101F4000126805460023002001F01AFB124B092DF0
:101F5000A3FB05234FEAD30C0CEB8C04A5EB440444
:101F600000FB04F40CD900EB8000420008D00021F3
:101F7000002300BF01339342FBD101316145F7D308
:101F800024B1002300BF01339C42FBD1BFF36F8F0C
:101F900038BD00BFE8A80020CDCCCCCC1249134BF3
:101FA000F0B50D688BB0124E04465D1B03F1604323
:101FB0006846F703A5F5005503EBC63601F04CFB68
:101FC000089B0C492B440C4A0798521AA3610B49F1
:101FD0000B4BE06020465B1A2660C4E90175C4E93A
:101FE00004230BB0F0BD00BFA82100200000072093
:101FF00002000000C026002080AB0020000000206E
:10200000C026002010B4054C4FF40021044A121BD6
:102010005DF8044BC0E90012704700BF80302020FB
:102020007CFC27200449054A0978054B09059B1AC1
:10203000CB1AC0E9001370474EAB002000000070BF
:102040000000007038B572B60021194D4FF0E02243
:10205000184C2B4605F52F7011619161164953F804
:10206000042F8A4208BF1C608342F8D113481449E8
:10207000144A154B28600020E962C5E90E23FFF7DA
:1020800093FC124B8021124A03F8011B9342FBD1AF
:10209000BFF34F8FBFF36F8F4FF0E0236321032215
:1020A00059611A6101F0B4FABDE8384001F070BA24
:1020B00000240020411E0060752D006000000720F4
:1020C0008D360000AD3600008D37000000E400E0E2
:1020D000A0E400E02DE9F041044692B005460E462A
:1020E000EFF30587DFF8F8824FF0E0238269C8F844
:1020F0008470C8F89820D3F8282DC8F88820D3F821
:102100002C2DC8F88C20D3F8342DC8F89020D3F8A3
:10211000383DC8F89430C369C8F89C3000F032FDEF
:1021200088ED280A01F0A4FA0B23C8F8A4004FF0A8
:10213000FF31A94AA948DFF838E3C8F880301368AE
:102140004FF0200C0432594041F30003BCF1010C64
:1021500003EA000383EA5101F6D17245EFD1A04BA7
:10216000C3F8A810BFF34F8F4FF0E0288033C8F8B2
:10217000703F2033C8F8703FBFF34F8FBFF36F8FAE
:102180009849C7F308029848FFF796FA2A469749F4
:102190009548FFF791FA324695499348FFF78CFA34
:1021A000944922689048FFF787FA934962688E48FD
:1021B000FFF782FA9149A2688B48FFF77DFA9049B0
:1021C000E2688948FFF778FA8E4922698648FFF766
:1021D00073FA8D4962698448FFF76EFA8B49A269E8
:1021E0008148FFF769FA8A49E2697F48FFF764FA94
:1021F000D8F8286D87497C483246FFF75DFA002EF3
:1022000038D0F30700F1B880B70700F13381300709
:1022100000F1DD80F10600F15A81B20600F15C8127
:10222000330600F1B080F70500F1B480B00500F18D
:102230002681710500F12D81320500F14381F304FF
:1022400000F15481B70400F13381300400F1A9801A
:10225000F10300F1AD80B20300F11681730300F1C8
:102260001D81370300F12981F00100F13A81B101AC
:1022700000F119814FF0E02367495B48D3F82C6DDA
:102280003246FFF719FA2EB1B20700F196807300BB
:1022900000F198804FF0E02660495348D6F8302D81
:1022A000FFF70AFAD6F83C2D5D494F48FFF704FACC
:1022B000D6F8382D5B494C48FFF7FEF9D6F8342D97
:1022C00059494948FFF7F8F901F09EF901283BD137
:1022D000564920354448FFF7EFF94422002101A870
:1022E00001F0F6F96368E16801AA0393A368206925
:1022F000049323680591029361694D4B0E90A06988
:1023000019600023694610904A4800930F9501F028
:102310008FF949493448FFF7CFF9FFF73DFB474BA9
:10232000A361BFF34F8FBFF36F8F4FF0200383F391
:102330001188BFF36F8FBFF34F8F414B102283F88B
:10234000712012B0BDE8F081284601F0B9F90646C7
:10235000002001F021F93B4902462348FFF7ACF980
:1023600046B1304601F018F9024637491E48FFF7DA
:10237000A3F9ADE7354AF8E735491B48FFF79CF963
:1023800033067FF550AF33491748FFF795F9F70546
:102390007FF54CAF14483049FFF78EF930047FF5D4
:1023A00057AF2E491048FFF787F9F1037FF553AF78
:1023B0002B490D48FFF780F95CE72A490A48FFF7E7
:1023C0007BF967E728490848FFF776F962E727496C
:1023D0000548FFF771F923E780FF27202083B8ED38
:1023E00000FF2720585A0060B1160060405A006074
:1023F000285A0060105A0060F8590060E0590060E7
:10240000C8590060B0590060985900608059006058
:102410006859006050590060805500601455006094
:10242000FC540060E4540060CC54006078540060B8
:1024300040A70020C918006074540060591E006055
:1024400000E400E0B0540060945400608C540060DC
:1024500020590060345800600C580060A456006099
:102460007C560060505500602C550060C8580060D4
:10247000A8FF272020492148FFF71EF9D0E6204970
:102480001E48FFF719F9E0E61E491C48FFF714F94A
:10249000F0E61D491948FFF70FF9D6E61B49174822
:1024A000FFF70AF9E6E61A491448FFF705F9E1E6ED
:1024B00018491248FFF700F9C7E617490F48FFF718
:1024C000FBF8D7E615490D48FFF7F6F8BDE61449C5
:1024D0000A48FFF7F1F8A3E612490848FFF7ECF8BD
:1024E0009EE611490548FFF7E7F8C3E60F490348A0
:1024F000FFF7E2F8A9E600BFF8580060B1160060E7
:10250000D857006044560060905700601056006035
:1025100098550060D0560060EC5500604857006048
:102520009858006064580060BC5500600C5700600B
:102530002DE9F04F95B0002800F090800468054622
:10254000002C00F0928022464B494C48FFF7B4F82B
:102550002A684B494948FFF7AFF82A6C4949474870
:10256000FFF7AAF82A6D48494448FFF7A5F8236AFF
:10257000464903F010034148002B0BBF7023302362
:102580006C222C220BBF802640264FF0840A4FF08D
:10259000440A0BBF4FF07C0B4FF03C0B74273427E1
:1025A0000BBF4FF068084FF028084FF064094FF058
:1025B00024090CBF7825382501930092FFF77CF899
:1025C0002168009A019B54F802E054F803C004EB20
:1025D0000A0354F8099054F80880E75954F80B009E
:1025E00008916168226A0991A168CDF810900A915A
:1025F000E168CDF814800B912169CDF818E00C91B9
:102600006169CDF81CC00D91A1690E91E169109727
:102610000F91002112901193139142F3001102F0D7
:1026200010020391A159890501D50433119312B900
:10263000119B4833119364590023154803AA02A93A
:1026400002930460134800F0F3FF13490B48FFF7AF
:1026500033F8FFF7A1F915B0BDE8F08F0F4B40F24A
:102660003D210F4A0F48FFF7FBF90F4B4FF4107154
:102670000B4A0C48FFF7F4F960540060B116006093
:102680004854006038540060205400600C540060CE
:1026900040A70020C9180060085400604C0C0020BE
:1026A0005C0C0020F81200208C0C0020104BA020A5
:1026B000104AD96E41F4403110B4D96640F2376403
:1026C000D96E41F44071D96654649064936C1B06D2
:1026D000FCD4094A40F23761A02351649364936C9F
:1026E00013F08003FBD1054A13705DF8044B70476B
:1026F00000C00F4000400C4000800C404DAB00205B
:10270000844BF0B55A699D69A3F5F823DC68824BC8
:10271000984210D9814B984216D98149C31AB3FB0C
:10272000F1F319214B4340F2276103F2E2438B425C
:1027300028BF0B460AE07B4E40F2B63340F27E41A2
:10274000B04288BF0B4601E040F2E243714EA3F570
:102750004873D6F8801041F0C001C6F880101921E6
:10276000B3FBF1F304F01F01994207D224F01F04D8
:102770006D491C43CC600E68002EFCDA12F000712B
:102780002AD16A4E6A4F36693E40BE420ABF0321D3
:1027900001260026CF0682EAC16111F0605F04D0F5
:1027A00022F060525B493A434A61310385EA0636BA
:1027B00016F4405F04D142F0007256494A6108E0C5
:1027C00025F440552943534DA961A96C0907FCD450
:1027D000F1E78D6CAF06FCD40125564F2E4605FB64
:1027E00006F14143B9420DD8082E01D00136F6E773
:1027F000042D04D901F5B70101F5586109E001354F
:102800000126ECE701F5B7014B4801F5586181421B
:1028100005D8B94205D94948B1FBF0F102E06C2175
:1028200000E03621414F4548D7F800C0DFF82CE1E1
:1028300048430CEA0E0E41F0004CB0FBF6F04CF4AD
:10284000005CE645B0FBF5F008D1324F711ED7F8B9
:1028500010C00CF007068E420BD10EE04FF4805CE6
:1028600041F40051C7F800C0396039680029FCDA2A
:10287000EBE73961B96CCE03FCD4013DA90282EAD1
:10288000852515F4E05F09D001F4E05122F4E0520F
:102890000A4320494A618D6CAD07FCD42849294D73
:1028A0000144A94203D8284EB1FBF6F600E0042605
:1028B000751E290282EA052515F4407F154D05D0C5
:1028C00022F4407201F44071114369616A6922F097
:1028D00000726A610F4A916C8906FCD41B4A1C493C
:1028E00010604FF0FF32B0FBF6F60E601949B0FBF6
:1028F000F1F1B2FBF1F218490A6004F01F029342B1
:1029000007D224F01F04084A2343D3601368002B26
:10291000FCDAF0BD00C00F4000A4781F0046C323BE
:10292000003FAB0100366E010000084000800D4002
:1029300040300080FFB19F26FF7EF64D001BB700A0
:102940007FD1F0087F17B42C80D1F008581F0020E9
:10295000541F002040420F00E8A800207F30018073
:10296000284A0021012310B4C2F8A000C2F8A41024
:10297000C2F8B0305369D907FCD501234FF4803435
:1029800020495361C2F8A000C2F8A440C2F8B03098
:102990004B69DB07FCD501234FF40034194A4B6126
:1029A000C1F8A000C1F8A440C1F8B0305369DC07F9
:1029B000FCD50123144C13495361C2F8A000C2F89E
:1029C000A440C2F8B0304B69D807FCD5D1F800312B
:1029D00045F60D5021249AB24C61824210D045F642
:1029E0009D518A420AD1C3F34253032B08D01A1FC8
:1029F0005342534118015DF8044B70470020FAE739
:102A00000820F8E700402A4004000300704700BF98
:102A1000704700BF704700BF00BF7047002070477D
:102A20004FF0FF30704700BF4FF4005300204B6061
:102A3000704700BF012070474FF0FF30704700BF64
:102A400030BFFDE730BFFDE730BFFDE700F092B9D2
:102A5000404A03204049F3EE095AD2F880304FF043
:102A6000000C9FED3E6A23F001039FED3D5A30B408
:102A7000C2F88030C2F89000D1F8E010394DCBB2E6
:102A8000394C3A482B6007EE903A0B0DC1F30B21FD
:102A9000F8EEE77A06EE903A07EE101A344BB8EEED
:102AA000C77A2160F8EEE66A324937EEC66A37EE39
:102AB000C55A76EEC76A77EEE57A26EE266AC3ED4A
:102AC000006A25EE265AD2F8803067EEA64AC0ED9D
:102AD000007AC6EE275A284885EE276AC4EEA76A10
:102AE00075EE875AFCEEE55A36EE076A15EE904A07
:102AF000BCEEC66A43EA045376EE877AC2F88030A9
:102B000016EE103AD2F89041FCEEE77A01EA034162
:102B1000214317EE903AC2F89011C3F30B03D2F899
:102B200090110B431549C2F89031D2F8803043F030
:102B30000203C2F88030124B80F840C0C1F8403127
:102B4000BFF34E8F4FF0E023012230BCC3F80821C1
:102B5000704700BF00810D4000441F400000AA42A2
:102B60000000B442DCA80020D8A80020E0A8002083
:102B7000E4A800200000FF0F00E400E00024002093
:102B80004D2A0060124AD2F880305B07FBD5D2F89C
:102B900080301048C3F30B230F4990ED007A07EE05
:102BA000903A91ED006AB8EE477A0C4AF8EEE77A6F
:102BB0000B4BD2ED006A77EEC77A93ED007AB8EE50
:102BC000477A67EE867A87EEA60A37EE400A7047A4
:102BD00000810D40D8A80020E0A80020E4A8002033
:102BE000DCA80020034AD2F8803043F00203C2F888
:102BF0008030704700810D40034AD2F8803023F0C6
:102C00000203C2F88030704700810D40034AD2F8B9
:102C1000803043F00103C2F88030704700810D40DE
:102C2000324B40F6617210B5C3F8202140F20444E3
:102C300000F0CEFC2E4A2F49D2F880302E4843F0C7
:102C40000303C2F880302D4BC1F8604102681A427C
:102C500003D1D1F8A8319A071BD0264A4FF0004182
:102C6000254B5963D2F8403143F00203C2F840319A
:102C7000D2F840319B07FBD44FF400304FF0E021F5
:102C80001D4B4FF00042C1F88C0219209A6300F0EE
:102C900023FD194B00214FF08042164C0A209A6305
:102CA0004FF420721960164BC4F8A801184600F0C2
:102CB0000FFD4FF4800203464FF4810040F24311B0
:102CC0001860C4F858311A640E4B0F4AC4F8481102
:102CD000C3F80422BFF34E8F4FF0E0224FF40031CF
:102CE0000123C2F80C11C4F8403110BD00800D4022
:102CF00000C00F4000002E4000900D40001C1E0040
:102D000000000020002400204976000008B50E4B8A
:102D10001B6E9B0700D4FBBE72B60C4B00200C4A06
:102D2000C3F8400103F160430A49A3F55F2311642E
:102D30009D46BFF34F8F4FF400130748074ADB69E6
:102D400002609B68984700BF00441F4000002E406F
:102D500000C00A400300200000802020000012EB89
:102D6000824205D051F8043B40F8043B8242F9D836
:102D7000704700BF734672B6EFF30581514A5B0797
:102D8000C2F8841040F19780EFF309824FF0E023FE
:102D90004C4C4D4DD3F8280DD3F82C1DC4E922011D
:102DA000D3F8341DD3F8383DC4E924139369C4F82B
:102DB0009830D369C4F89C30FFF7E4FE84ED280A0C
:102DC00000F056FC0B23C4F8A4004FF0FF323F493B
:102DD0003F48C4F880302B68202404355A4042F321
:102DE0000003013C03EA010383EA5202F7D1854262
:102DF000F1D1344BC3F8A820BFF34F8F4FF0E0233D
:102E00003149344AC3F8701FC3F8702FBFF34F8F96
:102E1000BFF36F8F304A02253048D36E304943F4F8
:102E20004053D3660560D3692E4823F07F0343F0F7
:102E30004003D3610B68834240D8284D00214FF0F6
:102E4000E0234FF0FF3229600126C5F8081126491A
:102E5000C5F80011C5F80861C3F88021C3F88421C2
:102E6000C3F88821C3F88C21C3F8902101E000F059
:102E70001BFCD5F80C31002BF9D00134C5F80C61DE
:102E80004F2CF4D9194B022019494FF00042C1F8D8
:102E900040015A63D5F80C313BB9164816490F4A20
:102EA0000163D2F80C31002BFAD04FF0E023134A23
:102EB000C3F80C2DFEE7EFF3088267E7FFF720FC6D
:102EC000BBE700BF00FF272080FF27202083B8ED4D
:102ED000A8FF2720A0FF272000C00F400040084087
:102EE000581F0020803DCD0B009F240000900D4016
:102EF00000002E4000800F40F100AD0B0400FA05E9
:102F0000044A05494FF0000342F8043B9142FBD8C4
:102F1000704700BFC026002080AB002080B582B083
:102F2000BFF34F8FFFF772FDBA4CBB4B0820BB4974
:102F3000C3F85401BA4AC3F80011BA48C3F8F040C4
:102F4000B949FFF70DFFB94AB949BA48FFF708FF79
:102F5000B94ABA49BA48FFF703FFFFF7D1FFBFF3F9
:102F60004E8FB8484FF0E022B74B4FF4700400F595
:102F70002F71C2F8884D03600346B44A43F8042F0A
:102F80008B42FBD1B24B8021B24A03F8011B934222
:102F9000FBD1BFF34E8F4FF0E023C3F8080DBFF312
:102FA0004E8FD3F8242DAC4C42F4E022AB49C3F849
:102FB000242DE26922F07F0242F04002E261626A5F
:102FC00022F07F0242F0400262624FF0FF320024A2
:102FD0008A66CA660A674A671021C3F8944DC3F827
:102FE0009C1D9F499F4AC3F8A01D112142F0150264
:102FF000C3F89C1D9C49C3F8A01D1221C3F89C1D59
:103000009A49C3F8A01D9A49C3F89C1D9949C3F871
:10301000A01D9949C3F89C1D9849C3F8A01D984963
:10302000C3F89C2DC3F8A01D964A9749C3F89C2D60
:10303000C3F8A01D01F5A021944A0C31C3F89C2DC2
:10304000934AC3F8A01DC3F89C2D9249924AC3F835
:10305000A01DC3F89C2D9149914AC3F8A01DC3F847
:103060009C2D904AC3F8A02D00BF00BF00BF00BF39
:1030700000BF0122C3F8942DBFF34F8FBFF36F8FB2
:10308000C3F8504FBFF34F8FBFF36F8F8649D3F80C
:10309000142D816342F440328449C3F8142DC16376
:1030A000BFF34E8F63200321814A4FF4805758614C
:1030B0004FF400569C614FF440451961C3F8202D30
:1030C000D3F8FC0D7B4940F080707B4C524AC3F82A
:1030D000FC0D4FF480300B6843F001030B604B682C
:1030E00043F24201236013699C0700F1B6819C04FE
:1030F00040F1B781DC0440F1B681002BF3DA13F420
:10310000803440F0B2815B0640F1C4816B48FFF728
:10311000F7FA51486A4BC16E6A4A41F44051C166A0
:103120001C60C3F80841C3F81841C3F82841C3F82C
:103130003841936BD90708D442F61563624951654B
:103140001365936B43F0010393635E4C18225F4B4E
:10315000A0685F4D40F001105E4E5F49A0605F4C7B
:103160005F48C3F85C52C3F860020120C3F86452A0
:1031700048F20C75C3F86862C3F86C42C3F8704239
:10318000C3F87442C3F87842334CDA661A675A6758
:103190009A67DA67C3F88020C3F88420C3F88820D0
:1031A000C1F82C034F4AC1F83003C1F83403C1F809
:1031B0003803C1F83C03C1F85003A1694A4B0A40E7
:1031C0004A484B4913434B4AA361D4F8843043F037
:1031D0000C03C4F884304FF0FF34036843F002035B
:1031E000036003682B4021251A43434B026044606F
:1031F0008A68424C1340424A43F000538360C368DC
:1032000023F07803C360036A134023430362036A15
:10321000134077E00C0D111300800D401B10182097
:10322000F0C300000000000000640060C026002021
:10323000F02701600000002080FF2720B04E0160D1
:103240007CFC27200024002000000720752D006052
:1032500000E400E0A0E400E000C00F4000C00A402D
:103260003F00001000E006202500080709001000BC
:10327000130020002100020714000020250008137D
:10328000090000101600202027000B131700004033
:10329000180000602F000B071900007031000213A6
:1032A0001A0000803B000B1365650000D965000023
:1032B00000002020001000E0ECA800200046C323FE
:1032C0000040084000400D400000C05600801F40F4
:1032D000F9B00100F900010000841F40F9700100FD
:1032E000F9100100FFFCFF1F0003008000402A408E
:1032F00000802A401200FFFFFF37F70040000080E7
:1033000000FFF07C694A234340F205644362826215
:10331000C2620022D1F8B83023F03F0343F001032A
:10332000C0F8B830D1F8BC30614923F03F0343F016
:103330000103C0F8BC3002610567C0F880404567F2
:10334000C0F884400224036823F002030360816113
:10335000584B5949C46143F8042B8B42FBD1574D5C
:103360002B6843F001032B602C6814F00104FBD19F
:103370004F49022340F2F5622046A96140F299418B
:10338000EB6140F26643C5F8002242F20142C5F803
:1033900010324B4BC5F82012C5F8303240F235439D
:1033A000C5F834224749C5F84032474BC5F850129A
:1033B000464AC5F8543242F20123C5F86022C5F8E6
:1033C0006432FFF7CDFA0646002866D083024FF438
:1033D00080222B660123C5F8A040384CC5F8A420F4
:1033E000C5F8B0306369DA07FCD54FEA0658012703
:1033F000374D40466761FFF7B3FA06442E70002848
:1034000037D1BFF34F8FBFF36F8F32490024324A59
:1034100001232878521A009402EB00522F4800F042
:1034200037F92F4CFFF742F900F0AEF8FFF710FB29
:10343000FFF7EEFA2368132BFCD9FFF7F1FB2368A3
:10344000B3F5967FFBD3FFF7E7FAFEF725FC00F014
:1034500071F800F0D1F830BFFDE7956150619161DE
:1034600041E656613FE657613DE64FF48033936194
:1034700039E680024FF48023104A6066C4F8A080C9
:10348000C4F8A430C4F8B0705369DB07FCD501233D
:103490005361B6E74023536125E6104B0C4A186090
:1034A0001070D860C3E90100BBE700BFFF000F83C5
:1034B000F05AF05A00422A4000432A4000402A4075
:1034C0009F041830EB06180A063201263806180A3F
:1034D0004EAB0020000000700000007030A70020FC
:1034E000F0A800200B4B0C4A1A600C4A043B1A60EF
:1034F0004FF42A02083B1A60BFF34F8FBFF36F8F60
:10350000074B83F30888BFF34F8FBFF36F8FFFF72D
:1035100005FD00BF44C00A40AFAAAAAA07002000C8
:1035200000000720704700BF0D1D0000911D000026
:103530007531000070B50D4D00260D4C641BA410B4
:10354000A64209D10B4D00260B4CFFF7EBFF641B85
:10355000A410A64205D170BD55F8043B013698472A
:10356000EEE755F8043B01369847F2E7283500604E
:103570002835006028350060343500600000000008
:103580005FF800F0758600005FF800F0B17300008E
:103590005FF800F03D6400005FF800F0D9500000D3
:1035A0005FF800F0210000005FF800F0D963000030
:1035B0005FF800F0AD4100005FF800F02D5C000006
:1035C0005FF800F0795000005FF800F03171000002
:1035D0005FF800F0C97D00005FF800F0D54D0000F5
:1035E0005FF800F0F19600005FF800F04D3D00003C
:1035F0005FF800F0899300005FF800F0A1850000FB
:103600005FF800F041A600005FF800F035560000BA
:103610005FF800F0213800005FF800F0E19600004C
:103620005FF800F0718400005FF800F0CB8C0000C0
:103630005FF800F0158D00005FF800F0F54B00001A
:103640005FF800F0054000005FF800F075430000EF
:103650005FF800F09D8400005FF800F045980000DE
:103660005FF800F0899600005FF800F05D6E0000E2
:103670005FF800F0A57400005FF800F0C983000057
:103680005FF800F0595100005FF800F0A13B000026
:103690005FF800F0FD8500005FF800F05D5A000063
:1036A0005FF800F0838C00005FF800F049760000BE
:1036B0005FF800F0F93D00005FF800F005850000BC
:1036C0005FF800F0955E00005FF800F0095100001F
:1036D0005FF800F001A400005FF800F00D7000003A
:1036E0006C69625C6672656572746F732D74656572
:1036F0006E73795C7372635C6576656E745F677216
:103700006F7570732E6300006C69625C667265652C
:1037100072746F732D7465656E73795C7372635C1C
:103720006576656E745F67726F7570732E630000E7
:103730006C69625C6672656572746F732D74656521
:103740006E73795C7372635C6576656E745F6772C5
:103750006F7570732E6300006C69625C66726565DC
:1037600072746F732D7465656E73795C7372635CCC
:103770006576656E745F67726F7570732E63000097
:103780006C69625C6672656572746F732D746565D1
:103790006E73795C7372635C6576656E745F677275
:1037A0006F7570732E6300006C69625C667265658C
:1037B00072746F732D7465656E73795C7372635C7C
:1037C0006576656E745F67726F7570732E63000047
:1037D0006C69625C6672656572746F732D74656581
:1037E0006E73795C7372635C6576656E745F677225
:1037F0006F7570732E6300006C69625C667265653C
:1038000072746F732D7465656E73795C7372635C2B
:103810006576656E745F67726F7570732E630000F6
:103820006C69625C6672656572746F732D74656530
:103830006E73795C7372635C6576656E745F6772D4
:103840006F7570732E6300006C69625C66726565EB
:1038500072746F732D7465656E73795C7372635CDB
:103860006576656E745F67726F7570732E630000A6
:103870006C69625C6672656572746F732D746565E0
:103880006E73795C7372635C6576656E745F677284
:103890006F7570732E6300006C69625C667265659B
:1038A00072746F732D7465656E73795C7372635C8B
:1038B0006576656E745F67726F7570732E63000056
:1038C0006C69625C6672656572746F732D74656590
:1038D0006E73795C7372635C6576656E745F677234
:1038E0006F7570732E6300006C69625C667265654B
:1038F00072746F732D7465656E73795C7372635C3B
:103900006576656E745F67726F7570732E63000005
:103910006C69625C6672656572746F732D7465653F
:103920006E73795C7372635C6576656E745F6772E3
:103930006F7570732E6300006C69625C66726565FA
:1039400072746F732D7465656E73795C7372635CEA
:103950006576656E745F67726F7570732E630000B5
:103960006C69625C6672656572746F732D746565EF
:103970006E73795C7372635C6576656E745F677293
:103980006F7570732E6300006C69625C66726565AA
:1039900072746F732D7465656E73795C7372635C9A
:1039A0006C6973742E6300006C69625C6672656595
:1039B00072746F732D7465656E73795C7372635C7A
:1039C0006C6973742E6300006C69625C6672656575
:1039D00072746F732D7465656E73795C7372635C5A
:1039E0006C6973742E6300006C69625C6672656555
:1039F00072746F732D7465656E73795C7372635C3A
:103A00006C6973742E6300006C69625C6672656534
:103A100072746F732D7465656E73795C7372635C19
:103A2000706F727461626C655C706F72742E63008B
:103A30006C69625C6672656572746F732D7465651E
:103A40006E73795C7372635C706F727461626C65C3
:103A50005C706F72742E63006C69625C667265657F
:103A600072746F732D7465656E73795C7372635CC9
:103A7000706F727461626C655C706F72742E63003B
:103A80006C69625C6672656572746F732D746565CE
:103A90006E73795C7372635C706F727461626C6573
:103AA0005C706F72742E63006C69625C667265652F
:103AB00072746F732D7465656E73795C7372635C79
:103AC000706F727461626C655C706F72742E6300EB
:103AD0006C69625C6672656572746F732D7465657E
:103AE0006E73795C7372635C706F727461626C6523
:103AF0005C706F72742E63006C69625C66726565DF
:103B000072746F732D7465656E73795C7372635C28
:103B1000706F727461626C655C706F72742E63009A
:103B20006C69625C6672656572746F732D7465652D
:103B30006E73795C7372635C706F727461626C65D2
:103B40005C706F72742E63006C69625C667265658E
:103B500072746F732D7465656E73795C7372635CD8
:103B6000706F727461626C655C706F72742E63004A
:103B70006C69625C6672656572746F732D746565DD
:103B80006E73795C7372635C706F727461626C6582
:103B90005C706F72742E63006C69625C667265653E
:103BA00072746F732D7465656E73795C7372635C88
:103BB000706F727461626C655C706F72742E6300FA
:103BC0006C69625C6672656572746F732D7465658D
:103BD0006E73795C7372635C706F727461626C6532
:103BE0005C706F72742E63005F7362726B5F722819
:103BF0002564293A206E6F206D656D2061766169BC
:103C00006C61626C652E0D0A000000005354414344
:103C10004B204F564552464C4F573A2025730D0ABC
:103C2000000000000D0A000052414D322073697AF5
:103C3000653A202575204B422C206672656520521E
:103C4000414D323A202575204B422C207573656416
:103C50002052414D323A202575204B420D0A00007A
:103C600052414D312073697A653A202575204B42C7
:103C70002C20667265652052414D313A2025752011
:103C80004B422C206461746120757365643A202571
:103C900075204B422C2062737320757365643A2043
:103CA0002575204B422C2075736564206865617012
:103CB0003A202575204B422C2073797374656D2052
:103CC000667265653A202575204B420D0A0000009A
:103CD0000D0A00000D0A537461636B2074726163F6
:103CE000653A0D0A0000000025730D0A000000006F
:103CF000257328293A2000000D0A41535345525498
:103D000020696E205B25733A25755D09000000006F
:103D1000205B3078253034785D0D0A003A09307820
:103D200025303478000000003A095B5461736B2041
:103D3000656E74727920706F696E745D0D0A000093
:103D400009232564000000006C69625C6672656589
:103D500072746F732D7465656E73795C7372635CD6
:103D600071756575652E63006C69625C6672656568
:103D700072746F732D7465656E73795C7372635CB6
:103D800071756575652E63006C69625C6672656548
:103D900072746F732D7465656E73795C7372635C96
:103DA00071756575652E63006C69625C6672656528
:103DB00072746F732D7465656E73795C7372635C76
:103DC00071756575652E63006C69625C6672656508
:103DD00072746F732D7465656E73795C7372635C56
:103DE00071756575652E63006C69625C66726565E8
:103DF00072746F732D7465656E73795C7372635C36
:103E000071756575652E63006C69625C66726565C7
:103E100072746F732D7465656E73795C7372635C15
:103E200071756575652E63006C69625C66726565A7
:103E300072746F732D7465656E73795C7372635CF5
:103E400071756575652E63006C69625C6672656587
:103E500072746F732D7465656E73795C7372635CD5
:103E600071756575652E63006C69625C6672656567
:103E700072746F732D7465656E73795C7372635CB5
:103E800071756575652E63006C69625C6672656547
:103E900072746F732D7465656E73795C7372635C95
:103EA00071756575652E63006C69625C6672656527
:103EB00072746F732D7465656E73795C7372635C75
:103EC00071756575652E63006C69625C6672656507
:103ED00072746F732D7465656E73795C7372635C55
:103EE00071756575652E63006C69625C66726565E7
:103EF00072746F732D7465656E73795C7372635C35
:103F000071756575652E63006C69625C66726565C6
:103F100072746F732D7465656E73795C7372635C14
:103F200071756575652E63006C69625C66726565A6
:103F300072746F732D7465656E73795C7372635CF4
:103F400071756575652E63006C69625C6672656586
:103F500072746F732D7465656E73795C7372635CD4
:103F600071756575652E63006C69625C6672656566
:103F700072746F732D7465656E73795C7372635CB4
:103F800071756575652E63006C69625C6672656546
:103F900072746F732D7465656E73795C7372635C94
:103FA00071756575652E63006C69625C6672656526
:103FB00072746F732D7465656E73795C7372635C74
:103FC00071756575652E63006C69625C6672656506
:103FD00072746F732D7465656E73795C7372635C54
:103FE00071756575652E63006C69625C66726565E6
:103FF00072746F732D7465656E73795C7372635C34
:1040000071756575652E63006C69625C66726565C5
:1040100072746F732D7465656E73795C7372635C13
:1040200071756575652E63006C69625C66726565A5
:1040300072746F732D7465656E73795C7372635CF3
:1040400071756575652E63006C69625C6672656585
:1040500072746F732D7465656E73795C7372635CD3
:1040600071756575652E63006C69625C6672656565
:1040700072746F732D7465656E73795C7372635CB3
:1040800071756575652E63006C69625C6672656545
:1040900072746F732D7465656E73795C7372635C93
:1040A00071756575652E63006C69625C6672656525
:1040B00072746F732D7465656E73795C7372635C73
:1040C00071756575652E63006C69625C6672656505
:1040D00072746F732D7465656E73795C7372635C53
:1040E00071756575652E63006C69625C66726565E5
:1040F00072746F732D7465656E73795C7372635C33
:1041000071756575652E63006C69625C66726565C4
:1041100072746F732D7465656E73795C7372635C12
:1041200071756575652E63006C69625C66726565A4
:1041300072746F732D7465656E73795C7372635CF2
:1041400071756575652E63006C69625C6672656584
:1041500072746F732D7465656E73795C7372635CD2
:1041600071756575652E63006C69625C6672656564
:1041700072746F732D7465656E73795C7372635CB2
:1041800071756575652E63006C69625C6672656544
:1041900072746F732D7465656E73795C7372635C92
:1041A00071756575652E63006C69625C6672656524
:1041B00072746F732D7465656E73795C7372635C72
:1041C00071756575652E63006C69625C6672656504
:1041D00072746F732D7465656E73795C7372635C52
:1041E00071756575652E63006C69625C66726565E4
:1041F00072746F732D7465656E73795C7372635C32
:1042000071756575652E63006C69625C66726565C3
:1042100072746F732D7465656E73795C7372635C11
:1042200071756575652E63006C69625C66726565A3
:1042300072746F732D7465656E73795C7372635CF1
:1042400071756575652E63006C69625C6672656583
:1042500072746F732D7465656E73795C7372635CD1
:1042600071756575652E63006C69625C6672656563
:1042700072746F732D7465656E73795C7372635CB1
:1042800071756575652E63006C69625C6672656543
:1042900072746F732D7465656E73795C7372635C91
:1042A00071756575652E63006C69625C6672656523
:1042B00072746F732D7465656E73795C7372635C71
:1042C00071756575652E63006C69625C6672656503
:1042D00072746F732D7465656E73795C7372635C51
:1042E00071756575652E63006C69625C66726565E3
:1042F00072746F732D7465656E73795C7372635C31
:104300007461736B732E63006C69625C66726565C1
:1043100072746F732D7465656E73795C7372635C10
:104320007461736B732E63006C69625C66726565A1
:1043300072746F732D7465656E73795C7372635CF0
:104340007461736B732E63006C69625C6672656581
:1043500072746F732D7465656E73795C7372635CD0
:104360007461736B732E63006C69625C6672656561
:1043700072746F732D7465656E73795C7372635CB0
:104380007461736B732E63006C69625C6672656541
:1043900072746F732D7465656E73795C7372635C90
:1043A0007461736B732E63006C69625C6672656521
:1043B00072746F732D7465656E73795C7372635C70
:1043C0007461736B732E63006C69625C6672656501
:1043D00072746F732D7465656E73795C7372635C50
:1043E0007461736B732E63006C69625C66726565E1
:1043F00072746F732D7465656E73795C7372635C30
:104400007461736B732E63006C69625C66726565C0
:1044100072746F732D7465656E73795C7372635C0F
:104420007461736B732E63006C69625C66726565A0
:1044300072746F732D7465656E73795C7372635CEF
:104440007461736B732E63006C69625C6672656580
:1044500072746F732D7465656E73795C7372635CCF
:104460007461736B732E63006C69625C6672656560
:1044700072746F732D7465656E73795C7372635CAF
:104480007461736B732E63006C69625C6672656540
:1044900072746F732D7465656E73795C7372635C8F
:1044A0007461736B732E63006C69625C6672656520
:1044B00072746F732D7465656E73795C7372635C6F
:1044C0007461736B732E63006C69625C6672656500
:1044D00072746F732D7465656E73795C7372635C4F
:1044E0007461736B732E63006C69625C66726565E0
:1044F00072746F732D7465656E73795C7372635C2F
:104500007461736B732E63006C69625C66726565BF
:1045100072746F732D7465656E73795C7372635C0E
:104520007461736B732E63006C69625C667265659F
:1045300072746F732D7465656E73795C7372635CEE
:104540007461736B732E63006C69625C667265657F
:1045500072746F732D7465656E73795C7372635CCE
:104560007461736B732E63006C69625C667265655F
:1045700072746F732D7465656E73795C7372635CAE
:104580007461736B732E63006C69625C667265653F
:1045900072746F732D7465656E73795C7372635C8E
:1045A0007461736B732E63006C69625C667265651F
:1045B00072746F732D7465656E73795C7372635C6E
:1045C0007461736B732E63006C69625C66726565FF
:1045D00072746F732D7465656E73795C7372635C4E
:1045E0007461736B732E63006C69625C66726565DF
:1045F00072746F732D7465656E73795C7372635C2E
:104600007461736B732E63006C69625C66726565BE
:1046100072746F732D7465656E73795C7372635C0D
:104620007461736B732E63006C69625C667265659E
:1046300072746F732D7465656E73795C7372635CED
:104640007461736B732E63006C69625C667265657E
:1046500072746F732D7465656E73795C7372635CCD
:104660007461736B732E63006C69625C667265655E
:1046700072746F732D7465656E73795C7372635CAD
:104680007461736B732E63006C69625C667265653E
:1046900072746F732D7465656E73795C7372635C8D
:1046A0007461736B732E63006C69625C667265651E
:1046B00072746F732D7465656E73795C7372635C6D
:1046C0007461736B732E63006C69625C66726565FE
:1046D00072746F732D7465656E73795C7372635C4D
:1046E0007461736B732E63006C69625C66726565DE
:1046F00072746F732D7465656E73795C7372635C2D
:104700007461736B732E63006C69625C66726565BD
:1047100072746F732D7465656E73795C7372635C0C
:104720007461736B732E63006C69625C667265659D
:1047300072746F732D7465656E73795C7372635CEC
:104740007461736B732E63006C69625C667265657D
:1047500072746F732D7465656E73795C7372635CCC
:104760007461736B732E63006C69625C667265655D
:1047700072746F732D7465656E73795C7372635CAC
:104780007461736B732E63006C69625C667265653D
:1047900072746F732D7465656E73795C7372635C8C
:1047A0007461736B732E63006C69625C667265651D
:1047B00072746F732D7465656E73795C7372635C6C
:1047C0007461736B732E63006C69625C66726565FD
:1047D00072746F732D7465656E73795C7372635C4C
:1047E0007461736B732E63006C69625C66726565DD
:1047F00072746F732D7465656E73795C7372635C2C
:104800007461736B732E63006C69625C66726565BC
:1048100072746F732D7465656E73795C7372635C0B
:104820007461736B732E63006C69625C667265659C
:1048300072746F732D7465656E73795C7372635CEB
:104840007461736B732E63006C69625C667265657C
:1048500072746F732D7465656E73795C7372635CCB
:104860007461736B732E63006C69625C667265655C
:1048700072746F732D7465656E73795C7372635CAB
:104880007461736B732E63006C69625C667265653C
:1048900072746F732D7465656E73795C7372635C8B
:1048A0007461736B732E63006C69625C667265651C
:1048B00072746F732D7465656E73795C7372635C6B
:1048C0007461736B732E63006C69625C66726565FC
:1048D00072746F732D7465656E73795C7372635C4B
:1048E0007461736B732E63006C69625C66726565DC
:1048F00072746F732D7465656E73795C7372635C2B
:104900007461736B732E63006C69625C66726565BB
:1049100072746F732D7465656E73795C7372635C0A
:104920007461736B732E63006C69625C667265659B
:1049300072746F732D7465656E73795C7372635CEA
:104940007461736B732E63006C69625C667265657B
:1049500072746F732D7465656E73795C7372635CCA
:104960007461736B732E63006C69625C667265655B
:1049700072746F732D7465656E73795C7372635CAA
:104980007461736B732E63006C69625C667265653B
:1049900072746F732D7465656E73795C7372635C8A
:1049A0007461736B732E63006C69625C667265651B
:1049B00072746F732D7465656E73795C7372635C6A
:1049C0007461736B732E63006C69625C66726565FB
:1049D00072746F732D7465656E73795C7372635C4A
:1049E0007461736B732E63006C69625C66726565DB
:1049F00072746F732D7465656E73795C7372635C2A
:104A00007461736B732E63006C69625C66726565BA
:104A100072746F732D7465656E73795C7372635C09
:104A20007461736B732E63006C69625C667265659A
:104A300072746F732D7465656E73795C7372635CE9
:104A40007461736B732E63006C69625C667265657A
:104A500072746F732D7465656E73795C7372635CC9
:104A60007461736B732E63006C69625C667265655A
:104A700072746F732D7465656E73795C7372635CA9
:104A80007461736B732E63006C69625C667265653A
:104A900072746F732D7465656E73795C7372635C89
:104AA0007461736B732E63006C69625C667265651A
:104AB00072746F732D7465656E73795C7372635C69
:104AC0007461736B732E63006C69625C66726565FA
:104AD00072746F732D7465656E73795C7372635C49
:104AE0007461736B732E63006C69625C66726565DA
:104AF00072746F732D7465656E73795C7372635C29
:104B00007461736B732E63006C69625C66726565B9
:104B100072746F732D7465656E73795C7372635C08
:104B20007461736B732E63006C69625C6672656599
:104B300072746F732D7465656E73795C7372635CE8
:104B40007461736B732E63006C69625C6672656579
:104B500072746F732D7465656E73795C7372635CC8
:104B60007461736B732E63006C69625C6672656559
:104B700072746F732D7465656E73795C7372635CA8
:104B80007461736B732E63006C69625C6672656539
:104B900072746F732D7465656E73795C7372635C88
:104BA0007461736B732E63006C69625C6672656519
:104BB00072746F732D7465656E73795C7372635C68
:104BC0007461736B732E63006C69625C66726565F9
:104BD00072746F732D7465656E73795C7372635C48
:104BE0007461736B732E63006C69625C66726565D9
:104BF00072746F732D7465656E73795C7372635C28
:104C00007461736B732E63006C69625C66726565B8
:104C100072746F732D7465656E73795C7372635C07
:104C20007461736B732E63006C69625C6672656598
:104C300072746F732D7465656E73795C7372635CE7
:104C40007461736B732E63006C69625C6672656578
:104C500072746F732D7465656E73795C7372635CC7
:104C60007461736B732E63006C69625C6672656558
:104C700072746F732D7465656E73795C7372635CA7
:104C80007461736B732E63006C69625C6672656538
:104C900072746F732D7465656E73795C7372635C87
:104CA0007461736B732E63006C69625C6672656518
:104CB00072746F732D7465656E73795C7372635C67
:104CC0007461736B732E63006C69625C66726565F8
:104CD00072746F732D7465656E73795C7372635C47
:104CE0007461736B732E63006C69625C66726565D8
:104CF00072746F732D7465656E73795C7372635C27
:104D00007461736B732E63006C69625C66726565B7
:104D100072746F732D7465656E73795C7372635C06
:104D20007461736B732E63006C69625C6672656597
:104D300072746F732D7465656E73795C7372635CE6
:104D40007461736B732E63006C69625C6672656577
:104D500072746F732D7465656E73795C7372635CC6
:104D60007461736B732E63006C69625C6672656557
:104D700072746F732D7465656E73795C7372635CA6
:104D80007461736B732E63006C69625C6672656537
:104D900072746F732D7465656E73795C7372635C86
:104DA0007461736B732E63006C69625C6672656517
:104DB00072746F732D7465656E73795C7372635C66
:104DC0007461736B732E63006C69625C66726565F7
:104DD00072746F732D7465656E73795C7372635C46
:104DE0007461736B732E63006C69625C66726565D7
:104DF00072746F732D7465656E73795C7372635C26
:104E00007461736B732E63006C69625C66726565B6
:104E100072746F732D7465656E73795C7372635C05
:104E20007461736B732E63006C69625C6672656596
:104E300072746F732D7465656E73795C7372635CE5
:104E40007461736B732E63006C69625C6672656576
:104E500072746F732D7465656E73795C7372635CC5
:104E60007461736B732E63006C69625C6672656556
:104E700072746F732D7465656E73795C7372635CA5
:104E80007461736B732E63006C69625C6672656536
:104E900072746F732D7465656E73795C7372635C85
:104EA0007461736B732E63006C69625C6672656516
:104EB00072746F732D7465656E73795C7372635C65
:104EC0007461736B732E63006C69625C66726565F6
:104ED00072746F732D7465656E73795C7372635C45
:104EE0007461736B732E63006C69625C66726565D6
:104EF00072746F732D7465656E73795C7372635C25
:104F00007461736B732E63006C69625C66726565B5
:104F100072746F732D7465656E73795C7372635C04
:104F20007461736B732E63006C69625C6672656595
:104F300072746F732D7465656E73795C7372635CE4
:104F40007461736B732E63006C69625C6672656575
:104F500072746F732D7465656E73795C7372635CC4
:104F60007461736B732E63006C69625C6672656555
:104F700072746F732D7465656E73795C7372635CA4
:104F80007461736B732E63006C69625C6672656535
:104F900072746F732D7465656E73795C7372635C84
:104FA0007461736B732E63006C69625C6672656515
:104FB00072746F732D7465656E73795C7372635C64
:104FC0007461736B732E63006C69625C66726565F5
:104FD00072746F732D7465656E73795C7372635C44
:104FE0007461736B732E63006C69625C66726565D5
:104FF00072746F732D7465656E73795C7372635C24
:105000007461736B732E63006C69625C66726565B4
:1050100072746F732D7465656E73795C7372635C03
:105020007461736B732E63006C69625C6672656594
:1050300072746F732D7465656E73795C7372635CE3
:105040007461736B732E63006C69625C6672656574
:1050500072746F732D7465656E73795C7372635CC3
:105060007461736B732E63006C69625C6672656554
:1050700072746F732D7465656E73795C7372635CA3
:105080007461736B732E63006C69625C6672656534
:1050900072746F732D7465656E73795C7372635C83
:1050A0007461736B732E63006C69625C6672656514
:1050B00072746F732D7465656E73795C7372635C63
:1050C0007461736B732E63006C69625C66726565F4
:1050D00072746F732D7465656E73795C7372635C43
:1050E0007461736B732E63006C69625C66726565D4
:1050F00072746F732D7465656E73795C7372635C23
:105100007461736B732E63006C69625C66726565B3
:1051100072746F732D7465656E73795C7372635C02
:105120007461736B732E63006C69625C6672656593
:1051300072746F732D7465656E73795C7372635CE2
:105140007461736B732E63006C69625C6672656573
:1051500072746F732D7465656E73795C7372635CC2
:105160007461736B732E63006C69625C6672656553
:1051700072746F732D7465656E73795C7372635CA2
:1051800074696D6572732E63000000006C69625C67
:105190006672656572746F732D7465656E73795C84
:1051A0007372635C74696D6572732E630000000036
:1051B0006C69625C6672656572746F732D74656587
:1051C0006E73795C7372635C74696D6572732E6360
:1051D000000000006C69625C6672656572746F73D2
:1051E0002D7465656E73795C7372635C74696D654B
:1051F00072732E63000000006C69625C6672656504
:1052000072746F732D7465656E73795C7372635C11
:1052100074696D6572732E63000000006C69625CD6
:105220006672656572746F732D7465656E73795CF3
:105230007372635C74696D6572732E6300000000A5
:105240006C69625C6672656572746F732D746565F6
:105250006E73795C7372635C74696D6572732E63CF
:10526000000000006C69625C6672656572746F7341
:105270002D7465656E73795C7372635C74696D65BA
:1052800072732E63000000006C69625C6672656573
:1052900072746F732D7465656E73795C7372635C81
:1052A00074696D6572732E63000000006C69625C46
:1052B0006672656572746F732D7465656E73795C63
:1052C0007372635C74696D6572732E630000000015
:1052D0006C69625C6672656572746F732D74656566
:1052E0006E73795C7372635C74696D6572732E633F
:1052F000000000006C69625C6672656572746F73B1
:105300002D7465656E73795C7372635C74696D6529
:1053100072732E63000000006C69625C66726565E2
:1053200072746F732D7465656E73795C7372635CF0
:1053300074696D6572732E63000000006C69625CB5
:105340006672656572746F732D7465656E73795CD2
:105350007372635C74696D6572732E630000000084
:105360006C69625C6672656572746F732D746565D5
:105370006E73795C7372635C74696D6572732E63AE
:10538000000000006C69625C6672656572746F7320
:105390002D7465656E73795C7372635C74696D6599
:1053A00072732E63000000006C69625C6672656552
:1053B00072746F732D7465656E73795C7372635C60
:1053C00074696D6572732E63000000006C69625C25
:1053D0006672656572746F732D7465656E73795C42
:1053E0007372635C74696D6572732E6300000000F4
:1053F0004556454E540000006576656E745F740036
:105400005949454C440000000A0000000D0A53743D
:1054100061636B2074726163653A0D0A00000000DD
:10542000097078456E644F66537461636B3D3078E4
:1054300025780D0A00000000097078537461636BD1
:105440003D307825780D0A00097078546F704F66EA
:10545000537461636B3D307825780D0A00000000BD
:1054600009737461636B5F617267733D307825788F
:105470000D0A00000A0000000D0A537461636B20DE
:1054800074726163653A0D0A00000000756E6B6E00
:105490006F776E00416374697665207461736B2069
:1054A00028737461636B293A2025730D0A0000008C
:1054B0000A416374697665207461736B20285443D4
:1054C00042293A2025730D0A00000000205F4D4D4F
:1054D00041523A20202020202020307825780D0AC3
:1054E00000000000205F424641523A202020202048
:1054F0002020307825780D0A00000000205F41460A
:1055000053523A20202020202020307825780D0A80
:1055100000000000205F444653523A202020202003
:105520002020307825780D0A000000002020284631
:105530004F5243454429202020202020466F72638B
:1055400065642048617264204661756C740D0A00C0
:105550002020285645435454424C29202020202006
:10556000427573204661756C74206F6E20566563BA
:10557000205461626C6520526561640D0A00000070
:10558000205F484653523A202020202020203078A7
:1055900025780D0A00000000202028444956425971
:1055A0005A45524F2920202044697669646520625B
:1055B00079207A65726F0D0A0000000020202855BE
:1055C0004E414C49474E454429202020556E616C80
:1055D00069676E65642061636365737320557361E9
:1055E00067654661756C740D0A0000002020284E26
:1055F0004F43502920202020202020204E6F204380
:105600006F70726F636573736F720D0A0000000034
:10561000202028494E565043292020202020202099
:105620005573616765206661756C743A20696E76A2
:10563000616C6964204558435F52455455524E0D84
:105640000A000000202028494E5653544154452951
:1056500020202020496E737472756374696F6E2008
:105660006D616B657320696C6C6567616C20757327
:1056700065206F6620455053520D0A0020202855A2
:105680004E444546494E535452292020556E646578
:1056900066696E656420696E737472756374696F90
:1056A0006E0D0A002020284246415256414C494482
:1056B00029202020427573204661756C7420416456
:1056C00064726573732056616C69640D0A00000092
:1056D0002020284C535045525229202020202020A1
:1056E000427573204661756C74206F6E20465020A1
:1056F0006C617A792073746174652070726573656A
:1057000072766174696F6E0D0A00000020202853C4
:10571000544B4552522920202020202042757320CE
:105720004661756C74206F6E20737461636B696E73
:105730006720666F7220657863657074696F6E208C
:10574000656E7472790D0A00202028554E53544B13
:105750004552522920202020427573204661756CE5
:1057600074206F6E20756E737461636B696E672051
:10577000666F7220612072657475726E2066726F3A
:105780006D20657863657074696F6E0D0A000000A6
:10579000202028494D505245434953455252292013
:1057A0004461746120627573206572726F72206249
:1057B00075742061646472657373206E6F742072F7
:1057C000656C6174656420746F20696E73747275A2
:1057D0006374696F6E0D0A002020285052454349BA
:1057E0005345525229202020446174612062757310
:1057F000206572726F722028616464726573732011
:10580000696E2042464152290D0A00002020284995
:10581000425553455252292020202020496E73744E
:1058200072756374696F6E20427573204572726F72
:10583000720D0A002020284D4D415256414C4944DA
:10584000292020204D656D4D616E6765204661758C
:105850006C7420416464726573732056616C696472
:105860000D0A00002020284D4C535045525229204B
:10587000202020204D656D4D616E67652046617565
:105880006C74206F6E204650204C617A79205374DE
:105890006174650D0A0000002020284D53544B45CB
:1058A00052522920202020204D656D4D616E676584
:1058B000204661756C74206F6E20737461636B6930
:1058C0006E670D0A000000002020284D554E5354ED
:1058D0004B455252292020204D656D4D616E676504
:1058E000204661756C74206F6E20556E7374616311
:1058F0006B696E670D0A000020202844414343561F
:10590000494F4C2920202020446174612041636369
:105910006573732056696F6C6174696F6E0D0A0050
:105920002020284941434356494F4C29202020201C
:10593000496E737472756374696F6E204163636539
:1059400073732056696F6C6174696F6E0D0A000085
:10595000205F434653523A202020202020203078D8
:1059600025780D0A0000000020737461636B656484
:105970005F7073723A20307825780D0A00000000BD
:1059800020737461636B65645F70633A20203078C4
:1059900025780D0A0000000020737461636B656454
:1059A0005F6C723A2020307825780D0A00000000E4
:1059B00020737461636B65645F7231323A203078B2
:1059C00025780D0A0000000020737461636B656424
:1059D0005F72333A2020307825780D0A00000000ED
:1059E00020737461636B65645F72323A2020307893
:1059F00025780D0A0000000020737461636B6564F4
:105A00005F72313A2020307825780D0A00000000BE
:105A100020737461636B65645F72303A2020307864
:105A200025780D0A00000000206C723A202020200A
:105A3000202020202020307825780D0A000000004A
:105A40002073703A20202020202020202020307831
:105A500025780D0A000000004661756C74204952DB
:105A6000513A20202020307825780D0A00000000CF
:105A700000000042C8801F40B8821F40080000009C
:105A800000000042C4801F40B4821F400400000098
:105A900000C0004224801F4014821F4010000000FC
:105AA00000C0004228801F4018821F4020000000D4
:105AB00000C000422C801F401C821F40400000009C
:105AC00000C0004234801F4024821F4000010000BB
:105AD0000040004264811F4054831F4000040000C6
:105AE0000040004280811F4070831F400000020080
:105AF000004000427C811F406C831F400000010079
:105B00000040004268811F4058831F400008000089
:105B1000004000423C811F402C831F4001000000D8
:105B20000040004244811F4034831F4004000000B5
:105B30000040004240811F4030831F4002000000AF
:105B40000040004248811F4038831F400800000089
:105B50000000004204811F40F4821F400000040046
:105B60000000004208811F40F8821F40000008002A
:105B70000000004218811F4008831F400000800081
:105B80000000004214811F4004831F4000004000B9
:105B90000000004200811F40F0821F400000020010
:105BA00000000042FC801F40EC821F40000001000A
:105BB0000000004224811F4014831F4000000004A5
:105BC0000000004228811F4018831F400000000889
:105BD000000000421C811F400C831F400000000198
:105BE0000000004220811F4010831F40000000027F
:105BF00000000042EC801F40DC821F4000100000CB
:105C000000000042F0801F40E0821F4000200000A2
:105C10000000004234811F4024831F4000000040E8
:105C20000000004238811F4028831F400000008090
:105C30000080004294801F4084821F4000000400C6
:105C400000C0004290801F4080821F400000008002
:105C500000800042A8801F4098821F400000800002
:105C600000800042A4801F4094821F40000040003A
:105C7000004000426C811F405C831F400010000008
:105C800000C0004230801F4020821F408000000082
:105C900000400042B0811F40A0831F400000002050
:105CA00000400042AC811F409C831F400000001058
:105CB0000040004284811F4074831F4000000400A4
:105CC0000040004288811F4078831F400000080088
:105CD000000000422C811F401C831F400000001068
:105CE0000000004230811F4020831F400000002040
:105CF000000000420C811F40FC821F400000100089
:105D00000000004210811F4000831F40000020005F
:105D100000800042C8811F40B8831F4000800000FF
:105D200000800042C4811F40B4831F400040000037
:105D300000800042C0811F40B0831F40002000004F
:105D400000800042BC811F40AC831F400010000057
:105D500000800042D0811F40C0831F40000002002D
:105D600000800042CC811F40BC831F400000010026
:105D700000C0004274801F4064821F400000000188
:105D800000C0004280801F4070821F400000000859
:105D900000C0004284801F4074821F400000001039
:105DA00000C000426C801F405C821F400000400029
:105DB00000C000427C801F406C821F400000000435
:105DC00000C0004278801F4068821F40000000022F
:105DD00000C0004288801F4078821F4000000020E1
:105DE00000010000FC21002012000000000600005D
:105DF000605F00600A00000000020000FC5E0060BE
:105E00006200000000070000985E00606200000071
:105E1000EE0300003822002012000000000004EE13
:105E2000102200202800000000030000945E0060A3
:105E300000000000010309047C5E00600000000017
:105E400002030904645E006000000000030309040B
:105E50004C220020000000000000000000000000B4
:105E600000000000160355005300420020005300BC
:105E700065007200690061006C00000018035400A6
:105E8000650065006E0073007900640075006900AC
:105E90006E006F000403090409026200030100C0E0
:105EA00032080B0002020201000904000001020294
:105EB000010005240010010524010101042402064B
:105EC00005240600010705820310001009040100E3
:105ED000020A0000000705030240000007058402D3
:105EE0004000000904020002FF6AFF00070581026A
:105EF00040000107050102400001000009026200A4
:105F0000030100C032080B00020202010009040074
:105F10000001020201000524001001052401010115
:105F2000042402060524060001070582031000056B
:105F300009040100020A0000000705030200020034
:105F4000070584020002000904020002FF6AC7007C
:105F5000070581020002010705010200020100009D
:0C5F60000A060002EF02014001000000F0
:105F6C00764C697374496E736572740076506F72F7
:105F7C007456616C6964617465496E74657272758E
:105F8C0070745072696F726974790000764C697321
:105F9C0074496E73657274456E64000076506F724E
:105FAC007445786974437269746963616C000000AC
:105FBC007851756575655265636569766500000095
:105FCC00785461736B5072696F7269747944697338
:105FDC00696E6865726974007854696D657247659D
:105FEC007454696D65724461656D6F6E5461736B49
:105FFC0048616E646C650000785461736B50726913
:10600C006F72697479496E6865726974000000007A
:10601C0075785461736B476574537461636B48692D
:10602C00676857617465724D61726B007854696D65
:10603C00657247656E65726963436F6D6D616E6401
:10604C0046726F6D5461736B00000000785175657A
:10605C00756547656E6572696353656E6400000013
:10606C00707276496E697469616C6973654E657797
:10607C0054696D65720000007851756575655461E1
:10608C006B654D7574657852656375727369766569
:10609C0000000000785461736B436865636B466F56
:1060AC007254696D654F7574000000007851756508
:1060BC007565476976654D7574657852656375725B
:1060CC00736976650000000070727650726F6365BC
:1060DC0073735265636569766564436F6D6D616E4C
:1060EC006473000078517565756547656E657269F6
:1060FC006343726561746500765461736B52656DB0
:10610C006F766546726F6D556E6F726465726564FD
:10611C004576656E744C6973740000007854617335
:10612C006B52656D6F766546726F6D4576656E74F4
:10613C004C697374000000007854696D6572437289
:10614C006561746554696D65725461736B00000010
:10615C00784576656E7447726F75705365744269D5
:10616C007473000076506F7274456E74657243726E
:10617C0069746963616C0000765175657565446579
:10618C006C65746500000000785175657565476530
:10619C006E65726963437265617465537461746989
:1061AC0063000000765461736B506C6163654F6ED5
:1061BC004576656E744C6973745265737472696359
:1061CC007465640078517565756547656E657269AF
:1061DC006352657365740000765461736B506C6127
:1061EC0063654F6E4576656E744C69737400000080
:1061FC00765461736B537769746368436F6E74651F
:10620C0078740000785461736B496E6372656D65C8
:10621C006E745469636B0000785461736B476574DA
:10622C0049646C655461736B48616E646C65000005
:10623C00784576656E7447726F7570436C656172E4
:10624C0042697473000000007072765461736B4580
:10625C007869744572726F7200000000706354614B
:10626C00736B4765744E616D650000007854617303
:10627C006B526573756D65416C6C0000765461737F
:10628C006B53746172745363686564756C657200EA
:10629C0076506F7274456E645363686564756C6593
:1062AC0072000000765461736B44656C6179000078
:1062BC0070727641646443757272656E7454617366
:1062CC006B546F44656C617965644C697374000040
:1062DC00785461736B44656C6179556E74696C00AC
:1062EC0070727644656C657465544342000000001E
:1062FC00765461736B44656C65746500707276419D
:10630C0064644E65775461736B546F526561647944
:10631C004C6973740000000078506F727453746190
:10632C0072745363686564756C657200785461733C
:10633C006B47656E657269634E6F746966794672F8
:10634C006F6D495352000000707276496E69746922
:10635C00616C6973654E65775461736B0000000066
:10636C0070727643726561746553746174696354B9
:10637C0061736B00785461736B47656E657269630A
:10638C004E6F746966790000785461736B47656E63
:10639C00657269634E6F7469667957616974000040
:1063AC007851756575655065656B0000785175653C
:1063BC00756553656D6170686F726554616B6500CE
:1063CC00765461736B5072696F7269747944697336
:1063DC00696E6865726974416674657254696D653D
:0463EC006F75740055
:10640000000000000000000000000000000000008C
:10641000000000000000000000000000000000007C
:10642000F0B40D4A4FF0010C0C4F0D4E0D4D52E8DB
:10643000003F39683468686842E800C3002BF6D131
:10644000094D001B4FF47A722C68A4FB0040F0BC8D
:10645000E1FB020319467047F4A80020F0A80020D1
:10646000ECA80020001000E0E8A8002009480A4934
:106470000A4A0B4B126810B40468486800211B6874
:10648000001B5DF8044BA3FB00304FF47A73E2FB72
:1064900003017047ECA80020001000E0F0A80020E5
:1064A000E8A800202DE9F0434E4D83B04E4C40F259
:1064B000EE284E4FDFF888912E680CF051F92378C2
:1064C000002B00F081803B78DB077DD52B68D9F865
:1064D00000209B1A0E2B77D90A20052506F066FFAF
:1064E000012003F0ADFE424B024601201A6003F08A
:1064F000A7FE404B04460022182108201C6003F030
:106500001BFD3D4B044600220C2101201C6003F0C2
:1065100013FD3A4B3A4C186003F090F9394BA4F153
:106520001C06186000F050FD00234FF4006236494D
:106530003648CDE90054042504F030FD00234FF423
:10654000006233493348CDE90056A4F1180603250B
:10655000203C04F023FD00234FF400622E492F4815
:10656000CDE90056022504F10C0604F017FD0023C6
:106570004FF400622A492B48CDE9005404F00EFD87
:1065800000234FF4006228492848CDE9005604F161
:10659000100604F003FD1C3400234FF4006224496C
:1065A0002448CDE90056012504F0F8FC00234FF4FF
:1065B000006221492148CDE9005404F0EFFC03B00A
:1065C000BDE8F04304F0A8BD2B6822789B1B2AB1DC
:1065D000B3F5FA6F80D80CF0C3F86EE74345FAD9EB
:1065E0007AE700BFF0A8002057AB002056AB002090
:1065F00014A7002010A700209CA8002098A8002025
:10660000E45C002018A70020700A0020DD290000AB
:10661000740A0020F1270000780A0020611F0000A2
:10662000800A0020B51D0000880A0020C108000073
:106630008C0A002055300000940A0020C526000076
:10664000ACA90020704700BF00207047034B1868BA
:1066500010B103681B681847704700BF5CA000209A
:106660002DE9F04100F5005090B0554C9646554B41
:106670000094C0F810191B6A5348C3F3012304683F
:10668000403304F080746B4413F8406C4F4B03FBB1
:1066900006F60368B6FBF1F2B6FBF2F543F0A04351
:1066A0004D1B03600368DF01FCD5052A4FF0000C89
:1066B00022D96046831C0130B2FBF3F7192F07FB88
:1066C00003F3F7D84FF00108B6FBF3F3CB1A002B16
:1066D000B8BF5B42AB426DDB18BF4FF00008A7F1BB
:1066E0000C03062B02D8B8F1000F66D1052FE1D8B4
:1066F0000CF10103B2FBF3F2053A142A4DD8B5F5BB
:10670000967F4ADC02EB4202314F6E46DFF8B880DA
:1067100002F14003BEF1020F0DEB03050FCF0FC6D0
:106720000FCF0FC60FCF0FC697E80F0007C626F88A
:10673000023B4FEA1343337015F83F3C15F83E2CEB
:106740004FEAC34315F8401C4FEA024203F46013BA
:1067500001F0070102F4E02243EA020343EA0103E5
:1067600043F4800343EA0C6343F48043C8F80430E5
:10677000D8F8043014BF23F0080343F00803C8F826
:1067800004303CB9104A136823F080531360136837
:10679000DB01FCD410B0BDE8F081002CFAD10A4A2C
:1067A000136823F0805313601368D901FCD410B030
:1067B000BDE8F08184461D4691E784467AE700BF34
:1067C0003C18500000C00F4000801D4040420F00A8
:1067D00070030020406808B503681B6998470038BB
:1067E00018BF012008BD00BF00207047002070477F
:1067F0000820704710490B68486B0A68496B02F023
:106800007F02C1F3036101320431B2EB410F10D3B7
:1068100003F07F03C0F30360053B0130A3EB4003AB
:10682000DBB2054A106800F07F000130C01AC0B228
:1068300070470023F5E700BF00801D40632970B555
:106840000446154611D001F51C6100EB81014B682F
:106850000BB11046984704F50054D4F804381BB126
:106860002846BDE87040184770BD00F50054D4F8C4
:106870000437002BF1D010469847EEE75F4A2DE928
:10688000F84314680546136804F0807443F0A0438D
:1068900013601368D801FCD511680023584821F013
:1068A00000519C46554E11605362564993621368DD
:1068B0006246CA600CF1010C8A604A6041F8102BF4
:1068C00040F8042B336803F07F0301336345F0D8AD
:1068D000B2643261F26A336BF26233633368002D63
:1068E00047D1DFF81C814FF00069464F434E1BE053
:1068F000336803F07F030133B5EB930F2CBF4FF0E8
:106900008C634FF080633B60736BC3F300439B0762
:10691000C8F8003033680135103708F1040803F077
:106920007F030133AB4219D9336803F07F0301338E
:10693000B5EB530FDCD3C7F8009033689A0004D549
:10694000FFF758FFEBB28342E4D31F2D2B4A41D807
:106950000123916AAB400B439362DBE73CB9274AC2
:10696000136823F0805313601368DB01FCD4BDE887
:10697000F88343F000533360356815F000553AD082
:10698000FFF738FF3368054603F07F030133834286
:10699000E4D9DFF870804FF00067184E0BE0FFF786
:1069A00029FFEBB298420CD93368013503F07F031D
:1069B0000133AB42D2D92B0143F8087033689900F8
:1069C000EDD401231F2D03FA05F30CD8B26A13434B
:1069D000B362E9E7094AA5F1200101238B40516A1E
:1069E0000B43536296E7A5F120010123726A8B40A5
:1069F00013437362D8E73368CBE700BF00801D40C4
:106A000080881D4080801D401F281B4A10B423D859
:106A10000123146B834023431363184B4FF000642E
:106A20000A7A0344C87912051B011C60E8B10868A2
:106A300042F4C00220F060405860C8685DF8044B22
:106A400000BA9860086900BAD860C97A42EA01427F
:106A500042F040621A607047A0F1200C0123D46A12
:106A600003FA0CF32343D362D7E70C68044800EA27
:106A700084405860E1E700BF00801D4008D8010451
:106A80000000FC1F2DE9F04300F500578DB00446CF
:106A900097F8003713B9012387F80037238B9BB28F
:106AA000002B57D1D7F80C2904F580566E4B02F015
:106AB0001F0103EB521301229B008A401A60B6F8B3
:106AC0001E3B9BB283B3B6F81A3B1A2206ADEC46C6
:106AD00003F00F03AE4602FB034341F6323203EBF1
:106AE00002089858D8F80410D8F80820D8F80C30C4
:106AF0000FC5D8F81000D8F8141003C5BEE80F0071
:106B0000ACE80F009EE803008CE803009DF9140038
:106B1000431C51D0554B03441B011B6803F07063A9
:106B2000B3F1006F00F08580D7F80C29504B02F0CC
:106B30001F0103EB521301229B008A4000211A60BF
:106B4000208BB6F81E3B80B29BB243EA00300DB0FA
:106B5000BDE8F083A68A1A23B4F814C006ADF6B2D5
:106B60000CF1010C03FB0646CCF3080CD6F81C0113
:106B7000D6F82011D6F82831D6F824210FC5D6F83A
:106B80002C01D6F83011A4F814C0238B9BB203C596
:106B90001BB1238B013B9BB2238306AD6E460FCD09
:106BA0000FC695E803006A4686E8030020469DF874
:106BB0001410FFF743FE75E72E4D286810F00050C3
:106BC0004FD0FFF717FE2B6803F07F030133984285
:106BD000AAD20130DFF8A090DFF89880C5B208E0B3
:106BE000D8F800306A1C03F07F030133AB4215462E
:106BF0009AD92B0153F8093003F07063B3F1006F99
:106C0000EED1681E6946C0B2FFF7FEFEB6F81A3B29
:106C1000013303F01F03A6F81A3BB6F81E3B9BB2E4
:106C2000002BDDD0B6F81E3B013B9BB2A6F81E3B05
:106C3000D6E76946C0B2FFF7E7FEB6F81A3B013364
:106C400003F01F03A6F81A3BB6F81E3B9BB2002BBD
:106C50003FF46AAFB6F81E3B013B9BB2A6F81E3B61
:106C600062E72B68B5E700BF6038003808D8010438
:106C70004038003800801D4070801D4070B50E4EB9
:106C800005460C464FF0FF31306803F0BBFB00B9FE
:106C900070BD2A460A21094802F068FD22460B21F0
:106CA000064802F063FD002330681A461946BDE825
:106CB000704003F075B900BFC0A0002058640020E8
:106CC0002DE9F04FDFF868B195B0DFF868A104F066
:106CD000FDFB514E039006F0EFFB504B80464FF00A
:106CE000FF31186803F08EFB002840F08A804C4F7B
:106CF00004AC0DF1500917F8015B304629462570A8
:106D000002F058FD034600286CD1637029463046D6
:106D1000203402F04FFD03462946304604F81E3C5D
:106D200002F056FD03462946304644F81C3C02F06A
:106D30005DFD294604ED060A304602F04FFD294666
:106D400004ED050A304602F069FD294604ED040A07
:106D5000304602F06BFD294604ED030A304602F08E
:106D60004DFD294604ED020A304602F04FFD4C4528
:106D700004ED010ABFD106F09FFB4FF0FF3104463E
:106D8000DBF8000003F03EFB10B3A4EB08030DF1A9
:106D9000100C244C0CAF07EE903ABCE80F000FC467
:106DA0009CE80F0004F11005F8EE677A84E80F0004
:106DB0000FCF0FC597E80F0085E80F0000231A4A90
:106DC0001946C2ED007ADBF800001A4603F0E8F835
:106DD000DAF80C30052103A80133CAF80C3004F0AE
:106DE000EFFA78E7114B294630461B68019302F011
:106DF000E9FC019B1B1AB3F5FA7F2CBF002301238A
:106E000083E7304602F092FC002304481A461946F4
:106E1000006803F0C5F86AE758640020C0A00020AD
:106E200074060020485C0020885C0020F0A8002048
:106E300014A70020E85C0020F0B55A4B83B05A49F3
:106E40000022019305460B6AC3F3012308336B4408
:106E500013F8043CC0E90122C0E90322002B00F032
:106E6000888005F5005550499A22504B1920C5F8E5
:106E70000C290027D1F884204D4E42F470724D4CFD
:106E8000C1F88420032241F2B00185F815294A4A4D
:106E9000C3F8A400C3F89412C6F88C73C3F8A80012
:106EA000C3F89812136823F000431360136843F08B
:106EB000A0431360414BC4F8A8321368DC01FCD531
:106EC00053683D4943F008035360136843F080431F
:106ED00013600B68D802FCD40B68374A43F0007388
:106EE0000B6013689901FCD4334C2368DA01FCD59C
:106EF0002368002043F400332360236843F4803385
:106F00002360236843F480532360236843F40053D1
:106F10002360236843F480032360236843F4002341
:106F20002360236823F408432360636B43F4E02366
:106F30006363236843F400132360236843F0806392
:106F40002360FFF79BFC23681B4A23F080532360D8
:106F50001368DB01FCD4D5F80C290121184B03EB95
:106F6000521302F01F029B0001FA02F21A6003B0F2
:106F7000F0BD0B6A134A23F47F73106843F48073E7
:106F80000B6200283FF46DAF0B4A05F5005503680E
:106F90005268D5F81019C2F3C0025B6852009847D6
:106FA00061E700BF3C18500000C00F4000801F4048
:106FB00000841F400024002000801D404D0200007E
:106FC000403800385CA000202DE9F0410120404C01
:106FD00003F036F93F4B02463F481A60FFF72CFF9B
:106FE00000223E493C48FFF73BFB236843F0A043A7
:106FF00023602368D901FCD500202568FFF73EFCFB
:10700000E26A236BE262AA002363236823F07F0312
:107010002360236843F01F03236054D42C4B1A6869
:1070200022F080521A601C6814F08074FBD1204654
:107030002B4DDFF89C800127274EFFF71FFC08E04F
:10704000FFF7D8FBE3B2984207D901341035082C7A
:1070500033D0D8F800309B00F2D4D8F8280007FAD3
:1070600004F200214FF08C6C20EA020004EB440390
:1070700001341035C8F8280006EBC30355F8100C8E
:1070800045F80C1C03F5045345F8081C45F8041C8E
:1070900045F810CCD8F80810D8F830100A43C8F8D2
:1070A000302055F8102C12F4C00F14BF012200221A
:1070B000082C4FEAC2621A60CBD108490948BDE8E2
:1070C000F04102F02DBB0120FFF7D8FBA6E700BF7F
:1070D00000801D40C0A00020182B002090D003008D
:1070E00080801D405864002000F58053D3F8003E96
:1070F000DB0068D5364B2DE9F0435C6B4FF0000E9A
:1071000041F60465C4F30364E40008340AE0DCF8E3
:107110000020520F052A33D00EF1010E5FFA8EF3D4
:107120009C4252D90EEB4E0300EBC30606F5F05C11
:10713000DCF80020520F012A0FD0DCF80020520F9B
:10714000022AE4D173598B42E6D841F60863F3581A
:107150008B42E1D30120BDE8F0835E000023DCF820
:107160000020C2F3C2129A4203F1010306EB0302AC
:10717000D2D902F5F06250F822208A42EFD1E9E735
:10718000DCF8002012F4607FC6D041F614675B0083
:107190003744012606E0DCF80020C2F3C2120132B7
:1071A000B242B9D99A19D7F80080013602F5F062D7
:1071B00008EA010850F82220D7F8009002EA0902F4
:1071C0009045E8D1C6E7012070470020BDE8F08374
:1071D00000801D402DE9F04F8C468DB00F460546CE
:1071E0006C46064600F110084FF00109DFF810A1C7
:1071F000BCE80F000FC49CE8030084E8030056F8C5
:10720000044F5CB19DF91420A36809FA02F11942F8
:1072100056D02368D3F800B0D3454CD1B045EED159
:1072200005F5005393F80037002B60D0EE8A4FF03D
:107230001A0C386806AC7968F6B2BA68FB680CFBC1
:1072400006560FC4002338697969182286F81A3166
:10725000EB8A0DEB0206DBB20CFB035303C483F88D
:107260001B21EC8AE4B20FCE0CFB0454C4F81C01C1
:10727000C4F82011C4F82421C4F8283103CEC4F87E
:107280002C01C4F83011EA8AAB8A92B29BB283F423
:1072900080739A4225D0EB8A0133C3F30803EB8253
:1072A0002B8B9BB2FF2B03D82B8B01339BB22B83F1
:1072B0000DB0BDE8F08F9DF8153069462046D847DF
:1072C000237C0F4A002BA9D02368D3F800B09DF887
:1072D00015309345A2D020464FF0FF326946D8477B
:1072E0009CE7AB8A0133C3F30803AB82D3E73A468A
:1072F000397D2846FFF7A2FA0DB0BDE8F08F00BF38
:107300004902000001EB410170B500EBC10505F534
:10731000045EDEF80030DB0045D5DEF800305B0FA0
:10732000012B0BD0DEF800305B0F022B3DD0DEF8D6
:1073300000305B0F052B15D0002070BD00234C00E2
:1073400005E00CF5046C50F82C1091422BD0DEF8BF
:107350000010C1F3C21C9C4503F1010304EB030CB4
:10736000EFD8E9E7DEF8003013F46073E4D042F2BE
:10737000141449004FF0010C2C4406E0DEF80030F4
:10738000C3F3C21301336345D6D901EB0C0325685F
:107390000CF1010C03F50463154050F82330266806
:1073A00033409D42EAD1012070BD42F20413EB58F4
:1073B0009342C1D842F20813E858904234BF0020EB
:1073C000012070BD00F5005393F80137002B00F049
:1073D000D380DFF854C22DE9F04F0D4689B0064640
:1073E0000F4602AC0FCD0FC495E8030084E80300FC
:1073F000DCF800309B0050D5DCF834300024C3F3B7
:10740000036A4FEACA0A0AF1080A0CE05B0F022B72
:107410002B6800F094805B0F052B00F0D5800134C1
:10742000E3B2534539D297F91430632B35D004EBCE
:10743000440806EBC80909F5F0552B68B3F1005F65
:10744000EDD32B685B0F012B2B68DFD1C3F3004317
:10745000FA799A42E3D12B6813F4607FDFD04FEAC8
:1074600048084FF000094FF0630B04E02B68C3F3AA
:10747000C2134B45D3D909F10109029A08EB09035C
:1074800003F5F06356F823309A42EFD102A9304653
:107490008DF81CB0FFF79EFEE8E70023624D8DF8E3
:1074A0000E302C6814F0005435D0FFF7A3F92B6888
:1074B000044603F07F030133984229D2DFF8688144
:1074C00097F91430A3421BD004EB440106EBC10230
:1074D00002F504552B68B3F1005F11D32B68F879DE
:1074E000C3F3C06398420BD12B685B0F012B2B6851
:1074F00043D05B0F022B10D02B685B0F052B5BD0AA
:10750000D8F80030013403F07F030133A342D7D809
:1075100009B0BDE8F08F2B68D0E742F20413D158D0
:10752000029B8B42ECD342F2081152589342E7D8A7
:1075300002A930468DF81C40FFF74CFEE0E7C3F38C
:107540000043FA799A427FF46AAF41F6046359F82E
:107550000320029B9342FFF462AF41F6086259F8A0
:10756000022093423FF65BAF632302A930468DF8B9
:107570001C30FFF72FFE52E7704713F4607FBFD037
:107580004FEA41094FF0000A04E02B68C3F3C2132D
:107590005345B5D90AF1010A029A09EB0A0303F52A
:1075A000046356F823309A42EFD102A930468DF891
:1075B0001C40FFF70FFEE8E7029AE1B23046FFF702
:1075C000A1FE00289CD0B3E72B6813F4607F3FF442
:1075D00026AF41F61465E3B24FF0010B4D44019321
:1075E0000AE009F5F0530BF1010B1B68C3F3C2135A
:1075F00001335B457FF613AF0BEB48032968029814
:1076000003F5F063014056F823302868034099429F
:10761000E7D1019B02A930468DF80E3063238DF827
:107620001C30FFF7D7FDDCE700801D402DE9F04F4F
:10763000954D9BB0954E08AC03900FCD0FC495E8C7
:10764000030084E80300D6F824A0B16AD6F82C9091
:10765000306B3368019113F40043029003D1326818
:10766000940000F11B81029B43F00103B9F1000F6C
:1076700000F00581B9FA89F3844DC3F140032C6809
:10768000DBB214F00054009300F06E82FFF7B2F802
:107690002B68044603F07F030133984280F0C380D7
:1076A000009B834240F2BF80039B04F60226DFF872
:1076B000DCB1A4F1200703F5005203EB8606049227
:1076C00018E0B1F1806F00F05D81B1F1006F00F062
:1076D000F081DBF8003001340137043603F07F031A
:1076E0000133A34240F29F800135009BEDB2AB42D3
:1076F00040F29980C4F12001019BA4F12002E5B27F
:107700000AFA01F0E34003432AFA02F00343D807E0
:10771000DFD5029B09FA01F129FA02F2E3400B439B
:107720001343D907D5D55A4B4FEA041803EB04127B
:1077300058F8033003F0306003F07061B0F1007F5F
:10774000BFD1506803F4001C20F06040BCF1000F72
:1077500012BF4FF0010E4FF0000E800CB1F1C06F60
:107760008DF827E0089002D101218DF82910ADF89D
:107770002430C3F303438DF83440BCF1000F8DF87F
:107780002B30049B93F815398DF8353093688DF8BC
:107790002F3093684FEA13238DF82E3093684FEA09
:1077A00013438DF82D3093684FEA13638DF82C3016
:1077B000D3688DF83330D3684FEA13238DF8323015
:1077C000D3684FEA13438DF83130D368304A4FEA1B
:1077D00013638DF830300CBF4FF080634FF08C6333
:1077E0001F2C48F80230DBF808304FF0010334D882
:1077F000DBF83020A340294603981343CBF8303000
:10780000089AFFF77FFD002834D108A90398FFF7F5
:10781000D9FD08A8AFF3008008A8AFF3008008A83E
:10782000AFF3008055E7194A1A48116A02681A4BEB
:107830004A40134043B1039B03F58053B3F8D42C63
:1078400092B20F2A40F29481104A136A0B431362DA
:10785000BFF34F8F1BB0BDE8F08FDBF82C20BB408F
:10786000294603981343CBF82C30089AFFF74AFDBA
:107870000028CAD008A90398FFF7ACFCC5E7B3FA03
:1078800083F32033F8E600BFB003002000801D40E2
:1078900080801D40C8A20020BFFF07008A067FF538
:1078A000E2AE87067FF5DFAED6F88020AF4C02F45B
:1078B0000011C2F30050ADF824200029C2F30341A7
:1078C0004FEAD2528DF82B10D6F884108DF828008C
:1078D00018BF012021F0604108BF00208DF826204C
:1078E0004FF0000208BF890C8DF827000CA8089102
:1078F000D4F88810D1400832202A00F8011DF7D1B1
:107900000DA89A49D1F88C20DA400833202B00F8D2
:10791000012DF7D1039B03F5005393F815398DF82A
:10792000353063238DF834308B680B6B43F02003C4
:107930000B63029B5D0603D50B6B43F040030B63A7
:10794000029B1C0604D5894A136B43F08003136322
:10795000039C08A92046FFF735FD08A8AFF3008077
:1079600008A8AFF3008008A8AFF30080089920466C
:10797000FFF7BAFB00283FF476AE08A90398FFF79B
:1079800029FC70E603F4001100295168ADF8243099
:10799000C3F3034321F060418DF834408DF82B3060
:1079A00018BF0120039B04BF890C002003F500537E
:1079B00008918DF8270019460593336891F8151939
:1079C0008DF8351091688DF82F109168090A8DF89F
:1079D0002E109168090C8DF82D109168090E8DF804
:1079E0002C10D1688DF83310D168090A8DF8321047
:1079F000D168090C8DF83110D268120E8DF8302044
:107A00000BB108A89847059BD3F808390BB108A813
:107A10009847039901F58052B2F81E3B07929BB23A
:107A2000002B00F00081B2F81A3B1A220DF1500C25
:107A300003F00F03E04602FB031341F632320EA9B6
:107A40000591991898580B464968DDF814E09A6832
:107A50000693DB68ACE80F00069B18695969ACE82F
:107A60000300B8E80F00AEE80F0098E803008EE8C6
:107A700003009DF94C305A1C02D09C427FF429AE81
:107A800005992846FEF7C0FF079AB2F81A3B013362
:107A900003F01F03A2F81A3BB2F81E3B9BB2002B67
:107AA0003FF417AEB2F81E3B013B9BB2A2F81E3B5F
:107AB0000FE603F4001100295168ADF82430C3F338
:107AC000034321F060418DF834408DF82B3018BF0E
:107AD0000120039B04BF890C002003F5005308918B
:107AE0008DF8270019460593336891F815198DF81C
:107AF000351091688DF82F109168090A8DF82E10B5
:107B00009168090C8DF82D109168090E8DF82C10D4
:107B1000D1688DF83310D168090A8DF83210D16818
:107B2000090C8DF83110D268120E8DF830200BB18F
:107B300008A89847059BD3F808390BB108A89847BF
:107B4000039901F58052B2F81E3B07929BB2002BBD
:107B50007FF469AF1F2C054A4FF0010377D8116BF2
:107B6000A3400B431363B4E52B689DE500801D40E3
:107B7000B3F8D42C92B20F2A05D8B3F8D42C013222
:107B800092B2A3F8D42CB3F8D22CB3F8D24C02F0B2
:107B90000F02A4B203EB8202C2F8D81CB3F8D02CB7
:107BA00092B282F01002944206D1B3F8D02C013286
:107BB00002F01F02A3F8D02CB3F8D22C264C0132CD
:107BC00002F01F02A3F8D22CE469B3F89C2DA4B2F2
:107BD00092B20F2A05D8B3F89C2D013292B2A3F8C5
:107BE0009C2DB3F89A2D02F00F0203EB4202A2F88B
:107BF0009E4DB3F89A4DB3F8982DA4B292B282F08C
:107C00001002944206D1B3F8982D013202F01F02FF
:107C1000A3F8982DB3F89A2D0160013202F01F02EB
:107C2000A3F89A2D10E61F2C0B4A4FF0010309D838
:107C3000116BA3400B4313634FF00063074A48F8EE
:107C4000023046E5D16ABB400B43D362F4E7D16A08
:107C5000BB400B43D3623CE500801D4080801D404B
:107C600070B50C46054686B0086805F5805C496825
:107C7000A268EE46E3681A26AEE80F00BCF81C3B8B
:107C80000022206903F00F03616941F6303406FBDE
:107C900003C383F8302B1822BCF81C3B03F00F03FE
:107CA00006FB03C383F8312BBCF81C3B03F00F0326
:107CB000AEE8030006FB0355EE462C44BEE80F0079
:107CC000C4F80200C4F80610C4F80A20C4F80E3044
:107CD000BEE80300C4F81200C4F81610BCF81C2B50
:107CE000BCF81A3B92B29BB283F010039A4206D1C1
:107CF000BCF81A3B013303F01F03ACF81A3BBCF885
:107D00001C3B013303F01F03ACF81C3BBCF81E3BCB
:107D10009BB20F2B05D8BCF81E3B01339BB2ACF8CD
:107D20001E3B06B070BD00BF8B7D70B50D4686B0A2
:107D300004463B4E002B3DD1336813F0005324D052
:107D4000FEF758FD3268034602F07F02013290428E
:107D50001DD201333348324EDAB206E0336803F005
:107D60007F03013393420A4611D91301511C1B585A
:107D700003F07063B3F1006FF0D1501E2946C0B21A
:107D8000FEF742FE012006B070BD3268E1E76E46A4
:107D90004FF0FF0C0FCD0FC695E8030086E80300F7
:107DA000204669468DF814C0FFF75AFF4FF0FF30A8
:107DB00006B070BD306810F000502FD0FEF71AFDED
:107DC000336803F07F030133984218D2164A144EE9
:107DD00006E03368013003F07F03013383420ED99C
:107DE000030102EB00119B581B01F2D50B6884467E
:107DF00003F07063B3F1006F0AD06E46CAE7094919
:107E00004FF0FF3C0B6803F07063B3F1006FF4D1E7
:107E100029465FFA8CF0FEF7F7FDB3E73368D5E744
:107E200000801D4070801D4080801D40264A38B56E
:107E3000136813F0005345D0136805460C4613F43D
:107E4000004302D1926A92063CD41F4A136B13F08E
:107E5000200337D0D2F88030C3F30341C3F300507E
:107E6000A380E172D2F8841003F400122072DB0DBB
:107E7000002A21F0604112BF01220022890CE27128
:107E8000114A216005F50051D2F8880000BAE0607F
:107E9000D2F88C0000BA206191F81519A371632300
:107EA0006175237513681B0403D4136B43F020031F
:107EB000136321462846FFF785FA21682846FFF715
:107EC00013F938BD184638BD00801D407C4B2DE9A4
:107ED000F0471F6881468A4617F0005702D0FEF728
:107EE00089FC0746764C09F50056236896F8140974
:107EF00003F07F030133984200F2DD800325DFF8B1
:107F0000C48156E0002A5CD0B2FA82F3C3F1400388
:107F1000984253DB206810F0005001D0FEF76AFC55
:107F2000013D86F8140915F0FF0500F0C4802368B0
:107F30009A0005D5874203D9781EC0B286F8140985
:107F4000236803F07F03013398420CD3206810F0BC
:107F5000005001D0FEF74EFC013D86F8140915F0E3
:107F6000FF0500F0A880D4F824C0C0F12001A36A66
:107F7000A0F120020CFA01F1C3402CFA02F20B43EB
:107F80001343DB070AD400EB08031B011A68110135
:107F900004D402F03061B1F1007F16D00130C0B2DC
:107FA00086F81409236803F07F030133984200F236
:107FB0008280E26A236B53EA0201A3D196F8140986
:107FC000B5E7B3FA83F32033A0E7C2F300518AF890
:107FD000081002F40011002914BF012100218AF8C1
:107FE0000710596821F0604108BF890CCAF80010D9
:107FF00002F07061B1F1C06F02D101218AF809105D
:10800000C2F303418AF80B1096F81419481C86F83D
:1080100014098AF81410AAF8042096F815299AF879
:1080200007108AF815209A6800298AF80F2008BFDF
:108030004FF080619A6818BF4FF08C61120A8AF87D
:108040000E209A68120C8AF80D209A68120E8AF88F
:108050000C20DA688AF81320DA68120A8AF81220EB
:10806000DA68120C8AF81120DA68120E8AF81020E9
:1080700019609AF91420A368D3B21F2B13D80123D7
:108080009340226B1343236351464846FFF79AF906
:10809000DAF800209AF814104846FFF733F968B967
:1080A00096F814097AE70122203B02FA03F3E26A08
:1080B0001343E362E8E70020BDE8F0870120FBE717
:1080C00000801D4008D801040246002038B50C4647
:1080D0000221556805F0DEF818B90B4B1A689100BB
:1080E00007D421462846FFF7F1FE003818BF0120CB
:1080F00038BD9A6A9206F4D41B6B9B06F1D52146D3
:108100002846FFF793FEF0E700801D4010B41A4A9E
:1081100000231A4C42F6101C194902F580501460D5
:10812000184C938242F80C309444D382226013831B
:108130004A6002F50052144C82F81439A0F81A3B38
:108140000C60A0F81C3B5DF8044BA0F81E3BA0F8A7
:10815000D03CA0F8D23CA0F8D43CA0F8983DA0F8C0
:108160009A3DA0F89C3D094882F800374CF8043C41
:1081700082F8013701F0C8BA182B002080060020D1
:10818000C85D00205CA00020A406002058640020E8
:1081900008B5054804F0C0FB044804F0BDFB0448E2
:1081A000BDE8084004F0B8BBD05D0020E05D0020D1
:1081B000DC5D00202DE9F04F02218BB02620DFF896
:1081C00098B105F0B5F902212820DFF890A105F05B
:1081D000AFF90221132005F0ABF90221272005F0A9
:1081E000A7F903F073F903903CE081460646054683
:1081F0004FF00003504A04A909948DF81030002371
:1082000010681A46CDE90579CDE9076501F0C8FE89
:1082100005F052F9494B80464FF0FF31186802F0E3
:10822000F1F8B0B101990023444AA8EB0108444990
:1082300010681A4607EE908ACBF80860F8EE677A65
:10824000CBE90079C1ED007A1946CBE9035401F07E
:10825000A7FEDAF80030142103A80133CAF8003071
:1082600003F0AEF805F028F901902620002705F06C
:108270004DF90646282005F049F90546132005F07A
:1082800045F90446272005F041F9B6FA86F1B5FA1A
:1082900085F2B4FA84F34909B0FA80F0520961F327
:1082A00007075B0940094FF0FF3162F30F2763F3C3
:1082B0001747244B60F31F67186802F0A3F80446C1
:1082C000002892D01B2005F019F800231D4A814692
:1082D000194610681A4601F063FEB9F5967F27DD4E
:1082E000B9F52F7F1EDAA9F59676174B45F2B865DA
:1082F00040F69802C6EB86261449154CA3FB0636B9
:10830000F609731E03FB05F502FB03F36D085B081A
:10831000A1FB0525A1FB03232D0AA4EB132405F5DE
:10832000E16565E745F6C0550A4C40F2FF365FE768
:108330000026354634465BE79CA8002014A70020A1
:10834000A45C002010A700201F85EB511120408065
:10835000F8F8FFFF60F0FFFF905C0020E85C002071
:108360002DE9F04F2DED048B85B0DFF87CB103F0E3
:10837000ADF8DFF878A1544F9FED549ADFED549A91
:10838000DFED548ADFF86891DFF868819FED528A4B
:10839000009032E00021DAF8000001F05FFA0021DD
:1083A00087ED008A0E460846FEF768FC05F084F863
:1083B0004FF0FF310446D9F8000002F023F898B1DD
:1083C000641B464B3A6807EE904A45491E600023FD
:1083D000F8EE677A0A60434A1946D9F80000C2ED00
:1083E000007A1A4601F0DCFDD8F8083014216846FE
:1083F0000133C8F8083002F0E3FF05F05DF8002211
:10840000054601A9DBF8000002F0F4F80128C1D10B
:1084100003F05CF8039BC01AC828BBD80021DAF827
:108420000000029E01F01AFAC305B8D4002EB6D09F
:10843000D7ED007AF5EE407AF1EE10FA13D0F5EEB2
:10844000C07AF1EE10FACCBF01220022002ED4BF78
:10845000002301239A420BD0B0EEE77AB4EEE87A1B
:10846000F1EE10FA04D8002E78FEA97AC7ED007A52
:1084700007EE106AB8EEC77AB4EEE77AF1EE10FABA
:108480000CDD77EE897A87FE677AF1EE477A87ED21
:10849000007AFDEEE77A17EE901A84E706D4F1EE43
:1084A000677AFDEEE77A17EE901A7CE777EEC97AE5
:1084B00087FE277AF1EE477A87ED007AFDEEE77ABC
:1084C00017EE901A6FE700BFD45D00200000A042B5
:1084D0000000E1C40000E14400000000AC5C0020AA
:1084E000A85C0020B05C002098A8002018A70020FD
:1084F00014A70020E85C00200FB410B5134C40F224
:10850000FE5382B02168994204DD02B0BDE81040FC
:1085100004B070470E4805AB049A0844C1F5C06129
:10852000019308F045F900280DDD23681844206008
:10853000B0F5C06FE9DB40F2FF53236002B0BDE845
:10854000104004B070472068F2E700BF505E002082
:10855000545E0020000000002DE9F04F2DED108B3F
:10856000F9B0DFF868A300214FF4A87224A808F03E
:1085700047F94FF0FF31DAF8000001F043FF00281F
:1085800040F0AC819FEDC2AA0446DFF844B3064632
:10859000F0EE4AAADFF83CA3B0EE4ACADBF80010BE
:1085A000F0EE4ACA8046B0EE4A9A0746B94ACAF87F
:1085B00000001E901F909FEDB2DBCDE92200CDE9B7
:1085C0001600B0EE4DEBB0EE4DFB8DED20DBCDE9AE
:1085D0001800CDE91A00CDE91C00AF4B009424AC83
:1085E000DFF8F4922546CDE90106AC480026FFF7F6
:1085F00083FFAB4913948DED0EEB8DED10FB8DEDEC
:1086000014DB9FEDA18BF0EE6CDAF0EE49EAF0EEB0
:108610004CCAF0EE4AFAB0EE6ACA9FED99BB95EDEE
:108620000A2A484695ED0B3A2035B7EEC22A95ED59
:10863000044AB7EEC33A95ED055AB7EEC44A95ED34
:10864000066AB0EEC20B95ED077AB0EEC31B6C68FC
:10865000B7EEC55A6B78B4EEC80B2A78B0EEC49B5F
:108660000094B0EEC5ABF1EE10FAB4EEC81BB7EE55
:10867000C66A88BFB0EE4B2BF1EE10FAB4EEC89B81
:10868000B0EEC60B88BFB0EE4B3BB7EEC77AF1EE4B
:1086900010FAB4EEC8ABB0EEC71B88BFB0EE4B4BC0
:1086A000F1EE10FAB4EEC80B88BFB0EE4B5BF1EE02
:1086B00010FAB4EEC81B88BFB0EE4B6BF1EE10FAA7
:1086C0008DED022B88BFB0EE4B7B8DED043B8DED25
:1086D000064B8DED085B8DED0A6B8DED0C7BFFF786
:1086E0000BFF70490EB9012699E741466E48F0EE3E
:1086F0004CAA139CB0EE6E9A6C4EB0EE6CCA6EAD86
:10870000F0EE6DCA0DF1D808B0EE6FAA9DED0EEB3C
:108710009DED10FB9DED14DBFFF7EEFE199B1E99FE
:1087200002931A9B624801931B9B0093DDE91C3264
:10873000FFF7E2FEB7EEC94AB7EEEC5A9FED5D7A5D
:10874000B7EECCCA179BB0EEC43B18992AEE877AD5
:108750000693DBF800205848B7EEC77AD21B574F74
:108760009FED499B9FED468BB0EEC76BB4EEC93BC6
:10877000B0EEC53BF1EE10FAB4EEC93B88BFB0EEE7
:10878000484BF1EE10FA8DED004B88BFB0EE485B20
:108790008DED025BB0EECC5BB4EEC95BF1EE10FA8E
:1087A000B4EEC96B88BFB0EE48CBF1EE10FA8DED98
:1087B00004CB88BFB0EE487BC82A8CBF00220122C0
:1087C0008DED087BFFF798FEB4EEC9DBB7EECAAAC1
:1087D000229B1699F1EE10FA3948B0EECA6B02935B
:1087E0009DED207B88BFB0EE48FBB4EEC97B53EC17
:1087F0001F2BF1EE10FAB4EEC96B88BFB0EE48EB58
:10880000F1EE10FA8DED00EB88BFB0EE48AB8DEDC8
:1088100004ABFFF771FE239A1F992A48FFF76CFEFD
:1088200094F8D8303846ABB195ED007AD4F8DC3006
:10883000B7EEC77A94F8D9203168B0EEC76BB4EEC2
:10884000C96BF1EE10FA88BFB0EE487B8DED007B6E
:10885000FFF752FE0834043604354445E0D11A4887
:10886000FFF74AFE40F2FE53DAF80010994240F357
:10887000E98079B0BDEC108BBDE8F08FAFF30080DC
:108880000000000000000000FFFFFFFFFFFFEF7F80
:1088900000000000800400208804002090040020D4
:1088A000F8120020480500204C050020500400204C
:1088B0005805002066666640980500204C0600209A
:1088C000F0050020300600207006002014A70020CC
:1088D000F0A80020505E0020DC0400205D4B0DF16C
:1088E0009C0C5D490DF1B00E93F8008034AF5B4BEA
:1088F0005B4A1C68DFF8C0B15A4B0D7892F80090C3
:1089000093ED008A584E09F1FF39BBE80F00ACE83F
:108910000F00DBF800305FFA89F9DFF8A0B1CCF87E
:1089200000300FCEAEE80F0006F1100C96E80F00F5
:108930008EE80F00BCE80F000FC79CE80F0087E827
:108940000F00482249493CA804F028FE4822484923
:108950005AA804F023FE474B474A1B6812686E93DF
:10896000464B1F921B68464A6F93464B16781B680E
:10897000454A7093454B17781B68DAF800007193ED
:10898000434BDFF83CA11B687293424B1B68739307
:10899000414B1B687493414B1B687593404B1B689C
:1089A0007693002319461A4601F0FAFA0023012DA6
:1089B0002397CAF800309DF89C309DED3C9A1E9399
:1089C0009DF89D30DDED3DCA1D939DF89E309DEDD7
:1089D0003ECA1C939DF89F30DDED49AA1B93299B4D
:1089E0009DED44AA1A93289BDBF8001019939DF87B
:1089F000FC304C9F18939DF828319DED42EB179366
:108A00009DF81431B0EECE7B16939DF815319DED97
:108A100040FB8DED207BFDEEC87A2293B0EECFDBDC
:108A200017EE900A08D11F4AB9F1020F3FF6D5ADF3
:108A30001D4B53F82930D1E51C4A1D4B022D18BFA0
:108A40001A46F1E71B4879B0BDEC108BBDE8F04F3A
:108A500005F024BF42AB002043AB0020AC5C0020FB
:108A600044AB0020A85C0020485C00208028002047
:108A70000C5D0020A45C0020C05C0020B85C0020DD
:108A800046AB0020B05C002045AB0020885C002095
:108A9000585D0020BC5C00208C5C0020D85D00206C
:108AA000545D002074040020E003002078040020BE
:108AB00080040020545E0020905C0020F0A800207C
:108AC000505E00202DE9F04F3C4C85B03C4E002517
:108AD000DFF8109102F0FAFCDFF80CB1DFF80C813E
:108AE000039004F0E9FC074605F06EFE80B105F046
:108AF000AFFEC0B20D28F7D00A28237821D05E2B14
:108B000021D8F0540133237005F05EFE0028EED129
:108B100099F800304BB3FFF71FFD04F0CDFCC01BEC
:108B2000D8F81C30322107EE900A03A80133F8EE82
:108B3000677AC8F81C30234BC3ED007A02F040FC82
:108B4000CFE7F5540BB92570CEE71F491C4807F055
:108B50005FFE82460028F6D01C4907F059FEE0B1BE
:108B60000123257089F80030BEE7194ADBF80010B0
:108B70001268521AB2F5FA7FCFD3164A144913601D
:108B80000B6815480968CBF80030FFF7B5FC114AAF
:108B90001248116805F082FEBFE701905046104967
:108BA00007F036FE0028CED0019B257089F80030F2
:108BB000074B1B68CBF8003096E700BF48AB00209E
:108BC00060A00020D85D0020EC030020F40300200A
:108BD000F0A80020505E002004040020545E002015
:108BE000FC03002049AB00205C5D0020E85C002015
:108BF0002DE9F04F002791B0DFF8D8813E46DFF82D
:108C0000D8916B4C0397CDE9047749E04FF000020F
:108C1000684B02254FF0000A1A700023ADF81C5073
:108C2000D346089302F052FC09902B46624800227A
:108C300007A9006801F0B4F90321D9F8000000F099
:108C40000DFE0421D9F8000000F032FE04F034FCDF
:108C50004FF0FF310190D8F8000001F0D3FBE0B1F4
:108C60005649D8F80000DDE901329B1A544A1570C4
:108C700007EE903A534AF8EE677A534B82F800B009
:108C8000524AC3ED007A0023C2F800A0494A127884
:108C90000A701A46194601F083F96368013363606C
:108CA0004B4B64220AA9186801F0E8FA012854D055
:108CB00000273E460397CDE9047704F0FDFB4FF013
:108CC000FF310290D8F8000001F09CFB002853D13E
:108CD0000021D9F8000000F0C1FDC30596D426B3E9
:108CE000344A1378002B4FD1049BB3F5A57F01DCE8
:108CF000012313704FF0000AD34601258DF81DB0F3
:108D0000CDF820A08DF81C5002F0E0FB0990022362
:108D10002948002207A9006801F042F90621D9F884
:108D2000000000F09BFD29468CE7224BB246ADF8CF
:108D30001C60B3461E703546089602F0C7FB0990CA
:108D400002231D48324607A9006801F029F90721CE
:108D5000D9F8000000F082FD78E79DF82830002B5C
:108D6000ABD19DF82D309DF82C6003930C9B0F9F89
:108D700004930E9B0593A0E70023D8F800001A4641
:108D8000194601F00DF9A3E7039B3BB9059BB3F12D
:108D9000000B9A4618BF4FF0010BAEE7B7F1000B7E
:108DA000BA4618BF4FF0010B4FEA4B0BA5E700BFC7
:108DB000E85C002047AB002098A8002042AB0020D0
:108DC00043AB002044AB0020B85C0020B45C002022
:108DD0009CA8002014A7002018A70020B04AB14B7F
:108DE0009968D36FC1F3C01143F030032DE9F04F00
:108DF0002DED028BBDB00591D36772B6AA4B1A68F0
:108E0000920440F19181A94A5A60A74B00244FF483
:108E1000FA4146F2A012DC6099601A6062B6242220
:108E2000214623A8DFF8D8B207F0EAFCA04A23467F
:108E300019A9146810AA5BF82300013341F8044F04
:108E4000092B42F8040FF6D100249FED9A8ADFED3A
:108E50009A8A0125DFF8AC82ADF8184002F036FBA3
:108E600001940790029404F027FB944C0023904A4D
:108E700004901AA91668A44608AA10A89A4699460A
:108E800003945BF8234050F8047FA74201D00E60A2
:108E900004605CF8044F15706CB1894C54F82340A1
:108EA0004CB10F6805FA03FEF71BBC4203D24AEA35
:108EB0000E0A82F80090013301320431092BE0D10F
:108EC000019A804B039C02FB03F37F4AB2EB730FC2
:108ED00080F01A81019B4FF0FF31013301937B4BEE
:108EE000186801F08FFA002840F0B8809DF8B23081
:108EF00023B19DF8B1300BB94AF4803A9DF8D230D5
:108F000023B19DF8D1300BB94AF4003A2CAB06AA34
:108F10003CA85978D9B1D3ED067A93ED077AF4EEEF
:108F2000C87AF1EE10FA80F28E80B4EEC87AF1EED3
:108F300010FA80F28880F4EEE87AF1EE10FA06D5A5
:108F4000B4EEE87A0021F1EE10FA48BF1170203338
:108F500001328342DDD19DF818700FB99DF8197068
:108F6000C82E5B4E5B4B88BF4AF4802A5A4A0AEAF5
:108F700006060AEA03031068B6F1000918BF4FF0AD
:108F800001094FEA0929002B5FD089F4A06149F457
:108F9000007900F063FC504B4946186800F088FCEB
:108FA000029BB34208D04D48012300220BA9006860
:108FB0008DF82C5000F0F4FF04F07EFA434B81460C
:108FC0004FF0FF31186801F01DFA70B3444B0DF1FA
:108FD0001F0022A954F8042F0833003A18BF0122B9
:108FE000444503F8082C10F8012F03F8072C51F81A
:108FF000042F43F8042CEDD1049B059AA9EB030937
:10900000384BC3F800A007EE909A374BF8EE677A1A
:109010001F70364B1A70364B2C4AC3ED007A002372
:10902000106819461A4600F0BBFF1F4B6421314AF5
:1090300007A85A60DBF820300133CBF8203002F06B
:10904000BFF902960FE7157081E789F4E06100F03F
:1090500005FC002EA4D04FF480799CE7264F0DF13B
:10906000B0090DF1D00C0FCFA9E80F0007F1100ED9
:1090700097E80F0089E80F00BEE80F00ACE80F008A
:109080009EE80F008CE80F001C4A0023176C19465D
:109090000E4AF61B10681A4600F082FF26E700BF52
:1090A00000C00F4000800F4000C00B4020C528D9F1
:1090B000F0A80020003C1C4600301C46C05C00208C
:1090C0002C040020CDCCCCCC9999991914A7002060
:1090D0000F0003007000040018A700209CA80020C7
:1090E0000C5D0020C05C002046AB002045AB00209A
:1090F000545D002002A680B4485C00208028002037
:10910000E85C0020E45C00200DF18C090A4F57F860
:10911000040F20B102F062FC8000C9F8000047454E
:1091200009F10409F3D1D5E64CF220514DF628128D
:1091300059605A6069E600BFC05C00200000000072
:109140009FED137B4FF0000CC0E900120022C0F825
:1091500008C0C0F80CC0C0F810C00275C0F828C024
:109160008285C0F830C0C0F834C0C0F838C0C0F83C
:109170003CC0A0F8402080F842204264C0F8482259
:10918000A0F84C2280ED067B80ED087B704700BF85
:10919000000000000000000038B505460022002451
:1091A000D0E900010368DB69984705E058B12868F9
:1091B000013403685B699847286803681B6998470E
:1091C000B4F5807FF2D138BD00B5002383B04FF6EF
:1091D000FA7200688DF80330C1F10103ADF8002088
:1091E00005228DF8021069468DF8043003685B682B
:1091F000984703B05DF804FB022A7DD9002345F2AD
:10920000300C2DE9F0474DF2100742F2300E45F2D6
:1092100020061FE0744554D0B44218D10F2D16D942
:1092200051F80990D8F804A099FA89F59AFA8AF4C5
:10923000C0E90645D8F80890D8F80C8099FA89F565
:1092400098FA88F4C0E90845012480F82C409C1C59
:10925000944234DACD1811F803A003F103096C78B5
:10926000AD7801EB090844EA0A2405F1030A6445D4
:10927000534437D0CED9BC42E9D10B2DE7D951F8B0
:10928000094024BA07EE904A0463D8F8044024BA8F
:1092900007EE104A4463D8F8084067EE076A24BA1C
:1092A000B0EE667A84630124A7EEA77A80F8404086
:1092B0009C1C9442F1EEC77AC0ED0F7ACADBBDE880
:1092C000F0870B2DC3D951F8094024BA8460D8F82F
:1092D000044024BAC460D8F8084024BA04610124C8
:1092E0000475B4E7032DB2D951F8094024BA846259
:1092F000012480F82D40AAE7704700BF90F84C3257
:10930000362B10B510D03E2B06D0312B15D11021A5
:10931000BDE81040FFF758BF01231021BDE8104001
:1093200080F84130FFF750BF90F84D2200F14C011A
:10933000FFF762FF012380F8423010BD436C10B587
:109340000446052B1CD8DFE803F01C2535425403E6
:10935000D0F84802431C2218012BC4F8483282F886
:10936000481056DD04F148020023104412F8011F92
:109370000B449042DBB2F9D1002B4AD00023636446
:1093800010BDFA29FCD1012380F84810C0F84832FA
:10939000436410BDA1F1FF02D0F84832B2FA82F264
:1093A000581C23445209C4F8480283F8481052005C
:1093B000626410BDD0F84832032280F84C12581C69
:1093C0002344C4F8480283F84810626410BDD0F802
:1093D0004832002980F84D1208BF052203F1010030
:1093E00018BF04222344C4F8480283F8481062647A
:1093F00010BDD0F848325A1C0344C0F8482283F804
:10940000481090F84D3204339A42B9D10523436491
:1094100010BD2046FFF772FFB0E700BF38B500234C
:1094200004461D4680F842300AE080B120680135CC
:1094300003685B69984701462046C9B2FFF77EFF83
:10944000206803681B699847B5F5807FEDD194F8D3
:10945000420038BD2DE9F04F0A24404FDFF80C815F
:1094600083B03E48FFF798FE3846FFF7D7FFD8F89D
:10947000103097F84120102101333848C8F81030D7
:1094800052B997F842303BB9FFF79EFE4FF4FA709D
:1094900001F0F2FF013CE7D1DFF8D49002F016F8BA
:1094A0002F4DDFF8B8A0019004F006F806465046AC
:1094B000FFF7B4FF834603F0FFFF0446BBF1000F44
:1094C00042D04FF0FF31D9F8000000F09BFF002898
:1094D0003AD03B7D2B732BB1B968FA683B692960A0
:1094E0006A60AB60BB8DC3F30022AB84DB0707D59A
:1094F000D7E90601C5E90401D7E90801C5E9060174
:109500000AB1BB6A2B6297F8403085F838303BB11E
:109510007B6B396BBA6BEB62FB6BA9622A636B6383
:10952000A41B104A0023D9F8000007EE904A1668E1
:109530000D4C1A46F8EE677A19462E64C5ED0F7A7F
:10954000C4ED007A00F02CFDD8F810300A2101A8F3
:109550000133C8F8103001F033FFA5E7C828002018
:1095600080280020F0A80020585D0020E85C002042
:1095700014A700204FF4E13201490248FFF7E0BD93
:109580006C1F0020C82800200B6830B5DDB25A4C93
:10959000C3F307234FF0010EC5EB051C2468093BFC
:1095A0002A0100EB8C0CCCF83C408CF838E0122BF4
:1095B0003AD8DFE803F04D393939396C860A393940
:1095C00039393939393939393A008B89B2EE047A67
:1095D000521BDFED4A6ADBBA00EB820207EE903ADB
:1095E000F8EEE77A87EE876A82ED086ACB89DBBA04
:1095F00007EE903AF8EEE77A87EE876A82ED096A1D
:109600000B8ADBBA07EE903AF8EEE77A87EE876AC4
:1096100082ED0A6A4B8ADBBA07EE903AF8EEE77AF7
:1096200087EEA67A82ED0B7A30BDCB68521BF2EE44
:10963000046A00EB82001BBA03630B8ADBBA07EEF5
:10964000903AF8EEE77A87EEA67A80ED0D7A30BD93
:10965000CB68521BB2EE046ADFED296A00EB82028E
:109660001BBA53600B8ADBBA07EE903AF8EEE77A42
:1096700087EE867A82ED027A4B8ADBBA07EE903A61
:10968000F8EEE77A87EEA67A82ED037A30BDCB68F2
:10969000521B9FED1C7A1BBA00EB820207EE903A38
:1096A000F8EEE77AC7EE876AC2ED046A0B691BBA67
:1096B00007EE903AF8EEE77AC7EE876AC2ED056AE0
:1096C00030BDCB68521B9FED0F7A1BBA00EB8202B4
:1096D00007EE903AF8EEE77AC7EE876AC2ED066ABF
:1096E0000B691BBA07EE903AF8EEE77AC7EE876A85
:1096F000C2ED076A30BD00BFF0A80020000048425C
:1097000000007A4400401C460B464FF47052002182
:1097100010B5044640F8043B07F072F8204610BD2F
:109720004FF470520021043007F06AB830B50E4D86
:1097300087B00446EC460FCDACE80F0095E8030077
:109740008CE803002068694603681B689847034655
:109750006946204633B19DF80730002BF2D0FFF761
:1097600013FFEFE707B030BDC80300202DE9F0413B
:109770000F4C86B0076816BA41F44075EC464FF0BE
:1097800004084FF0010E0FCCACE80F0094E8030082
:109790008DF80B80039600958DF807E08CE80300A8
:1097A0003B68694638465B68984706B0BDE8F0817B
:1097B000C8030020C1EB011100EB810090F83800D4
:1097C000704700BFC1EB011100EB8100C06B704717
:1097D000C1EB011100EB810040687047C1EB011142
:1097E00000EB810090ED020A704700BFC1EB011150
:1097F00000EB810090ED030A704700BFC1EB01113F
:1098000000EB810090ED080A704700BFC1EB011129
:1098100000EB810090ED090A704700BFC1EB011118
:1098200000EB810090ED0A0A704700BFC1EB011107
:1098300000EB810090ED0D0A704700BF38B52C2079
:1098400006F04EF9044630B1002540F8045B00F004
:109850007DF884F82850204638BD00BF70B570B13F
:10986000B1F1807F0C4611D2054600F04FF92E6809
:1098700026EA04042C6000F06FF9304670BD074BF7
:109880004FF4F171064A074808F06EFF064B40F2AC
:10989000E311034A054808F067FF00BFB00C002041
:1098A0003C620060F8370060BC0C0020D0370060DC
:1098B0002DE9F04188B3B1F1807F0D4634D20646E0
:1098C00000F1100801F086FC3368B4691D43A0451F
:1098D00035601CD000270AE039B1DB0145F000718A
:1098E00048BF174301F082FF3568A0450DD02046E0
:1098F000A468436823F07F4213F0806F02EA0501F9
:10990000EAD08A42E9D0A045F1D125EA07053560C1
:1099100001F068FC2846BDE8F081074B40F2322197
:10992000064A074808F020FF064B40F23321034A5D
:10993000054808F019FF00BFB00C00205C61006012
:10994000A8370060E8100020803700604FF05A33DD
:1099500000F10C020021036082604160C36110B419
:109960004FF0FF34C0E90522C0E903345DF8044B31
:10997000704700BF4FF05A33002203604261836199
:10998000704700BF02688368B2F15A3F10B515D125
:10999000C269B2F15A3F11D10A68B2F15A3F13D1EC
:1099A0008A69B2F15A3F0FD14268DC6801328B609C
:1099B000CC60A160D9604861426010BD054B732145
:1099C000054A064808F0D0FE054B7421024A0548B6
:1099D00008F0CAFEF40C0020985F0060E8390060CF
:1099E000640D0020C839006038B503684D68B3F1D4
:1099F0005A3F20D1C369B3F15A3F1CD10B68B3F170
:109A00005A3F1ED18B69B3F15A3F1AD16B1C0FD04C
:109A100000F10C031C469B685A68AA42FAD94268B6
:109A20008B600132D960CC60A1604861426038BD72
:109A30008469A368F3E7064B9621064A064808F0B6
:109A400093FE064B9721034A054808F08DFE00BFA0
:109A5000F40C00206C5F0060A8390060640D0020E9
:109A600088390060426903468068D96810B49468F8
:109A7000C1609C428860506808BF91600021013835
:109A80005DF8044B59615060704700BF064B196880
:109A90000868B0E8F04F80F30988BFF36F8F4FF08C
:109AA000000080F31188704744A70020EFF309807D
:109AB000BFF36F8F144B1A681EF0100F08BF20ED14
:109AC000108A20E9F04F10602DE909004FF02000C6
:109AD00080F31188BFF34F8FBFF36F8F01F03CFD10
:109AE0004FF0000080F3118809BC19680868B0E8DD
:109AF000F04F1EF0100F08BFB0EC108A80F30988F9
:109B0000BFF36F8F7047000044A7002008B54FF0E7
:109B1000200383F31188BFF36F8FBFF34F8F0A4A7F
:109B200013680133012B136000D008BD4FF0E02310
:109B3000D3F8043DDBB2002BF7D0044B40F2F71111
:109B4000034A044808F010FE64220020E80D0020BB
:109B500070610060803A0060084A08B513682BB154
:109B6000013B13600BB983F3118808BD044B4FF41C
:109B7000FF71044A044808F0F7FD00BF642200208A
:109B80002C0E0020A85F0060583A006008B54FF026
:109B9000200383F31188BFF36F8FBFF34F8F01F062
:109BA000C7FC28B14FF0E0234FF08052C3F8042DDA
:109BB000002383F3118808BD08B5EFF305830F2B4D
:109BC00005D90F490F4A5B5C12789A420AD84FF0C8
:109BD000E0230D4AD3F80C3D126803F4E06393428E
:109BE00007D808BD094B4FF46271094A094808F0CB
:109BF000BBFD094B4FF46671054A084808F0B4FDF7
:109C0000F0E300E055AB002098A90020400E0020B2
:109C1000785F0060303A00606C0E0020083A006007
:109C200070B5FFF773FFFCF7FBFB164A002304F047
:109C300021FF04460D46164603F034FE844275F1BA
:109C4000000315DA001B104BC6F1000265EB450559
:109C50001860C3E901523EB101380A4A45F1FF35A7
:109C6000921BC3E900059A60BDE87040FFF774BF1E
:109C7000201A054B65F1000583E86100BDE87040DE
:109C8000FFF76ABF40420F0030540020074B1868AE
:109C900050B1002300B583B01A461946009302F074
:109CA000DDF803B05DF804FB704700BF00A10020A1
:109CB000704700BF0A4610B5EFF3108C72B60A4920
:109CC0000A4C08688318A34206D2094CA34203D366
:109CD0000B608CF3108810BD8CF310880549064882
:109CE00008F066FD08F038FDA821002000E00620FD
:109CF00080AB0020E83B0060B1160060FCF790BB31
:109D000070B51646826D0446056D2AB906680135A0
:109D10002EB31046256570BD7EB94068013503F04D
:109D20003DFC6368A16DA2680B449342636024BF4D
:109D3000236863600020256570BDC06803F02EFCB9
:109D4000A26DE36851429B1A22689342E36002D2FB
:109D5000A3680B44E360022E06D00135EAE7806871
:109D600001F0EEFEA660D5E7012D4FF0000038BFF0
:109D70000125CFE770B50546FFF7C8FE95F85D30C1
:109D80005CB2002C14DD05F1300603E0631EDAB28C
:109D90005CB26AB16B6B304653B101F067FC0028CE
:109DA000F4D001F015FE631EDAB25CB2002AF1D1E4
:109DB000FF2385F85D30FFF7CFFEFFF7A7FE95F88C
:109DC0005C305CB2002C14DD05F1100603E0631E6C
:109DD000DAB25CB26AB16B69304653B101F046FC4D
:109DE0000028F4D001F0F4FD631EDAB25CB2002A60
:109DF000F1D1FF2385F85C30BDE87040FFF7ACBEC1
:109E000070B540B3456D0446F5B1826DA2FB0525E2
:109E1000D5B90E46FFF77AFE226825656260D4E95F
:109E2000153000FB03F3181A13440244A360FF2308
:109E3000E26084F85C3084F85D3026BB63698BB9DE
:109E4000FFF78AFE012070BD134B4FF4B671134A21
:109E5000134808F089FC134B40F237110F4A12489F
:109E600008F082FC04F1100001F000FC0028E7D0AB
:109E70004FF0E0234FF08052C3F8042DBFF34F8F13
:109E8000BFF36F8FDCE704F11000FFF75FFD04F113
:109E90003000FFF75BFDD3E75C110020D06100606C
:109EA000A842006054110020C842006030B583B061
:109EB0009DF8185023B3E0B11C46C2B1C9B1B2B18C
:109EC00068230193019B682B21D1002908BF2246FA
:109ED000A165012160652260204684F85E10019B27
:109EE000FFF78EFF204684F8645003B030BD002990
:109EF000E6D00A4B4FF4D871094A0A4808F034FCFE
:109F0000094B4FF4C271064A084808F02DFC084B73
:109F10004FF4CB71024A074808F026FC4811002094
:109F200094610060484200601C110020884200607B
:109F30002C110020684200602DE9F04110B3A1FB14
:109F400000370E460546EFB901FB00F010F1690F2E
:109F500018D86830904605F0C3FD044668B180F813
:109F60005E706EB100F16803012120462360C4E9F0
:109F70001556FFF745FF84F864802046BDE8F08160
:109F80000346F1E7034B40F22D21034A034808F052
:109F9000EBFB00BF48110020F0600060E84100606A
:109FA0002DE9F04385B00192002800F094808946A5
:109FB00004469846002900F09580B8F1020F00F0A1
:109FC0009C8001F037FD002800F0A280A8F1020675
:109FD0000025B6FA86F62F46760907E0FFF7BCFDA6
:109FE0002046FFF7C7FE01F0FDF80125FFF78EFDC3
:109FF000226D606D824243D3002E41D1019B002B24
:10A000005DD0002D38D0FFF7A7FD01F0E3F8FFF792
:10A010007DFD94F85C30FF2B01D184F85C7094F8DE
:10A020005D30FF2B01D184F85D70FFF795FD01A92C
:10A0300002A801F079FC002847D1FFF767FD226DE7
:10A04000636D9A42CAD1FFF787FD019904F11000B0
:10A0500001F090FA2046FFF78DFE01F0C3F80028CA
:10A06000C3D14FF0E0234FF08052C3F8042DBFF36B
:10A070004F8FBFF36F8FB8E702A801F049FCC2E72A
:10A08000424649462046FFF73BFE636B33B958B959
:10A09000FFF762FD012005B0BDE8F08304F1300058
:10A0A00001F0E4FA0028F3D04FF0E0234FF08052A3
:10A0B000C3F8042DBFF34F8FBFF36F8FE8E7FFF7AF
:10A0C0004BFD002005B0BDE8F0832046FFF752FEAF
:10A0D00001F088F8F5E7144B40F2B931134A1448FF
:10A0E00008F042FB836D002B3FF467AF114B40F249
:10A0F000BA310E4A104808F037FB636D012B3FF46C
:10A1000060AF0E4B40F2BB31084A0D4808F02CFB03
:10A11000019B002B3FF45AAF0A4B40F2BE31034A79
:10A12000094808F021FB00BF54110020586000606E
:10A13000484100608011002028410060D8110020B3
:10A140000841006028120020E8400060F0B583B0AC
:10A15000002939D068230193019B682B3BD100274C
:10A1600001230C46096081F85E300646019AC1E978
:10A170001537FFF7CBFCA56D626DFF23216804F155
:10A18000100005FB02F26160551B0A442765294453
:10A1900084F85C3084F85D30C4E90221FFF7D6FB17
:10A1A00004F13000FFF7D2FBFFF7D6FC3B463A46FE
:10A1B0003946204684F86460A7602760E760FFF7AF
:10A1C000EFFE204603B0F0BD064B4FF4C271064AC5
:10A1D000064808F0C9FA064B4FF4CB71024A05480D
:10A1E00008F0C2FA1C1100209461006088420060EF
:10A1F0002C1100206842006038B598B1856804468B
:10A2000001F012FC854201D0002038BDE368013B1B
:10A21000E3600BB1012038BD1A4619462046FFF70E
:10A22000BFFEF7E7034B40F2FE21034A034808F064
:10A230009BFA00BFFC120020B8600060C8410060BB
:10A2400070B50546682005F04BFC044698B1002621
:10A250000121206080F85E60C0E91516FFF7D0FD8F
:10A26000334632463146204684F86450A660266064
:10A27000E660FFF795FE204670BD00BFF0B585B0E3
:10A28000019200287ED00E460446002900F081800D
:10A2900001F0D0FB002800F08780FFF737FC256D28
:10A2A000002D5BD1019BA3B32F4602A801F030FB28
:10A2B000FFF752FC00F08EFFFFF728FC94F85C30AB
:10A2C000FF2B01D184F85C7094F85D30FF2B01D135
:10A2D00084F85D70FFF740FC01A902A801F024FB9F
:10A2E000E0B9FFF713FC236D2BBBFFF735FC019999
:10A2F00004F1300001F03EF92046FFF73BFD00F08D
:10A3000071FF00B3FFF702FC256D3DBB019B002BE5
:10A31000CED1FFF721FC002005B0F0BD2046FFF7AD
:10A3200029FD00F05FFFFFF7F1FB236D002BF0D05C
:10A33000FFF712FCE6E7FFF70FFC2046FFF71AFDD8
:10A3400000F050FFDEE74FF0E0234FF08052C3F8FB
:10A35000042DBFF34F8FBFF36F8FD3E7A26D42B1D0
:10A36000E168A36811449942E16028D2304603F0C5
:10A3700015F9013D6369256523BBFFF7EDFB01205E
:10A3800005B0F0BD184B40F2EC51184A184808F0DF
:10A39000EBF9836D002B3FF47BAF164B4FF4BE619E
:10A3A000124A154808F0E0F9019B002B3FF475AF05
:10A3B000124B40F2F5510D4A114808F0D5F92168C9
:10A3C000E160D3E704F1100001F050F90028D4D087
:10A3D0004FF0E0234FF08052C3F8042DBFF34F8FAE
:10A3E000BFF36F8FC9E700BF04130020BC5F00609C
:10A3F000C83F006010130020A83F00602812002012
:10A40000883F0060F0B585B00191002800F0888099
:10A41000866D0446002E40F0948001F00BFB05464B
:10A42000002800F0958035460027FFF76FFB236D6D
:10A43000002B7CD1019B002B61D0002D47D0FFF772
:10A440008BFB00F0C7FEFFF761FB94F85C30FF2B3D
:10A4500001D184F85C7094F85D30FF2B01D184F851
:10A460005D70FFF779FB01A902A801F05DFAF8B968
:10A47000FFF74CFB236D73BBFFF76EFB2368002BCC
:10A4800045D0019904F1300001F074F82046FFF73F
:10A4900071FC00F0A7FE48B94FF0E0234FF0805266
:10A4A000C3F8042DBFF34F8FBFF36F8F0125BCE7B7
:10A4B0002046FFF75FFC00F095FEFFF727FB236DBA
:10A4C00093B9FFF749FB9EB9002005B0F0BD02A883
:10A4D00001F01EFAB3E7FFF73FFB2046FFF74AFC07
:10A4E000012500F07FFEA0E70125FFF735FB9CE783
:10A4F000FFF70CFB616B29B9A06801F0A3FBFFF724
:10A500002BFBE1E7636C5968C1F10A01F4E7FFF73F
:10A51000FDFAA06801F09EFA0646FFF71DFBB0E7C2
:10A520001B4B40F285611B4A1B4808F01DF9013B9B
:10A53000226823650AB3636973B9FFF70DFB012035
:10A54000C3E7164B40F28961124A154808F00CF92E
:10A55000019BB3B92E4667E704F1100001F086F8BD
:10A560000028EAD04FF0E0234FF08052C3F8042DCA
:10A57000BFF34F8FBFF36F8FDFE701F0E7FBA06002
:10A58000D9E7084B40F28E61024A074808F0ECF820
:10A5900004130020B8630060683F00607C12002054
:10A5A000483F006028120020283F006070B5A0B12D
:10A5B000866804460D4601F037FA864208D02946DF
:10A5C0002046FFF71FFF10B1E3680133E36070BD61
:10A5D000E36801200344E36070BD034B40F23A316D
:10A5E000024A034808F0C0F8FC12002084600060B2
:10A5F000A841006070B584B0019200287BD00D4660
:10A60000044600297ED001F015FA002800F085806C
:10A61000FFF77CFA266D002E5AD1019B9BB302A84E
:10A6200001F076F9FFF798FA00F0D4FDFFF76EFA23
:10A6300094F85C30FF2B01D184F85C6094F85D30B5
:10A64000FF2B01D184F85D60FFF786FA01A902A80B
:10A6500001F06AF9E0B9FFF759FA236D2BBBFFF758
:10A660007BFA019904F1300000F084FF2046FFF7E7
:10A6700081FB00F0B7FD00B3FFF748FA236D3BBB49
:10A68000019B002BCED1FFF767FA002004B070BD0C
:10A690002046FFF76FFB00F0A5FDFFF737FA236DAB
:10A6A000002BF0D0FFF758FAE6E7FFF755FA2046FF
:10A6B000FFF760FB00F096FDDEE74FF0E0234FF080
:10A6C0008052C3F8042DBFF34F8FBFF36F8FD3E7D2
:10A6D000A26DE6683AB1B118A3689942E16027D249
:10A6E000284602F05BFF636BE66023BBFFF734FA9A
:10A6F000012004B070BD184B40F26471174A18482D
:10A7000008F032F8836D002B3FF47DAF154B4FF40A
:10A71000ED61124A144808F027F8019B002B3FF422
:10A7200077AF124B40F26D710C4A114808F01CF8DB
:10A730002168E160D4E704F1300000F097FF0028C1
:10A74000D4D04FF0E0234FF08052C3F8042DBFF374
:10A750004F8FBFF36F8FC9E704130020AC63006015
:10A76000083F006010130020E83E0060281200201F
:10A77000C83E006008B538B190F85E3003B108BD3E
:10A78000BDE8084005F0B4B9034B40F6D701034AD1
:10A79000034807F0E9FF00BF541100208461006006
:10A7A000883D006070B504460E461546FFF7AEF9C9
:10A7B00094F85C30FF2B02D1002384F85C3094F8CD
:10A7C0005D30FF2B02D1002384F85D30FFF7C4F920
:10A7D000236D23B12046BDE87040FFF7CBBA04F1EA
:10A7E00030002A46314600F0E3FE2046BDE87040C6
:10A7F000FFF7C0BA436830B54FF00A0E23B9BEF177
:10A80000010EFCD1002030BD054600F10C0CAB68F8
:10A810009B68634508BF6B691C699B689C4508BFC2
:10A820006B69186928B1026C8A4202D8026D8A42AB
:10A8300007D28442F1D1BEF1010EAB60E7D1002016
:10A84000E1E7AB6030BD00BF2DE9F0410446FFF702
:10A850005DF9464A464D1368013313602B68002B9F
:10A860004BD0444AE36B1268002A3FD0424E434823
:10A87000012243499A4007683A4302600A6801325C
:10A880000A6062655A0106EB4313B1589A68B1F148
:10A890005A3F39D1D969B1F15A3F35D16168B1F127
:10A8A0005A3F38D1E169B1F15A3F34D15968201D7E
:10A8B000D6680131C4E90326B060D060A361596055
:10A8C000FFF74AF92B4B1B6873B12A68E36BD26B15
:10A8D0009A4209D24FF0E0234FF08052C3F8042D82
:10A8E000BFF34F8FBFF36F8FBDE8F0812A68224E10
:10A8F000D26B9A42BBD82C60B9E72C601368012B4D
:10A9000010D0E36B1C4EB2E71E4B40F633011E4ADB
:10A910001E4807F029FF1E4B40F633011A4A1D4816
:10A9200007F022FF144E374606F5A0783846203748
:10A93000FFF70CF84745F9D1DFF87480164F404611
:10A94000FFF704F83846FFF701F81448FEF7FEFF5A
:10A950001348FEF7FBFF1348FEF7F8FF124BC3F84E
:10A960000080124B1F60E36B81E700BFB8A9002095
:10A9700044A7002080AA002058A70020C8A90020D2
:10A98000C4A900208008002008630060C85000604F
:10A9900050090020A85000602CAA002060AA0020C6
:10A9A0000CAB0020ECAA00204CA7002050A70020F0
:10A9B0000CAA00202DE9F843344C0546344A0F46D2
:10A9C0002668344B344CD2F800800022D3F8009033
:10A9D0002368206883F8D9200430FFF743F840B992
:10A9E000236801222D49DB6B9A400B6823EA02039E
:10A9F0000B606B1C26D12FB3294B19689A68B1F1F3
:10AA00005A3F35D1D969B1F15A3F31D121684968EE
:10AA1000B1F15A3F33D12168C969B1F15A3F2ED102
:10AA200021682668CA6020682168256804305C684F
:10AA3000043101345C60D4683461A060D160AB61E2
:10AA4000BDE8F8832368761921689E6005D34846DF
:10AA50000431BDE8F843FEF7C7BF40460431FEF7B6
:10AA6000C3FF104B1A68B242EAD91E60BDE8F883F2
:10AA70000D4B42F2A8110D4A0D4807F075FE0D4B23
:10AA800042F2A811094A0C4807F06EFE2CAB0020D8
:10AA90004CA7002050A7002044A70020C8A90020F0
:10AAA000ECAA002054AA00203C070020BC620060F1
:10AAB00008430060CC070020E842006010B504465F
:10AAC000783005F0CFFE94F8D83023B1012B11D0A7
:10AAD000022B08D110BD206C05F00AF82046BDE815
:10AAE000104005F005B8064B41F66911054A0648C5
:10AAF00007F03AFE2046BDE8104004F0F9BF00BF61
:10AB0000040A0020EC62006008480060F8B50D4CB3
:10AB10002368B3B10C4F0D4EFEF7F8FF7B691D693A
:10AB2000281DFEF79FFF3368013B33602368013B1C
:10AB30002360FFF711F82846FFF7C0FF2368002BBA
:10AB4000EAD1F8BDBCA900200CAB0020B8A90020B8
:10AB5000094C4FF0E0264FF0805508B5FFF7D6FFBF
:10AB60006368012B05D9C6F8045DBFF34F8FBFF3AF
:10AB70006F8FFFF79DF8F1E758A700202C4B0022BC
:10AB800070B51A60FFF7BAF82A4B2B4A186015689F
:10AB900019682A4CA94205D91E682068416F491BD3
:10ABA0003144416718682368106021682268096889
:10ABB000126C1B6C914203D91A68B2F1A53F20D0E8
:10ABC00021682068443107F0EFFD1D4B1B68B3FA84
:10ABD00083F3DBB21B48C3F11F0300EB43125B019D
:10ABE0005168F1B191680C338968034499429160CE
:10ABF00014D00B69144A23602368236878331360E8
:10AC000070BD5A68B2F1A53FDAD19A68B2F1A53F9A
:10AC1000D6D1DB68B3F1A53FD2D1D6E751699160B7
:10AC2000E7E70A4B41F22F41094A0A4807F09CFD29
:10AC300038AB0020A0A900209CA9002044A7002038
:10AC4000C8A9002058A70020F8210020A01000204B
:10AC5000FC610060284B00602DE9F0470A9C4FEA38
:10AC6000820A07460D465246A521206C9846AAF155
:10AC7000040A089EDDF8249005F0C2FD236C5344BD
:10AC800023F0070AC4F850A07DB105F1FF3C05F19F
:10AC9000090104F1430E1CF8015F0EF8015F0DB1CC
:10ACA0008C45F8D1002384F84D30092E29D8201D79
:10ACB000E663E665C6F10A06FEF75CFE04F12000D5
:10ACC000FEF758FE4C22002104F1780066626461B0
:10ACD000246305F095FD0E4B4246394603F16805A5
:10ACE000E367D0335046C4F88050C4F8843007F08E
:10ACF0006BFD2060B9F1000F01D0C9F80040BDE83C
:10AD0000F087044B40F27A71034A044807F02CFDA7
:10AD1000D4A50020380A002054630060E850006089
:10AD2000634B1A6801322DE9F04F1A6083B0002A94
:10AD300075D0604803689A42C0F08A805E4E3368DE
:10AD40005D68002D67D00025DFF8A4C14FF0010B2E
:10AD50005A4FA8469146AE46019033685B691B691D
:10AD600099688945C0F09F809969181DD3E903242B
:10AD7000D460A2608A6882424A6802F1FF3208BF4A
:10AD80008C60C3F818804A60596B79B103F12004D4
:10AD9000D3E90A25D560AA608A68A2424A6802F10E
:10ADA000FF3208BF8D60C3F834804A60D96BDCF88D
:10ADB00000400BFA01F22243CCF800204A01BD58B2
:10ADC00007EB4112B5F15A3F94684ED1D569B5F100
:10ADD0005A3F4AD15D68B5F15A3F5AD1DD69B5F1A4
:10ADE0005A3F56D1D4F80CA05568DC60C3F810A0C7
:10ADF0000135CAF80800E0609A61314B55601B6864
:10AE0000DB6B994288BF4FF0010E33685B68002B03
:10AE1000A3D1754601984FF0FF33036019E0264B2C
:10AE20001968496800292DD126491C6808681860EE
:10AE300025480C6001680131016019684968D9B979
:10AE40001C484FF0FF33036003689A42BFF476AFAB
:10AE500000251E4B1B681BB31D4B1B68002B0CBF32
:10AE60002846012003B0BDE8F08F1A4B41F2D621ED
:10AE7000194A1A4807F078FC1B680E485B695B6842
:10AE8000036057E7164B41F29221134A154807F029
:10AE90006BFC154B41F2D6210F4A144807F064FCB5
:10AEA00001F02AFDD8E7019875460160D1E700BF9F
:10AEB0002CAB002054AA00204CA7002058A700204B
:10AEC00044A7002050A7002058AA00205CAA002018
:10AED00038AB0020EC15002010620060684B006069
:10AEE00074150020884B0060B4160020484B0060A9
:10AEF000C8A900202DE9F04387B00E460021DDF8F7
:10AF00003C80109C0491B8F1000F23D04CB39946BB
:10AF1000DC2317460593059A9A4229D10546204617
:10AF2000059B05F06DFC28460E9DC4F840804B46FD
:10AF30000095022502943A4684F8D85004AD314673
:10AF40000195FFF789FE2046FFF77EFC049807B0C5
:10AF5000BDE8F0830A4B40F207510A4A0A4807F05D
:10AF600003FC0A4B4FF4A161064A094807F0FCFBB9
:10AF7000084B4FF4A261034A074807F0F5FB00BFF6
:10AF80007C1300206C630060485100609C1300201B
:10AF900028510060B8130020085100602DE9F043EB
:10AFA000074685B0900016468846994604F098FDFD
:10AFB000E0B105460121DC2004F076FD044690B1A5
:10AFC00005644B460D9D32464146384601950C9D21
:10AFD00002940095FFF740FE2046FFF735FC012064
:10AFE00005B0BDE8F083284604F082FD4FF0FF3045
:10AFF000F6E700BFF8B50446374EFEF787FD002C94
:10B000003ED0271D3846FEF72DFD68B9E26B334B65
:10B0100003EB42135B683BB93149012303FA02F2A7
:10B020000B6823EA02030B60636B1BB104F1200081
:10B03000FEF718FD2B4A2C4D13680133136033685B
:10B04000A3422B6826D0294A1368013B1360284B82
:10B050001A6852687AB11A68264B526952681A60A7
:10B06000FEF77AFD2046FFF729FD2B6813B1336800
:10B07000A3421CD0F8BD1F4B4FF0FF321A60EFE720
:10B080003468002CBDD11C4B40F6B2011B4A1C4851
:10B0900007F06AFB002BD6D039461A48FEF772FC3F
:10B0A000194A136801331360FEF756FDDDE7174BAD
:10B0B0001B6853B94FF0E0234FF08052C3F8042DC2
:10B0C000BFF34F8FBFF36F8FF8BD114B40F62B11BD
:10B0D0000A4A104807F048FB44A7002058A7002060
:10B0E000C8A90020C4A9002080AA0020B8A9002077
:10B0F0004CA7002054AA0020C80E0020FC6200606B
:10B10000885000600CAB0020BCA90020C0A9002022
:10B11000E00E00206850006010B58AB00024214B7A
:10B1200006AA05A904A807930894ADF82440CDE920
:10B13000044407F021FB234607A90094DDE904023B
:10B14000CDE90120069A1848FFF7D4FE174B186086
:10B1500018B9174B1B680AB010BD01F0A3FA0128FB
:10B1600008D00130F5D1134B40F6C361124A1348A1
:10B1700007F0FAFA4FF0200383F31188BFF36F8FC3
:10B18000BFF34F8F0E4B0F4A1B680F497833136084
:10B190004FF0FF330D4A0B600D4B10601C6007F041
:10B1A00017FBD6E749444C45514700004CAA002004
:10B1B000AC0C00208C10002088620060884D00607C
:10B1C00044A70020F821002054AA002080AA0020D3
:10B1D0002CAB0020024A136801331360704700BF94
:10B1E000C0A900202DE9F84F644CFEF78FFC2368BE
:10B1F000002B00F09C802368013B23602268002A1A
:10B2000040F088805E4B1B68002B00F083805D4E11
:10B210007368002B67D0DFF8A4C14FF001085A4FC4
:10B22000914673691B695A6B03F12005D3E90A0142
:10B23000C16088609068A84208BF91605168C3F8F7
:10B240003490013951609D69181DDCF800E0D3E9A4
:10B250000321D1608A60AA6882426A6808BFA96037
:10B26000013AD96BC3F818906A6008FA01F242EA11
:10B270000E02CCF800204A01BD5807EB4112B5F18F
:10B280005A3FD2F808E04BD1D569B5F15A3F47D1C2
:10B290005D68B5F15A3F51D1DD69B5F15A3F4DD1E5
:10B2A0005568C3F80CE005F1010B384D2D68D5F851
:10B2B0003CA0DEF80C5051451D61A860CEF80C0092
:10B2C0009A61C2F804B002D9314BC3F800807368A8
:10B2D000002BA6D12F4B1A685268002A48D12E4B5A
:10B2E0004FF0FF321A602D4EDFF8A48035686DB341
:10B2F000012706E0FFF714FD08B1C8F80070013D12
:10B3000023D02368002BF5D033680133336001F07C
:10B31000F3FAF4E70024FEF71FFC2046BDE8F88F9F
:10B320001F4B40F6D5711F4A1F4807F01DFA1F4BEF
:10B3300040F6C1711B4A1E4807F016FA1D4B40F635
:10B34000D571184A1C4807F00FFA3560D8F800305C
:10B35000002BDFD04FF0E0234FF080520B490968FB
:10B36000C3F8042DBFF34F8FBFF36F8F0124D2E7D3
:10B370001A68094B526952681A60B4E7C0A90020E4
:10B38000B8A9002060AA002058A7002044A70020E8
:10B3900038AB00204CA7002054AA00205CAA002053
:10B3A000EC15002078620060484D0060341C0020DD
:10B3B000684D0060B4160020284D0060C8A9002028
:10B3C00010B588B3002936D0224B024618680130E8
:10B3D0001860214800681B68012B33D1146863187A
:10B3E0002CBF01210021844209D8984200D339B1F1
:10B3F0000021181A13600124FFF7DCFA02E081B97A
:10B4000000241360FFF7EEFE48B94FF0E0234FF041
:10B410008052C3F8042DBFF34F8FBFF36F8F2046C8
:10B4200010BD9842E4D3EBE70C4B40F646110C4AB2
:10B430000C4807F099F90C4B40F64711084A0B48A5
:10B4400007F092F90A4B40F64F11054A094807F0F8
:10B450008BF900BFC0A900202CAB0020D413002022
:10B46000DC62006048500060E81300202850006053
:10B47000001400200850006008B560B10F4B1A6836
:10B4800001321A601B68012B10D10021FFF792FADC
:10B49000FFF7A8FE48B94FF0E0234FF08052C3F801
:10B4A000042DBFF34F8FBFF36F8F08BD044B40F6E1
:10B4B000A511044A044807F057F900BFC0A90020AD
:10B4C00000140020B0620060E84F0060014B186873
:10B4D000704700BF2CAB002008B14430704708B55E
:10B4E000054B186808B1443008BD044B41F28B018C
:10B4F000034A044807F038F944A70020C80E00208A
:10B5000068620060084D006008B5054B186800B11E
:10B5100008BD044B41F2AE11034A044807F024F978
:10B520004CAA00204815002024620060684C00608E
:10B5300008B5074B1B681BB9BDE80840FFF7F0BB17
:10B54000044A13680133136001F0D6F9002008BDE6
:10B55000C0A900205CAA0020044B1B681BB1044B4F
:10B5600001221A607047FFF709BB00BFC0A9002085
:10B5700038AB002010B558B1094B0C461968203182
:10B58000FEF732FA20460121BDE81040FFF712BA5B
:10B59000044B41F2B541044A044807F0E5F800BF06
:10B5A00044A70020FC0E0020E4610060084B00600E
:10B5B000F8B5002843D0034600688C461146B0F128
:10B5C0005A3F9A682DD1D869B0F15A3F29D11F4C02
:10B5D0002068006AB0F15A3F2AD12068806BB0F130
:10B5E0005A3F25D125680029D4F800E0AA6208BF97
:10B5F00060465D6818BF4FF0FF3027682668013548
:10B600002037D4F800C006F12004D668CEF82C60AC
:10B61000B760D460CCF834305D60BDE8F840FFF727
:10B62000C9B90B4B41F2FF410A4A0B4807F09CF89D
:10B630000A4B41F2FF41074A094807F095F8094BC8
:10B6400041F2F341034A084807F08EF844A700206E
:10B65000340F0020B0610060484A0060B40F002041
:10B66000284A0060FC0E0020684A006043691B699C
:10B6700070B5002B74D05A6B03F120040025D3E978
:10B680000A01C16088609068A042474808BF916085
:10B690005168006801395D63516028B3434A1068FE
:10B6A0009168B0F15A3F69D1D069B0F15A3F65D184
:10B6B000186AB0F15A3F6FD1986BB0F15A3F6BD115
:10B6C000C868C3E90A108460CC60D96B5A63384BF0
:10B6D00050681B680130DB6B506099423ED90123F2
:10B6E000344A1846136070BD9A691C1D0026324DFD
:10B6F000D3E90301C16088609068A042506800F1FE
:10B70000FF3008BF9160D96B9E61506001222868AC
:10B710008A40024348012A60284A155802EB411228
:10B72000B5F15A3F906822D1D569B5F15A3F1ED183
:10B730005D68B5F15A3F28D1DD69B5F15A3F24D192
:10B74000C6685568D8601E610135B460C4609A61EE
:10B75000174B55601B68DB6B9942C0D8002070BD49
:10B76000174B41F22A51174A174806F0FDFF174BB5
:10B7700041F23051134A164806F0F6FF154B41F2DC
:10B780004451104A144806F0EFFF144B41F2305177
:10B790000C4A134806F0E8FF124B41F24451094AA3
:10B7A000114806F0E1FF00BFC0A9002060AA0020F8
:10B7B00044A7002038AB0020C8A9002058A70020CB
:10B7C0003819002028610060084A006048190020EC
:10B7D000E8490060E41A0020A8490060241A00200B
:10B7E000C84900607C1B002088490060F8B53A4BCE
:10B7F0001B68002B62D041F0004103694160002BBF
:10B8000063D041690026D0E90242E26094608C680E
:10B81000DD6884424C6808BF8A600022013C4261B6
:10B820009A694C601C1D90681969A042D86BE96048
:10B830008D6008BF91605168284D01399E610126D5
:10B84000D5F800C051604101254A575806FA00F169
:10B8500002EB401241EA0C01B7F15A3F29609168AE
:10B860001ED1D569B5F15A3F1AD15D68B5F15A3F7D
:10B870001DD1DD69B5F15A3F19D11A4DCF682D6838
:10B88000D960D5F83CC0556860451F6105F10105D8
:10B89000BC60CC609A61556001D9134B1E60F8BD45
:10B8A000124B41F29851124A124806F05DFF124BBA
:10B8B00041F298510E4A114806F056FF104B41F2E2
:10B8C00078510B4A0F4806F04FFF0F4B41F283515E
:10B8D000074A0E4806F048FFC0A90020C8A900206A
:10B8E00058A7002044A7002038AB002048190020AA
:10B8F0000461006028490060241A002008490060A3
:10B90000080F00206849006038190020484900608D
:10B91000034A044B12681B68C0E90023704700BF4C
:10B9200058AA00202CAB0020F8B5002832D00D46D4
:10B93000002936D00446FEF7E9F81D4A1D4B16686B
:10B940001968606891F8D91041B11B68002283F82A
:10B95000D9200124FEF700F92046F8BD2B68591CB8
:10B9600016D0DFF868C02168DCF80070B94204D056
:10B97000B04202D800232B60EBE7371ABB42F9D95B
:10B980009B1BDCF80010126803442B60C4E9001212
:10B990000024DFE7084B41F2DA51084A084806F074
:10B9A000E3FE084B41F2DB51044A074806F0DCFE97
:10B9B0002CAB002044A7002080100020A060006075
:10B9C000C84800606C130020A848006058AA0020F6
:10B9D000014B01221A60704738AB002008B570B1E6
:10B9E000006C0378A52B15D103469C4613F8012F54
:10B9F000A52AFAD0C0F101006044800808BD064BBA
:10BA000018680028ECD1054B41F62611044A054878
:10BA100006F0AAFE002008BD44A70020C80E0020A2
:10BA20001C60006028480060014B1868704700BF28
:10BA300044A70020054B1B6833B1054B1868B0FACA
:10BA400080F04009400070470120704780AA002024
:10BA5000C0A90020F8B50446B8B1314DC36B2A68BF
:10BA6000D26B934212D2426A002A04DB2A68D26B5C
:10BA7000C2F10A0242622B4EA26906EB43139A42BC
:10BA80000CD02B68DB6BE3630120F8BD2B68C06D25
:10BA9000DB6B98422CBF00200120F8BD271D3846E3
:10BAA000FDF7E0FF204928B32B6801220868DB6B13
:10BAB0009A40E36302430A605A0106EB4313B1580C
:10BAC0009A68B1F15A3F1DD1D969B1F15A3F19D1E4
:10BAD0006168B1F15A3F1CD1E169B1F15A3F18D107
:10BAE000D168C4E903218F605968D7600131A3612F
:10BAF0005960C9E7E36B01229A400B6823EA02030D
:10BB00000B60D1E7094B41F61D21094A094806F0AF
:10BB10002BFE094B41F61D21054A084806F024FE7C
:10BB200044A7002058A70020C8A90020941700208F
:10BB300004600060E847006074180020C847006097
:10BB400088B1F8B5334B04461B68834245D11B6E60
:10BB5000002B49D0C16B013BC26D0366914200D0FE
:10BB60001BB10020F8BD00207047051D2846FDF7D9
:10BB700079FF294930B90122E06B0B68824023EA42
:10BB800002030B60E36D01200F68C3F10A025E013E
:10BB9000E3636262214A965902EB431200FA03F30F
:10BBA000B6F15A3F43EA07030B60936823D1D1698A
:10BBB000B1F15A3F1FD16168B1F15A3F22D1E16919
:10BBC000B1F15A3F1ED15168DE680131E360266150
:10BBD000B560DD60A2615160F8BD114B41F6632193
:10BBE000104A114806F0C0FD104B41F664210D4A81
:10BBF0000F4806F0B9FD0F4B41F68521094A0E4862
:10BC000006F0B2FD0D4B41F68521064A0C4806F0C0
:10BC1000ABFD00BF44A70020C8A9002058A7002002
:10BC200064170020CC5F0060A84700607C170020EC
:10BC300088470060EC15002068470060B4160020BB
:10BC40004847006070B1036E70B50446002B49D0C0
:10BC5000C06DE26B814238BF0146012B01D18A429F
:10BC600001D170BD70472D4B1B68A34241D0636A60
:10BC7000E163002B02DBC1F10A016162284DA36977
:10BC800005EB42129342ECD1261D3046FDF7EAFE49
:10BC9000E36B012223499A4018B9086820EA0200A0
:10BCA0000860086802430A605A0105EB4313A9586B
:10BCB0009A68B1F15A3F23D1D969B1F15A3F1FD1E6
:10BCC0006168B1F15A3F22D1E169B1F15A3F1ED109
:10BCD000D168C4E903218E605968D6600131A3613F
:10BCE000596070BD104B41F6C121104A104806F052
:10BCF0003BFD104B41F6DC210C4A0F4806F034FDA9
:10BD00000E4B41F60431094A0D4806F02DFD0D4B4E
:10BD100041F60431054A0C4806F026FD44A70020F0
:10BD200058A70020C8A900207C170020CC63006021
:10BD3000284700606810002008470060EC150020CC
:10BD4000E8460060B4160020C8460060034B18683F
:10BD500010B1036E01330366704700BF44A7002093
:10BD600003282DE9F047089F62D8374D1E46044648
:10BD700090462B68034493F8D430DBB20FB1022B0A
:10BD800025D1FDF7C3FE36B12B6804F1300203EB79
:10BD900082035B6833602B68234493F8D430022B12
:10BDA0000AD000262B680022234483F8D420FDF714
:10BDB000D3FE3046BDE8F0872B68012603EB8403F1
:10BDC000D3F8C42022EA0802C3F8C420EAE71F4AD5
:10BDD0008946136801331360FDF798FE2B682344EE
:10BDE00093F8D430022B2AD02B684FF0010A03EBD2
:10BDF0008403D3F8C42022EA0902C3F8C4202B68C4
:10BE0000234483F8D4A0FDF7A7FE51463846FEF739
:10BE1000D1FDFFF7E7F90028B3D14FF0E0234FF051
:10BE20008052C3F8042DBFF34F8FBFF36F8FA8E785
:10BE3000074B41F67B61074A074806F095FCFDF782
:10BE40008BFEFFF7CFF99CE744A70020C0A9002094
:10BE5000980C0020946300608846006003292DE957
:10BE6000F041DDF8188000F28E800446002800F0D2
:10BE700091800D4617461E46FDF748FEB8F1000FAB
:10BE800006D005F1300304EB83035B68C8F800308B
:10BE90006319022193F8D42083F8D410D3B2042E6E
:10BEA00000F29680DFE806F0095964050300022BD2
:10BEB00077D0303504EB85056F60012B05D0012468
:10BEC000FDF74AFE2046BDE8F081A369201D00264B
:10BED000454DD4E90312CA6091609968814259685E
:10BEE00001F1FF3108BF9A60E26BA661596001233E
:10BEF000296893400B4351012B603C4B5D5803EB89
:10BF00004213B5F15A3F996854D1DD69B5F15A3FF2
:10BF100050D16568B5F15A3F45D1E569B5F15A3F51
:10BF200041D15D68CE68E16001352661B060C860CE
:10BF3000616BA3615D60002943D12D4B1B68DB6BF6
:10BF40009A42BCD94FF0E0234FF08052C3F8042D41
:10BF5000BFF34F8FBFF36F8FB1E704EB8505012B64
:10BF6000D5F8C42042EA0702C5F8C420A7D1ACE73F
:10BF700004EB8505012BD5F8C42002F10102C5F8B8
:10BF8000C4209CD1A1E71B4B41F6EF611A4A1B4824
:10BF900006F0EAFB1A4B41F6F061174A194806F021
:10BFA000E3FB00248CE7184B41F63171124A174825
:10BFB00006F0DAFB164B41F631710F4A154806F0D0
:10BFC000D3FB154B41F634710B4A144806F0CCFBF9
:10BFD000134A1268002A3FF470AF124B41F62571E4
:10BFE000054A114806F0C0FBC8A9002058A7002048
:10BFF00044A700201C140020806300606846006095
:10C000003014002048460060B4160020E845006067
:10C01000EC1500200846006060140020C845006050
:10C020002CAB002040140020284600602DE9F04190
:10C03000DDF81880002800F0BE8003290F4600F2CA
:10C04000C18016461D460446FDF7B6FDEFF3118C80
:10C050004FF0200383F31188BFF36F8FBFF34F8F2F
:10C06000B8F1000F06D007F1300304EB83035B68DF
:10C07000C8F80030E319022193F8D42083F8D410D3
:10C08000D3B2042D00F2CA80DFE805F00B4A550652
:10C090000300022B00F09D8007F1300104EB8101C9
:10C0A0004E60012B04D001208CF31188BDE8F08193
:10C0B000636B002B40F08F805E4B1B68002B45D0DC
:10C0C0005D4B19689A68B1F15A3F40F09280D96986
:10C0D000B1F15A3F40F08D80216AB1F15A3F40F0F2
:10C0E0008F80A16BB1F15A3F40F08A805968D068C7
:10C0F0000131596004F12001C4E90A208160D16056
:10C10000E26B63634D4B1B68DB6B9A42CBD9079B99
:10C1100013B10123079A1360494B01221A60C2E749
:10C1200004EB8701012BD1F8C42042EA0602C1F8D2
:10C13000C420B8D1BCE704EB8701012BD1F8C4209F
:10C1400002F10102C1F8C420ADD1B1E7A369D4E97D
:10C1500003129868CA609160211D8842394808BF5F
:10C160009A6000220568A2615A68013A5A60012368
:10C17000E26B93402B4303605001334B1D5803EB9C
:10C180004213B5F15A3F98682CD1DD69B5F15A3F99
:10C1900028D16568B5F15A3F39D1E569B5F15A3F03
:10C1A00035D15D68C6680135E0602661B160C16067
:10C1B000A3615D60A6E7254B41F66971244A2548D5
:10C1C00006F0D2FA244B41F66A71214A234806F060
:10C1D000CBFA002068E7224B41F6BF711C4A214888
:10C1E00006F0C2FA204B41F6C471194A1F4806F006
:10C1F000BBFA1F4B41F6DA71154A1E4806F0B4FA35
:10C200001D4B41F6DA71124A1C4806F0ADFA1C4B80
:10C2100041F6C4710E4A1B4806F0A6FA1A4A126883
:10C22000002A3FF43EAF194B41F6B471084A184852
:10C2300006F09AFAC0A9002060AA002044A70020B6
:10C2400038AB0020C8A9002058A7002030140020D7
:10C2500038630060A84500601C1400208845006019
:10C260006014002048450060EC150020284500605F
:10C27000E41A0020E8440060A0140020C8440060D4
:10C28000B4160020084500602CAB002040140020AC
:10C2900068450060254B1A6870B5064682B01AB131
:10C2A0001A68126C824219D94FF0E023D3F8043D8A
:10C2B000DBB2002B36D01E4D0A24013C2846314605
:10C2C000203DFEF797FA84B10028F6D04FF0E02326
:10C2D000D3F8043DDBB2FBB102B070BD1A68126D39
:10C2E0008242E1D3186802B070BD0028EED1114B34
:10C2F0001868FEF77FFA0028E8D10F4B1868FEF7A0
:10C3000079FA0028E2D10D48FEF774FA0028DDD151
:10C310000B48FEF76FFAD9E70190FDF71DFC019875
:10C3200002B070BDFDF7F2FBC5E700BF44A70020D7
:10C3300078A800204CA7002050A700200CAB0020BC
:10C34000ECAA0020F0B5124C83B0FDF7DFFB2568A6
:10C3500025B103B0BDE8F040FDF7FEBB0D4F0E4E1A
:10C360003846FDF7F3FA3046FDF7F0FA0B4A009530
:10C37000102117600A200A4A0A4B16600A4AFDF784
:10C3800095FD206003B0BDE8F040FDF7E5BB00BFC0
:10C3900030AB0020CCA90020ECA9002048A7002049
:10C3A00054A7002084AA0020F8A800202DE9F04717
:10C3B000DFF8849005460F46D9F800305B691C69A8
:10C3C00004F104084046FDF74DFB94F830305A075D
:10C3D0000DD423F00103204684F83030A36ABDE871
:10C3E000F047184793421BD83546A36A9847236AFB
:10C3F0007A1B20466461EE182CBF01210021B74250
:10C40000A660EFD2AF4201D20029EDD0D9F80000EA
:10C410004146FDF7E9FAA36A2046BDE8F047184710
:10C42000044B41461868FDF7DFFAA36A2046BDE8D1
:10C43000F047184754A7002048A700202DE9F04FE7
:10C44000914E85B0DFF854824FF0000A8F4FDFF82D
:10C45000509233685D68002D00F0D7805B695D689D
:10C46000FEF7B8FEFFF732F8D8F8003004469842DD
:10C470006AD38542C8F8000000F2F680FEF7B2FEEB
:10C4800021462846FFF792FFCDE900AACDE902AA8E
:10C49000002269463868FDF7F1FE0028D9D0009BDC
:10C4A000002BC0F2A080029C002CF1D0A36913B134
:10C4B000201DFDF7D7FAFFF709F8D8F80030054638
:10C4C000984212D3009BC8F80050013B082BDFD8DC
:10C4D000DFE803F0151579638015157963005B6952
:10C4E0004FF0FF315868FFF761FF33685A68002A40
:10C4F000F5D1D9F80020C9F800303260E2E794F8AD
:10C5000030C0019A216A4CF001006461531884F82C
:10C5100030002CBF01200020AB42A3606CD8AA1AC7
:10C52000914200F2A3801CF0040F23D12CF00103F0
:10C5300084F83030A36A20469847A9E75B694FF03A
:10C54000FF315868FFF732FF33685A68002AF5D187
:10C55000D9F80020C8F80040C9F800303260FEF772
:10C5600041FE91E7EB1A994278D8A36A2046984792
:10C57000216A5B4611EB030B64612CBF0122002290
:10C580005D45C4F808B0EDD29D4201D2002AECD03E
:10C59000211D3068FDF728FACCE794F83020019B84
:10C5A00042F00102236284F83020002B64D02B4437
:10C5B000211D6461AB42A36094BFD9F800003068CC
:10C5C000FDF712FA64E794F8303023F0010384F8A1
:10C5D00030305DE794F830309A073BD523F0010303
:10C5E00084F8303054E7019BDDE902019847009B55
:10C5F000002BFFF64DAF56E7AA4201D9002892D092
:10C60000211D3068FDF7F0F942E7FEF7E3FDFEF784
:10C610005DFFD8F800300446834295D8D9F8003041
:10C62000C8F800405A68B2FA82F25209291B3868E9
:10C63000FEF7B8F8FEF7D6FD00287FF425AF4FF0DF
:10C64000E0234FF08052C3F8042DBFF34F8FBFF3A8
:10C650006F8F19E7204603F04BFA19E7211DD9F82F
:10C660000000FDF7C1F965E70022DFE7211DD9F8D9
:10C670000000FDF7B9F90BE7054B40F20E41054A02
:10C68000054806F071F800BF48A7002030AB002035
:10C69000480A0020D4600060F851006050AA0020D1
:10C6A00054A7002030B589B0FFF74CFE114B1B6832
:10C6B000CBB1002407AA06A905A80925CDE90544A0
:10C6C00006F07EF82346079A0095DDE90501CDE9DD
:10C6D000011009490948FEF70DFC094B186010B11B
:10C6E000012009B030BD074B4FF4A371064A07483B
:10C6F00006F03AF830AB00206C1C00203D600000D2
:10C7000034AB0020741C002044610060CC530060F6
:10C710002DE9F041804634200D4616461F4603F0B1
:10C72000DFF90446A8B1002380F83030A5B1FFF747
:10C7300009FE069B201DC4F80080A362C4E90857C7
:10C74000FDF718F92EB194F8303043F0040384F863
:10C7500030302046BDE8F081034B40F2A911034A76
:10C76000034806F001F800BF501C00206C60006018
:10C770006053006010B5144C84B0236893B188B145
:10C7800005290290CDE9001216DCFFF753F90228C3
:10C790004FF0000309D069461A462068FDF700FCF7
:10C7A00004B010BD002004B010BD069A6946206890
:10C7B000FDF7F6FB04B010BD044B4FF4EB71044AD7
:10C7C000044805F0D1FF00BF30AB00207C1C0020E6
:10C7D000386000603C53006008B5054B186800B134
:10C7E00008BD044B40F22121034A044805F0BCFF78
:10C7F00034AB0020A01C0020E45F0060F452006015
:10C8000000F040B900B54FF0FF3483B0002300942E
:10C810001A4619461846FFF7A3FA00F081F8F5E723
:10C8200000B50A2483B0002300941A46194618461E
:10C83000FFF796FA05F0B4FFF5E700BF30B51548ED
:10C8400083B000244FF48072019023461249009473
:10C850001248FEF7A3FB012211492346114800911B
:10C860001146FFF755FF0546FEF730FE2346024608
:10C87000012128460094FFF77DFF0B4D0820234639
:10C880004FF480720949CDE900050948FEF786FB9F
:10C8900003B030BDFCA00020005400602164000003
:10C8A00001640000F853006000A10020F053006014
:10C8B00005640000EFF311814FF0200383F311882A
:10C8C000BFF36F8FBFF34F8F044A13780133DBB28E
:10C8D000012B137008BF5170704700BFCC1F0020A0
:10C8E000044A1378013BDBB2137013B9537883F316
:10C8F00011887047CC1F00200449054A4968054B40
:10C900001960136801331360704700BF001000E026
:10C91000F0A80020ECA800204FF6FF7303807047BA
:10C9200070B5EFF3108272B60C4C206880B10C4EDB
:10C9300000254369236073B19D6102B962B68368C3
:10C9400045779847EFF3108272B620680028F0D13F
:10C9500002B962B670BD3360EFE700BFD4A000201B
:10C96000D0A00020FFF7DCBF10B41A4C2368F3B14D
:10C97000026819688A420FD2891A00228360C26055
:10C980001960D860206002235DF8044B037570477E
:10C990001C68A2420FD321461C4694469B68521A3B
:10C9A0000260002BF4D1C0E90234A060EBE7C0E9DB
:10C9B00002332060E7E7A1EB0C01836002222144EF
:10C9C000DC68C460D860C468A06019605DF8044B7E
:10C9D00002757047C4A000200449054A4968054B08
:10C9E0001960136801331360704700BF001000E046
:10C9F000F0A80020ECA8002038B5EFF3108572B63F
:10CA0000437F3BB9027F0446012A06D0032A0ED099
:10CA10000123637705B962B638BD10490A6892B13F
:10CA20000F4A43611368106083615861F0E70D4855
:10CA30000D4A016869B163611368A3615C611460A8
:10CA4000FDF724F9E4E7064B08601860C0E9052209
:10CA5000DEE7C4E905110460F1E700BFCCA00020C7
:10CA6000D8A00020D4A00020D0A0002090F81CC0A6
:10CA70004160BCF1020FC26001D183681847FFF723
:10CA8000BBBF00BFF8B5224D2C6834B30026214F40
:10CA900005E0836898476368C3B92C68ECB12268E5
:10CAA000002A32D1A36803B1DA6020692B600368E1
:10CAB00026751B68BB4222D1037F4660022BC460EF
:10CAC000E7D0FFF799FF6368002BE6D0204623608C
:10CAD000FFF74AFF2C68002CE1D10F4B1A686AB1AE
:10CAE000EFF3108272B600211C6819605AB12CB1A4
:10CAF0002046A468FFF738FF002CF9D1F8BD224684
:10CB000000219847C7E762B6F1E7013A2260E4E7FF
:10CB1000C4A000206D660000C8A00020012070475E
:10CB2000B0F84630B0F848209BB292B2934202D29D
:10CB3000013AD01A7047416B01390A44D01A704744
:10CB4000016972B6B0F84A20B0F84C3092B29BB28C
:10CB50009A423CBF806B1218C86AD31A62B6C0F3FF
:10CB600002601844704700BFB0F84A100246B0F89F
:10CB70004C3089B29BB2994210B4046914D001338D
:10CB8000906B116B984298BF0023994206D85B1AAC
:10CB9000526AD05CC0B25DF8044B7047126A5DF80F
:10CBA000044BD05CC0B2704772B6B0F84A0080B295
:10CBB000814201D062B6E2E7E36A13F0E06F03D18D
:10CBC0004FF0FF3062B6E6E7E36901200024116A06
:10CBD000A2F84A00C3F30900DBB2A2F84C404B7044
:10CBE000F0E700BFB0F84A100246B0F84C3089B206
:10CBF0009BB2994230B4046925D00133946B9C42B6
:10CC000016D9106B1FFA83FC984217D9106AC05CC2
:10CC1000C0B2956DA2F84CC045B199421CD3CB1A55
:10CC2000D16B994202D3D36DC5F8883030BC7047C0
:10CC30004FF0000C106B63469842E7D8181A556AFB
:10CC4000285CC0B2E5E7084672B6B2F84A1089B26D
:10CC5000884204D062B6D0E70C44E31AE0E7E36A06
:10CC600013F0E06F03D14FF0FF3062B6DEE7E0690A
:10CC7000C0F30900F9E700BF90F8443043B110B5A4
:10CC8000044605F06DFD94F84430002BF9D110BD39
:10CC9000704700BF38B5D0E90453D3E903120968DF
:10CCA000114228D090F84420044632B105F058FDD6
:10CCB00094F84430002BF9D1636900210E4AA96130
:10CCC000207E03EB0010007D02EB0010456805207C
:10CCD0002860657E03EB051393F8343002EB0312F2
:10CCE000A36D52681060A4F84A10A4F84C1013B158
:10CCF000E26DC3F8842038BD705A006007EE901AC8
:10CD00009FED997A0421B6EE005AF8EE677A9FED0E
:10CD1000976A41F6FF7CC7EE275A2DE9F047144683
:10CD20008E460569012207EE901AF8EEE77A85EE45
:10CD3000A77A77EE057AFDEEE77A17EE903A63452B
:10CD4000A8BF6346012BB8BF012307EE903AF8EE67
:10CD5000E76A76EEC76AC6EE877AF5EEC07AF1EE3C
:10CD600010FA48BFF1EE677AF4EEC67AF1EE10FAE7
:10CD700003D8B0EE676A8E461A4601312129D2D116
:10CD80000023416904F40076A0F84A30B1F85AC093
:10CD90009E42A0F84C30B1F85860A0F84630A0F898
:10CDA000483080F84430836BCF68A3EB0606A3EBD2
:10CDB0000C03C0E90F633B680E6943EA06033B605E
:10CDC00014BF01230023837640F0A980037E684EC0
:10CDD00001EB0318DFF8BC9198F81470D8F81CA088
:10CDE00006EB0717BB68C3F800907B68D8F818708B
:10CDF0001F60BAF1000F03D0D8F82030CAF8003015
:10CE0000477ED92301EB071898F834C006EB0C1CB9
:10CE1000DCF808703B60DCF80430D8F838701F602C
:10CE2000437E01EB0313DF6B0FB11B6C3B60BEF164
:10CE3000080F0EF1FF3CCCBF4FF0000E4FF0010E7B
:10CE400042EA4E434FEA0C6202F0F85213430022CA
:10CE50002B614B7849681033EA60464A42F8231048
:10CE6000BFF34E8F42694FF0010E434904F0030CAB
:10CE7000577892F85620414B7A544FF00217416987
:10CE80004A7803EB521302F01F029B000EFA02F2E3
:10CE90001A60EF62AB6A43F08803AB6263073AD46F
:10CEA0004CF4701304F00F02042A827E08BF43F092
:10CEB0008043A7062AD543F08053002A36D126079F
:10CEC000AB6103D52B6943F000532B616B69E2061C
:10CED00023F0805348BF43F080536B61E30503D5D3
:10CEE0002B6943F400532B618B686BB1244D2C7874
:10CEF000002C37D0234B03EB840101E08B4224D07C
:10CF000053F8042F9042F9D1BDE8F087002AD6D01B
:10CF100043F0A003D3E71C4B4CEA0303C2E7477E70
:10CF20004FF2D903124E01EB07186DE7427E43F032
:10CF3000A00301EB021292F8342006EB0216B66849
:10CF4000326822F440423260B9E7621CD2B20F4923
:10CF50000F4B2A7043F824000B7843F002030B7048
:10CF6000BDE8F0870122F2E7001BB74BEC78AD601B
:10CF7000705A00600024002000E400E040380038CF
:10CF80004BAB0020D8A0002010003C005AAB002082
:10CF9000DCA0002038F00100EFF31380C0B9EFF3FC
:10CFA00010834BB9EFF305823AB94FF48073EFF376
:10CFB000118058B1984209D270470F2A03D8EFF375
:10CFC000118218467047044B9B5CF0E71846704787
:10CFD0004FF0FF30F0E700BFF0E300E0036D2DE914
:10CFE000F04104460F46066913B1426DC3F8842030
:10CFF000A37E2BB172B6B36943F00053B36162B63E
:10D00000B4F84650636BADB20135AB424CD84FF02B
:10D0100000084546B4F848309BB29D4219D028E03C
:10D0200073691B0210D5B4F84830626B9BB20133B0
:10D030009A4236D99AB2E16A99422DD9E169CB5C1C
:10D04000DBB2F361A4F84820B4F848309BB2AB429D
:10D050000FD1FFF7A1FF6369B3F856308342DFDADF
:10D06000FF28F1DD05F07CFBB4F848309BB2AB4201
:10D07000EFD0E36AFFB2AB4219D9E3695F5572B6EC
:10D08000012084F84400A4F84680B36943F4000307
:10D09000B36162B6BDE8F0815B1AA16ACB5CDBB21A
:10D0A000CFE700221346C6E71FFA85F8B2E7ED1A6C
:10D0B000A36A5F55E3E700BFFFF790BF02695369BA
:10D0C00013F4401F70B537D0D16A11F0E06FC1F38F
:10D0D000026C2ED0B0F84A30B0F84CE09DB21FFA86
:10D0E0008EFED1696E1C846BB0F84C30C9B2B4426C
:10D0F00098BF00269BB2B34207D0046BB442A6EBA4
:10D10000040465D9046AA15535460CF1FF3313F0C8
:10D11000FF0CE6D1ABB2816DA0F84A3049B175453C
:10D1200059D3A5EB0E03046C9C4202D8C36DC1F821
:10D1300084305369D90246D495692B0229D55369A5
:10D140001E0226D5B0F846C0B0F848301FFA8CFC55
:10D150009BB206E0C169C95CC9B2D161D16A4C0514
:10D1600012D463453CD0446B0133C16A9C4298BFE2
:10D1700000239942A3EB0104ECD8816A095DC9B28E
:10D18000D161D16A4C05ECD599B26345A0F848103D
:10D1900028D0690216D553695B0213D50021036DAF
:10D1A00080F8441013B1416DC3F88810837E2BB111
:10D1B00072B6936923F00053936162B6936923F4C6
:10D1C0008003936170BD536943F480135361B3E7E7
:10D1D000456A295598E7836BA3EB0E032B44A2E71E
:10D1E000A0F84830936923F400039361936943F4F2
:10D1F00080039361CDE700BF0148FFF75FBF00BF29
:10D200006C1F0020084601F033BB00BF2DE9F04140
:10D210000C46D1B1EAB180468E1800250E4F04E0CD
:10D2200001F026FBB44205440CD0D8F8003014F8C5
:10D23000010B1B68BB42F3D0014640469847B442FD
:10D240000544F2D12846BDE8F0810D462846BDE8E8
:10D25000F0811546F6E700BF056E000000B50368D3
:10D2600083B040F60D2C022201A95B68ADF804C022
:10D27000984703B05DF804FB054B022888BF0346BE
:10D2800010B41C68184663685DF8044B184700BF6B
:10D290005C1F0020884200DB704730B4124C091A32
:10D2A0002368EBB1114A124D82FB032CDA179C4420
:10D2B000C2EB2C4244F2A71C05FB12330D4D05FBBB
:10D2C00002F20CFB0322002A0CDA6FF00043134435
:10D2D0002360B3FBF1F201FB123330BC18447047FA
:10D2E000054BF5E71346F3E7546400205F0B4E83CC
:10D2F0001DF30100ECF4FFFF42CE0C1F2A2849D891
:10D30000F8B5254F04463B78E3B9244B1B5DFF2B52
:10D3100029D0234A02EB041291680A6802F44050B3
:10D32000B0F5805F30D01C061FD41E4C2360236AEA
:10D33000D80704D405F014FA236AD907FAD5194B93
:10D34000586AF8BD174D184E01E005F009FAAB6CAC
:10D350001B06FAD4B36C13F08003F6D13B700F4B6D
:10D360001B5DFF2BD5D10020F8BD0F4C03F07F03D0
:10D370002360236ADA0704D405F0F2F9236ADB0795
:10D38000FAD5094B586AF8BD22F480521C060A608F
:10D39000EBD4CAE7002070474DAB002010070020F7
:10D3A000705A006000400C4000800C40082830B4E7
:10D3B00022D00A2814BF4FF446714FF40571104C67
:10D3C000104D636C626C2B400F4802F003021A434D
:10D3D000636C03F0E00313430B436364436C426CE0
:10D3E0002B4002F003021A43436C03F0E0031343A3
:10D3F000194330BC416470474FF44071DFE700BF10
:10D4000000400C4000FCFFFF00800C4000B970475A
:10D410002DE9F84F01218146224C234D234E54E83B
:10D42000003F2A68306844E80013002BF7D12049F8
:10D430004B684FF47A7BDFF87CA01B1A01270BFBAB
:10D4400002F8DAF80020A2FB03235B4594BF98445E
:10D45000D84454E8003F2A68306844E80073002B41
:10D46000F7D14B68DAF800C01B1A0BFB02F2ACFBD9
:10D4700003C3B3F57A7F94BFD21802F57A72A2EB98
:10D480000802B2F57A7F08D3B9F1010F08F57A786E
:10D4900009F1FF39DDD1BDE8F88F05F061F90449E4
:10D4A000D7E700BFF4A80020F0A80020ECA80020D7
:10D4B000001000E0E8A8002030B40F4B4FF0010C42
:10D4C0000E4D0F4C53E8002F2868216843E800C236
:10D4D000002AF7D10B4B5B680B4A5B1A4FF47A7149
:10D4E000126801FB00F0A2FB032330BC8B4294BF07
:10D4F000C0184018704700BFF4A80020F0A8002012
:10D50000ECA80020001000E0E8A8002036280BD886
:10D51000064B020103EB00109A58C36892681A4246
:10D5200014BF01200020704700207047705A00602F
:10D53000362827D80201154B012903EB00109B5810
:10D5400030B45A68D0E902540DD004290BD022EA35
:10D5500004025A6099B1022915D003290CBF0C4B63
:10D560000C4B2B6006E0224301295A6007D040F69D
:10D5700038032B604368152230BC1A60704738238B
:10D580002B60F7E77047044B2B60F3E7705A00609D
:10D59000383001003800010038F00100844641EACB
:10D5A000000313F003036DD1403A41D351F8043B1B
:10D5B00040F8043B51F8043B40F8043B51F8043B6D
:10D5C00040F8043B51F8043B40F8043B51F8043B5D
:10D5D00040F8043B51F8043B40F8043B51F8043B4D
:10D5E00040F8043B51F8043B40F8043B51F8043B3D
:10D5F00040F8043B51F8043B40F8043B51F8043B2D
:10D6000040F8043B51F8043B40F8043B51F8043B1C
:10D6100040F8043B51F8043B40F8043B51F8043B0C
:10D6200040F8043B51F8043B40F8043B403ABDD27B
:10D63000303211D351F8043B40F8043B51F8043B1D
:10D6400040F8043B51F8043B40F8043B51F8043BDC
:10D6500040F8043B103AEDD20C3205D351F8043BAC
:10D6600040F8043B043AF9D2043208D0D2071CBF78
:10D6700011F8013B00F8013B01D30B8803806046A1
:10D68000704700BF082A13D38B078DD010F0030317
:10D690008AD0C3F10403D21ADB071CBF11F8013B87
:10D6A00000F8013B80D331F8023B20F8023B7BE7D6
:10D6B000043AD9D3013A11F8013B00F8013BF9D201
:10D6C0000B7803704B7843708B788370604670479B
:10D6D00001F1FF3C70B5864666460846002100E031
:10D6E0000131BEFBF2F502FB15E4E3B2092C03F1B4
:10D6F000370403F130038CBFE3B2DBB29645AE468C
:10D7000006F8013FECD24B1C0022C418C25479B178
:10D7100062461CF8015F14F8016DA0EB0C030232A5
:10D720008CF80060013B121A25700B449A42EFDB23
:10D7300070BD00BF00230F2248F2B82C194610B567
:10D740004FF470444FF4806EA0F88C414FF4604465
:10D75000A0F88E210A46A0F89031B0F888319BB22B
:10D7600043F0F003A0F8883101EB4103013100EBF5
:10D77000431304299C80A3F806E05A841A865A8031
:10D780005A81A3F80EC05A82DA825A83DA83EBD127
:10D79000B0F888319BB243F00F03A0F88831B0F89D
:10D7A00088319BB243F47063A0F8883110BD00BF8C
:10D7B000374B384A996F384841F47F0170B5996703
:10D7C0000F26D3F8801041F2010545F6C0540A43F4
:10D7D000C3F88020FFF7AEFF00F58040FFF7AAFFF7
:10D7E00000F58040FFF7A6FF00F58040FFF7A2FF9D
:10D7F0000022A0F5031043F2260E114600EB42135F
:10D800004FEA421C01329981042A5981DE819D82AE
:10D81000DC8020F80C101982A3F80CE0EED1002275
:10D820001E484FF00F0E41F20106114645F6C05555
:10D8300043F2260400EB42134FEA421C0132998165
:10D84000042A5981A3F80EE09E82DD8020F80C1096
:10D8500019829C81EED1002211484FF00F0E41F247
:10D860000106114645F6C05543F2260400EB42136B
:10D870004FEA421C01329981042A5981A3F80EE033
:10D880009E82DD8020F80C1019829C81EED170BD43
:10D8900000C00F40000003FC00C03D4000001E40DF
:10D8A00000401E40074A506A936A19468446506AEF
:10D8B000936A9942F9D18445F7D1DB0B43EA4040A2
:10D8C000704700BF00400D40836BF0B41BB153683C
:10D8D00043F40043536072B6446B3CB31A4B22606E
:10D8E000D3F8B0410C421DD1184E776804E074683B
:10D8F000E41BB4F5166F0BD2D3F8404144F48044D6
:10D90000C3F84041D3F8B851D3F840416404EED590
:10D910000D4007D10C4CC0E90225D4F8B0310B43BF
:10D92000C4F8B031426362B6F0BC7047064DC0E93E
:10D930000224D5F8B0310B43C5F8B031026342631D
:10D9400062B6F0BC704700BF00002E40001000E03F
:10D9500070B5056B95B106462B46002403E01B68A5
:10D960000134012B0BD05A681206F8D533632CB161
:10D970002846B36B2D689847013CF9D170BD002251
:10D980000023C6E90C23F2E730B4D9B91F4C204B71
:10D990000021204A01254FF0011099601D60C4E963
:10D9A000023180245C60C2F8BC01D2F8B0311A4860
:10D9B0002B43C2F8B0310160D2F8B031002BFBD15B
:10D9C00030BC70470904154B104C012541F0800113
:10D9D0009860104A596000F580511D60D96000F5CB
:10D9E0000051A364196100F5405100F58040596170
:10D9F00000219861E164D2F8B03143F48033C2F879
:10DA0000B031D2F8B031002BFBD1C0E700000020CC
:10DA1000C026002000002E4024A70020E026002081
:10DA2000074901220B78824023EA02030B7033B9C5
:10DA3000044AD2F8483123F08003C2F848317047D5
:10DA400051AB002000002E402DE9F04FA24C83B0D6
:10DA5000D4F84461F107C4F844614ED5D4F8AC3130
:10DA6000002B45D09D4D9E4FDFF89082DFF89C92B1
:10DA7000C4F8AC31D5E90A20D4F8403143F400535E
:10DA8000C4F84031D4F840319B04F5D5D4F8403186
:10DA90004FF0011123F40053C4F84031C4F8B4111D
:10DAA000D4F8B43113F00113FAD191B284463B603B
:10DAB000B1F5086F00F0518100F2988040F2023E0B
:10DAC000714500F0AD8100F2A880822900F000824B
:10DAD000B1F5817F00F0D081802940F099808148A4
:10DAE00002210380FFF750FFD4F8AC31002BBFD1E7
:10DAF000794AD2F8BC31002B44D1720616D5764B48
:10DB0000D3F8AC21C3F8AC21D3F8BC21C3F8BC21B5
:10DB1000D3F8B041002CFBD14FF0FF32C3F8B42151
:10DB2000D3F8843100F03EFD6F4B1C60F40103D547
:10DB30006E4B1B6803B19847B00103D56C4B1B6853
:10DB400003B19847710708D5634BD3F8843113F4B8
:10DB5000007348D0674B01221A705F4BD3F84831ED
:10DB60001A060AD5330608D5634A13782BB1013B50
:10DB7000DBB21370002B00F07B82BFF34F8F03B03A
:10DB8000BDE8F08F5649C2F8BC310868034240F046
:10DB9000B681554A12681340AFD01C0C4F4D1FFA86
:10DBA00083F811D04FF0010994FAA4F7B7FA87F778
:10DBB00005EBC71009FA07F74030FFF7C9FEBC4371
:10DBC000F2D1B8F1000F98D0012798FAA8F4B4FA6E
:10DBD00084F405EBC41007FA04F4FFF7B9FE38EA41
:10DBE0000408F2D189E7434A1370B6E742F2212EC6
:10DBF000714500F08D805FD8B1F5106F00F0B580F1
:10DC000042F2210C614503D1010C072900F0A881E3
:10DC10004FF00113C4F8C03166E7B1F5A06F00F012
:10DC2000E180A1F5D0610129F2D8D8F804100029CB
:10DC3000EED01FFA8CFE314B120C03E019690C3345
:10DC40000029E5D0B3F800C09445F7D1B3F802C07D
:10DC5000F445F3D14FEA104A100A032800F0FD8181
:10DC60001B899A4528BF9A46B2F5007F40F0E081B3
:10DC7000204B234A1978234BDFF88CB0002914BFBE
:10DC80001146194620485246FFF788FC2BF01F0327
:10DC90000BEB0A02BFF34F8F4FF0E021C1F8703F4A
:10DCA00020339A42FAD8BFF34F8FBFF36F8F1648D5
:10DCB0005146FFF769FE17E742F22133994231D00E
:10DCC0004FF6C0039942A3D183B2FF2BA0D843F4EF
:10DCD0006E4363F30F0CA8E700002E400000002005
:10DCE00024A70020A0A8002028A70020B0A9002079
:10DCF000B4A9002058AB002059AB0020E05D0060C3
:10DD0000FC5E0060985E006000002020C0260020BD
:10DD100080B238B9B24BC2F307421968B14B1960EF
:10DD2000B14B1A700023C5F84890EB64C9F808306D
:10DD30000123C9F800308023C9F804304FF00113E3
:10DD4000C4F8BC31D4F8B03143F48033C4F8B031F6
:10DD5000D4F8B031002BFBD1C6E6A44B0121A44876
:10DD60001B780370FFF710FEBEE6A049C2F307421E
:10DD700001934FF0800A0A709E4AC4F8C8219E4A57
:10DD8000C4F8CC219D4AC4F8D02100F00DFC019BC1
:10DD900052469B48194602F033FD9A4A9A49C5F803
:10DDA000A02002F13C42019B02F56C22C1F804A0C4
:10DDB000EB6402F56F72A9648B60C5F8E020012264
:10DDC0000A604FF00112C4F8BC21D4F8B02142F42B
:10DDD0008032C4F8B0218D4A3B60D2F8B031002BBC
:10DDE000FBD181E68849EB648B600123A9640B6059
:10DDF00080234B604FF001138449C4F8BC31D4F840
:10DE0000B03143F48033C4F8B031D1F8B031002BD5
:10DE1000FBD1130C5B0643F08073C1F8543163E609
:10DE200010F0780F83B27FF4F3AE03F07F01784AED
:10DE300013F0800F52F8213014BF43F4803343F0C5
:10DE4000010342F8213000216F4BE9649960012100
:10DE5000AB64196080216D4A59604FF00113C2F81C
:10DE6000BC31D2F8B03143F48033C2F8B031D2F8CB
:10DE7000B031002BFBD137E610F0780F83B27FF47E
:10DE8000C7AE03F07F01624A13F0800F52F82130D1
:10DE900014BF23F4803323F0010342F82130002122
:10DEA000594BE96499600121AB6419608021574A9C
:10DEB00059604FF00113C2F8BC31D2F8B03143F4CD
:10DEC0008033C2F8B031D2F8B031002BFBD10BE671
:10DED00083B210F078007FF49BAE4D4A03F07F01CF
:10DEE00052F82110424A1080180636D5C90301D5D0
:10DEF0000123137002213E48FFF746FDF4E50020A0
:10DF0000086044490C88486842F221018C427FF441
:10DF100040AE80B200287FF43CAE3F493F4C03C97D
:10DF2000A18086284FEA11412060A1717FF431AEB3
:10DF300072B63B48017841F008010170D2F84811EF
:10DF40000D0605D480200143C2F84401C2F84811EF
:10DF500062B6344A502111701BE6CB07CAD5C7E719
:10DF60002C49EB60304BC1E900200122AB601A6004
:10DF70002E4A5A60284A9A60D4F8B01141F0010143
:10DF8000C4F8B01102F58051D96002F50051196151
:10DF900002F5405102F5804259619A611B4AD2F85C
:10DFA000B031002BFBD11849EB648B600123A964CD
:10DFB0000B6048F280034B604FF00113C2F8BC3194
:10DFC000D2F8B03143F48033C2F8B0314FF480332B
:10DFD0000E4A3B60D2F8B031002BFBD184E500BF84
:10DFE000F0A80020ACA9002056AB002057AB0020C1
:10DFF000A0A800200200CC00C80002000200C80057
:10E00000800000205DCFC6B8C026002000002E4052
:10E01000C0012E40405C00201CA70020A4A90020C5
:10E0200051AB002059AB0020E02600208000070003
:10E03000B2F5E06F15D1114B114A1978DFF848B0ED
:10E04000104B5846002914BF114619465246FFF797
:10E05000A5FA07238BF8013018E60B789A4528BFFC
:10E060009A4652460848DFF820B0FFF797FA0DE6C7
:10E070000320FFF7D5FC04F083FB00BF58AB002062
:10E08000985E0060FC5E0060000020202DE9F047F3
:10E090001F46831E022B01D9BDE8F087DFF84C90A4
:10E0A00015460C464FEAC01A09EBC0183C2206463A
:10E0B000002108F10400240402F0A2FBB5FA85F265
:10E0C0000123520944EA427449F80A40C8F83870FA
:10E0D000C8F80830002FDFD0034AB34011680B4363
:10E0E0001360BDE8F08700BF28A7002000000020D3
:10E0F0002DE9F0470D46811E022901D9BDE8F087C0
:10E10000C701DFF84C909246044640373C2200217C
:10E110001E4607EB09082D0408F1040002F070FB0D
:10E12000BAFA8AF2520945EA427249F807200122F6
:10E13000C8F83860C8F80820002EDFD0034B103430
:10E140001968A2400A431A60BDE8F08728A700209A
:10E150000000002012048160C36101F5405342F0C9
:10E16000800210B40124426001F50052046001F500
:10E17000805401F58041C46081615DF8044BC0E9C1
:10E1800004237047831E0A46022B00D9704700F112
:10E1900010014FF0010C034B0CFA01F103EBC0101E
:10E1A000FFF792BB40000020831E0A46022B00D9D5
:10E1B00070470121024B814003EBC010FFF784BB85
:10E1C0000000002040687047124A134BD2F820022A
:10E1D00020F07F40984210B584B002D200EB80005E
:10E1E00040000E4C01A90A22FFF772FA01A9002390
:10E1F000204611F8012B01333AB10A2B20F8022FE7
:10E20000F7D11623237004B010BD5B00DBB223707E
:10E2100004B010BD00441F40809698004C2200209E
:10E2200000F0DEBA00F0AEBA00F012BB00F0CCBADB
:10E2300000F068BB00F03EBB0846114600F02EBB64
:10E24000F8B5144C4FF0E025134E4FF4003204EBB8
:10E250004024124F06EB40160346C5F88C21214698
:10E2600030463A88FFF776FF3B882344BFF34F8F51
:10E27000C5F85C4F2034A342FAD8BFF34F8FBFF3E9
:10E280006F8F03203146FFF78FFF4FF40033C5F83F
:10E290000C31F8BD80002020002700203CAB00207E
:10E2A0002DE9F843244BC5691C884368C3F30E432A
:10E2B000E41A002C25DD2149A7B221480A7800780C
:10E2C000D3B2204E8242204807D010F8039036F88F
:10E2D0001980C8F50072A24218DA0133002226F82C
:10E2E0001570082B194E88BF134626F8152098BFC5
:10E2F000DAB2C554164B0A701A6814441C60BDE8A3
:10E30000F8832846BDE8F843FFF79ABF08EB492099
:10E3100010492246B844084401EB4521FFF73EF975
:10E320000B4A284626F81980136823441360BDE879
:10E33000F843FFF785BF00BF3CAB00204FAB002088
:10E3400050AB0020ACA80020CCA80020BCA8002026
:10E35000A8A80020800020202DE9F8431E4B1A7841
:10E36000002A37D11D4B1B78A3B31D4E02F0FF05C9
:10E3700032887AB3DFF87480C2F50069194F98F8D3
:10E3800000304A46184C07EB431704EBC3242B46D6
:10E3900038462146FFF7DEFE04EB0902BFF34F8F3C
:10E3A0004FF0E023C3F8704F2034A242FAD8BFF3F5
:10E3B0004F8FBFF36F8F04203946FFF7E3FE98F8C5
:10E3C0000030002201333280DBB2032B98BF1D46A0
:10E3D00088F80050BDE8F88354AB002057AB00200C
:10E3E0003EAB0020002800208010202053AB0020EE
:10E3F0002DE9F04F87B00490002900F0BE80002383
:10E400005F4C604F4FF00109DFF890A15E4E029320
:10E4100003915E4B5E4A1D783B8802EB451284F8FF
:10E4200000900192002B40F0A48098461D469B4628
:10E430000198FFF7C7FE10F0800000F08A80BFF35C
:10E440004F8F9AF8003084F800B00DB9D6F80080EC
:10E45000002B7AD13368A3EB0803782B00F282807B
:10E460004C4B1B78002B70D004F07AF93B880125C7
:10E4700084F80090002BDBD0444AC3F50060157887
:10E480001A46039900EBC520DFF814B1ED02914262
:10E49000584417D20593DDE903210192FFF77EF876
:10E4A000019A4FF04041059B9B1A3B803A4BC3F8C1
:10E4B0008410BFF34F8F029800231044237007B0DD
:10E4C000BDE8F08F5D440499FFF768F800234FF42E
:10E4D000006229460198FFF73DFEBFF34F8F05F11B
:10E4E000200205F50063934234BF012340234FF01F
:10E4F000E02205EB4313C2F8705F2035AB42FAD13E
:10E50000BFF34F8FBFF36F8F04200199FFF73AFEDF
:10E510001E4A13780133DBB2042B28BF002313708B
:10E520003B88039AD11A029A1A4403910292049AE0
:10E530001A4400230492184A3B80C2F88430BFF387
:10E540004F8F237000297FF464AF029807B0BDE8B5
:10E55000F08F4FF400620D4B8AF800001D781346CF
:10E560003A808EE7012302988AF8003007B0BDE8B0
:10E57000F08F1A46C3F5006083E70846E6E700BF60
:10E5800054AB00203EAB0020F0A8002053AB00208D
:10E590000028002057AB002000002E4052AB002086
:10E5A00080102020704700BF2D4B002180222D4875
:10E5B00070B51B7800242C4E8B422C4D0CBF402391
:10E5C0004FF4007333802B8002F01AF9284A214659
:10E5D000284B14704FF4807227481C8002F010F909
:10E5E000264A1021264B0220C2E90044C2E9024417
:10E5F000244AC3E900441470234AC3E90244234B6C
:10E600001C70234614602246FFF772FD204B224601
:10E6100031880320FFF73AFD234601222988042090
:10E62000FFF766FD20460134FFF70AFE082CF9D1FA
:10E63000184B00214A221848184C0460C3F8841073
:10E64000C3F88020D3F84821154942F08072C3F8FE
:10E65000482121B1134A137843F00103137070BDB0
:10E6600058AB0020002800203CAB002040AB00202D
:10E6700053AB00203EAB002000270020ACA80020B8
:10E68000BCA800204FAB0020A8A8002050AB002061
:10E69000A17E000000002E40B0A90020597F00009C
:10E6A000000000005AAB00202DE9F84F4FF4003273
:10E6B0004FF0E0238A46C3F88C212B4B1C780029AD
:10E6C00050D08346E4B20027DFF8B490274B584679
:10E6D000274AAAEB07081B78A34204F1010438D0AB
:10E6E000092C244B244928BF00241E5D39F816301C
:10E6F00031F8165003EB4621ED1A1144A8452A467D
:10E7000017D242465846FEF749FF1C4939F81640D1
:10E7100050460B68A044A3EB0A0329F816803B443B
:10E720000B604FF0E0234FF40032C3F80C21BDE83A
:10E73000F88FFEF733FF114A2F4430461368AB447D
:10E740005B1B1360E3B2084A1370FFF779FDBA450B
:10E75000BCD84FF0E0234FF400323846C3F80C2108
:10E76000BDE8F88F0846DCE750AB00204FAB002037
:10E7700080002020CCA80020ACA80020A8A8002061
:10E78000BCA800200B4B0C4A12781978D3B28A42ED
:10E790000DD0013309480A4A092B0A4928BF002332
:10E7A000C35C31F8131002EB4323585C70474FF001
:10E7B000FF3070474FAB002050AB0020CCA80020AA
:10E7C00080002020BCA80020044B10B51C680CB1B0
:10E7D000204610BD03F0C4FF204610BDA8A80020AD
:10E7E0002DE9F84F144E154D33782A78934221D0F5
:10E7F000DCB2DFF85090DFF850B0DFF85080104FF7
:10E800000134082C5FFA84FA01D90024A24619F8D1
:10E810000400DBF8003038F8102037F81010521AD6
:10E820009B1ACBF80030FFF70BFD86F800A02B7881
:10E83000A342E5D1BDE8F88F50AB00204FAB0020DC
:10E84000BCA80020CCA80020A8A80020ACA80020CC
:10E8500000B583B001210DF10700FFF725FF20B1BE
:10E860009DF8070003B05DF804FB4FF0FF30F9E7B7
:10E87000094B00B583B01B788DF807003BB101212F
:10E880000DF10700FFF7B4FD03B05DF804FB03F0E2
:10E89000FF0003B05DF804FB57AB0020044B1B786E
:10E8A00003F0FF020BB1FFF7A3BD1046704700BF96
:10E8B00057AB00202DE9F0410024DFF8448001230C
:10E8C0000D4D27460D4E88F8003033782846A34278
:10E8D00005D0FFF777FC030658BF07F50067013442
:10E8E0002035042CF1D1BFF34F8F0023384688F830
:10E8F0000030BDE8F08100BF0028002053AB0020AD
:10E9000054AB00202DE9F8431F4B1B7813B11F4D6A
:10E910002A880AB9BDE8F8831D4FC2F500691D4E6B
:10E920003B784A461C4C06EB4316DFF8708004EB3C
:10E93000C3240123304688F8003021460023FFF726
:10E9400009FC04EB0902BFF34F8F4FF0E023C3F83B
:10E95000704F2034A242FAD8BFF34F8FBFF36F8FAE
:10E9600004203146FFF70EFC3B78002201332A8059
:10E97000DBB2042B28BF13463B70BFF34F8F88F8E0
:10E980000020BDE8F88300BF57AB00203EAB00205D
:10E9900053AB0020002800208010202054AB002022
:10E9A00008B5F7F77FFDF7F74DFE03F0D9FEFAE75C
:10E9B00008B5D0E900325BB1BAB10F4BA3FB02132B
:10E9C000DB0803EB4303B2EB83030AD1012008BD4C
:10E9D000094BA3FB0213DB0803EB4303B2EB8303F6
:10E9E00001D0D21A4260F02AF0D801F0CFFF1C22E9
:10E9F000034600201A6008BDABAAAAAA70B550B39E
:10EA0000044619B1B2FA82F676099AB9206810B3B1
:10EA1000626802B3154B164902FB03F3B1EBB30F67
:10EA200019D3A368EBB9002323606360A360E3609C
:10EA3000012070BD1D46049BC0E90012C360FFF7B2
:10EA4000B7FF60B1002DF3D0626831462068A56041
:10EA500001F0D6FEECE701F099FF162303600020D9
:10EA600070BD002101F0CCFEDDE700BFABAAAAAA71
:10EA70005555551553B94AB9002908BF00281CBF80
:10EA80004FF0FF314FF0FF3001F00CB8ADF1080C42
:10EA90006DE904CE00F006F8DDF804E0DDE90223BC
:10EAA00004B070472DE9F04786468C460846089E1C
:10EAB000154674461946002B40F0C1808542B2FAD3
:10EAC00082F245D94AB1C2F1200300FA02FC954016
:10EAD00094402EFA03F343EA0C0C4FEA154EA8B209
:10EAE000230CBCFBFEF80EFB18CC08FB00F943EA34
:10EAF0000C43994528D9EB1808F1FF3704D2994502
:10EB000002D9A8F102072B44A3EB0903A4B2B3FB7B
:10EB1000FEFC0EFB1C330CFB00F044EA0344A04255
:10EB200014D92C190CF1FF3304D2A04202D9ACF154
:10EB300002032C44241A43EA07401EB1D4400023A8
:10EB400034607360BDE8F0874746DDE76346F1E770
:10EB500092BB431B01214FEA154EAFB2200CB3FB11
:10EB6000FEFC0EFB1C330CFB07F840EA0343984500
:10EB700061D9EB180CF1FF3004D2984502D9ACF101
:10EB800002002B44A3EB0803A4B2B3FBFEFC0EFB74
:10EB90001C330CFB07F744EA0344A7424DD92C1958
:10EBA0000CF1FF3304D2A74202D9ACF102032C448A
:10EBB000E41B43EA0040C0E7C2F1200395409440C3
:10EBC00020FA03F12EFA03F34FEA154E9040AFB24C
:10EBD0000343B1FBFEFC0EFB1C10190C0CFB07F8E9
:10EBE00041EA0041884522D969180CF1FF3004D26E
:10EBF000884502D9ACF102002944A1EB08019BB27F
:10EC0000B1FBFEFC0EFB1C110CFB07F743EA0143B2
:10EC10009F420ED9EB180CF1FF3104D29F4202D96A
:10EC2000ACF102012B44DB1B41EA004193E7604653
:10EC3000E3E76146F7E76046A4E76346B8E7834247
:10EC400006D916B9002108467CE7C6E900E0F9E7D5
:10EC5000B3FA83F78FB9834201D3724508D8BEEB6C
:10EC6000020460EB030301209C461EB9002169E702
:10EC70003846FAE7C6E9004CF8E7C7F1200CBB407C
:10EC80000EFA07F522FA0CF42EFA0CF1BA401C43E6
:10EC900020FA0CF3B8404FEA144901431FFA84FEEE
:10ECA000B3FBF9F809FB18300B0C08FB0EFA43EA2A
:10ECB00000439A4540D9E31808F1FF3004D29A4541
:10ECC00002D9A8F102002344A3EB0A0389B2B3FBE3
:10ECD000F9F809FB183308FB0EFE41EA03418E45A3
:10ECE0002CD9611808F1FF3304D28E4502D9A8F15E
:10ECF0000203214443EA0040A1EB0E01A0FB02986D
:10ED00004145CE46434602D306D14D4504D2013893
:10ED1000B9EB020E68EB0403002EA7D0B5EB0E0290
:10ED200061EB030101FA0CFC22FA07F3F9404CEA0B
:10ED30000303C6E9003199E74046C5E74346D9E7F2
:10ED400003685A004CBF43F0004323F000431844CB
:10ED500070472DE9F0470546164621B34F1E4FF088
:10ED60000009B84609EB080404EBD474641005EB01
:10ED7000C4014FEAC40A0846FFF7E2FFA74215D0D4
:10ED8000B04204D9A1450DD004F1FF38EAE70AF1F9
:10ED900008002844FFF7D4FF0138B04203D204F141
:10EDA0000109DFE700210846BDE8F087B042E9D855
:10EDB000F9E7012806D0022806D00028034818BF2A
:10EDC000002070470248704702487047CD8F00000E
:10EDD000D18F0000D58F00001F4B37B504468D1E24
:10EDE0004BB101A92846AFF3008048B900230920A0
:10EDF000236103B030BD1948194B1B1ADB10019376
:10EE000001992A46FFF7A5FF01460028EED0FFF73B
:10EE100097FF4B68A064012B1BD0002B01F104006D
:10EE20000EDA0123C4E913030368002B0CDAC3F3E1
:10EE30000360FFF7BEFF031E0CBF09200020D7E7C9
:10EE4000FFF77EFF0023EDE7FFF77AFF0346002080
:10EE5000CEE700230520CBE7000000007CFC272044
:10EE600044FF2720036810B50446D80706D413F0E2
:10EE7000020F04F1500018D000F0D6FB23685907A8
:10EE800003D404F1D80000F0D7FB23681A0703D499
:10EE900004F5AC7000F0D8FB2368DB0608D404F559
:10EEA000EC70BDE8104000F013BC00F0B5FBE5E7E6
:10EEB00010BD0346006800B1184470470920704730
:10EEC000704770B505460C46216C2846FFF784FF55
:10EED000064608B103F080FC236C22462946012037
:10EEE0006B612B6998470828EED00728F2D130468D
:10EEF000216CFFF7E5FF201D00F082FB2DE9F047B4
:10EF00000C1DADF5767DD0F80C900746D0F818A012
:10EF1000164603AD0DF108080FCC0FC50FCC0FC579
:10EF20000FCC0FC594E80F0085E80F000025C8F846
:10EF300000500936D8F840103846FFF74DFF044618
:10EF4000F6B268BBD8F840304FF4F47241467CA862
:10EF50007B61FEF723FB3B697CAA39463046984724
:10EF60008A9B0546C8F848303A463B463146012060
:10EF7000CDE9008AC847C0B9C4B94FF4F4727CA97E
:10EF800040462646FEF70AFB082DD2D0072D0CD1AD
:10EF90002046D8F84010FFF793FF03A800F030FB9D
:10EFA00046F01006D8F83830DCE7092420460DF585
:10EFB000767DBDE8F087806C7047F0B5CB6BFBB019
:10EFC0000D1D06460B640F4601AC0FCD0FC40FCDCF
:10EFD0000FC40FCD0FC495E80F0084E80F004FF069
:10EFE000FF33009310993046FFF7F6FE78B9336986
:10EFF0006A463146984708280446F3D06846FFF72A
:10F0000031FF062C03D139463046FFF75AFF09205D
:10F010007BB0F0BD10B48261DA6BC16019461A642E
:10F02000002210BC6AE770B543690446C6680D4605
:10F030000B6426B10122FFF761FF03F0CDFB0369EA
:10F040000A46014602209847072805D00828F4D12F
:10F0500029462046FFF735FF3046296CFFF730FF81
:10F06000281D00F0CDFAC26802B9A6E7CA6B0A648F
:10F07000002243E77047836801460BB1012018471F
:10F08000704730B5039C052911D8DFE801F005036E
:10F090001003030E012030BD4BB90F2A07D800EB37
:10F0A0008200436800202360F5E7436CFAE7022002
:10F0B000F1E71FB503AB0A46009300231946FFF79B
:10F0C000E0FF039805B05DF804FB30B5039C05290B
:10F0D00012D8DFE801F005031103030E012030BD53
:10F0E00053B90F2A08D8236800EB82004360002040
:10F0F000F5E723684364FAE70220F0E71FB503ABA6
:10F1000003920A46009300231946FFF7DEFF05B07D
:10F110005DF804FBF0B5D36BADF5117D141D06460B
:10F1200013640F4617AD0FCC0FC50FCC0FC50FCC16
:10F130000FC594E80F0085E80F004FF0FF331693DA
:10F1400026996846FFF748FE90B90C2116A86A4632
:10F15000FFF7D4FF394616A8B04748B9049B16AA52
:10F160006946082098470528044602D00928E7D1B7
:10F17000092416A8FFF776FE20460DF5117DF0BD97
:10F180002DE9F04FCD6C87B017460C4655F8042B8F
:10F1900000F003099A46049553BB12028DF815300E
:10F1A00003230392B9F1020F8DF81430236D08BFC9
:10F1B000A56B13F0010840F0008100F008030093F4
:10F1C0002B68FBB903A9384600F015FB002840F076
:10F1D000F780B8F1000F00F0F5800F213846FFF7F7
:10F1E00068FF0E2102463846FFF788FF764A4AE05C
:10F1F000130C12048DF81530DBB2039205EB830576
:10F200000223CFE7BAF1020FA26C4FF00F0138468C
:10F2100007BFD5F804B005F10806B5F802B02E1DF9
:10F2200018BF2B882BF0010501931544FFF741FF10
:10F23000019B854229D823F001022A44824294BFCF
:10F24000002201224FEA4B0003F0010300F002000C
:10F2500040EA0305012D1AD0022D60D0002D40F0A8
:10F26000AF80351DB9F1000FAAD0002AA8D03046D2
:10F27000FFF766FDA56306462046AFF30080002831
:10F2800000F09E8032460F213FE00022DAE7B9F11C
:10F29000000F26D1002A3FD073683268991C4FEACC
:10F2A000D27200F08D8004F158010133029109D02F
:10F2B000301DFFF7FEFD02AB01462046AFF3008094
:10F2C000054648B30D213846FFF7F3FE022D029B99
:10F2D000206202D1E36204F12C030620C4E909365E
:10F2E00017E0256A0D213846FFF7E3FE854213D16A
:10F2F000A36A9E4210D13046FFF722FD0F2102463D
:10F300003846FFF7FBFE224600213846FFF7F6FE9F
:10F31000072007B0BDE8F08F06F1080550E7356813
:10F3200025F00045B9F1000F2AD19AB1009BCBB16D
:10F3300085B9CB4618E00BF1010B019B002206EBCF
:10F340008B000293FFF7B5FD02AB01462046AFF3F9
:10F35000008060B13368002B00DA0436013506EB1B
:10F3600085052DE7DDF800B004F158030193AB45A6
:10F37000E1D10D213846FFF79CFE029B2062ACE7ED
:10F38000D4F820B00D213846FFF793FE8345E1D134
:10F39000A36A9E42DED14FF000080423A562C4E9AF
:10F3A0000B83F31863633368434503DA681C06EB89
:10F3B0008000A1E74FF00108D0E74FF0000801E717
:10F3C0000920A6E70820A4E7000000000023D7E6F4
:10F3D0000123D5E60223D3E62DE9F0410446C2B06D
:10F3E00015461F4605292AD8DFE801F003202973B6
:10F3F0009D1A27BB836B92B20121043001FA07F6F4
:10F4000016421CBF53F8046B40F827600137102FD9
:10F41000F4D1A90400D4A363002042B0BDE8F08178
:10F42000836B62B953F8042B4264F4E7012F4FEA6F
:10F43000124896B205D108EB0603102B19D9022009
:10F44000EBE7052FFBD108EB0605202DF7D8B8F127
:10F450000F0F40F28D8076B335462368580740F190
:10F46000918023F00403204640F8D83B00F0E8F8F0
:10F4700088E0B8F1100FE2D000257CE0052F04F100
:10F48000500007D123F0010343F00203236000F092
:10F49000CFF874E023F00303236000F0C1F86EE0BE
:10F4A000B8F10F0F02D820A800F0C2F81DB16846CD
:10F4B00000F0C6F86DE000256DE0B8F10F0F02D83E
:10F4C00020A800F0B1F8002DA6D0684600F0B4F8EE
:10F4D000A2E7032FB3D197B2160C07EB1245102DFC
:10F4E000ADD80368190706D523F00803036000F5BB
:10F4F000AC7000F0CBF820A800F0C8F820ABA26BED
:10F50000790003EBC603D51A013903EB050006D2D7
:10F5100002EBC70220A8A26300F096F87CE700681F
:10F5200043F8040BF0E7002F89D1102A87D803682D
:10F53000DA0606D523F01003036000F5EC7000F046
:10F54000D1F820AE304600F0CDF8A36B00220121A7
:10F5500001FA02F028421CBF53F8040B46F82200BF
:10F560000132042AF4D13046A36300F0B1F853E726
:10F57000102D81D9103D2368DA073FF57FAF002DAC
:10F580007FF46BAF012F8BD120A800F049F8002D3C
:10F5900091D0C8F11006A06B002E03460EDD20AB03
:10F5A000720003EBC803013AA0EB030C53F80C10F4
:10F5B000013A43F8041BF9D200EBC603A5B1424659
:10F5C00042A86900102A01F1FF3138BF102200EB78
:10F5D000C2021846A2F5C67250F8046B013942F80F
:10F5E000046FF9D203EBC503012F08BF0433012FC9
:10F5F000A3637FF462AF20A800F00EF80CE700BF11
:10F6000000F1340191E838009C46A6464CF8045DB0
:10F6100090E8FF0FE54600BD90EC210B704700BF5E
:10F6200080EC210B704700BF90EC200B704700BFAF
:10F6300080EC200B704700BFD0EC200B704700BF60
:10F64000C0EC200B704700BFF0EC0201F0EC02119F
:10F65000F0EC0221F0EC0231F0EC0241F0EC02514E
:10F66000F0EC0261F0EC0271F0EC0281F0EC02913E
:10F67000F0EC02A1F0EC02B1F0EC02C1F0EC02D12E
:10F68000F0EC02E1F0EC02F1704700BFE0EC0201A7
:10F69000E0EC0211E0EC0221E0EC0231E0EC02418E
:10F6A000E0EC0251E0EC0261E0EC0271E0EC02817E
:10F6B000E0EC0291E0EC02A1E0EC02B1E0EC02C16E
:10F6C000E0EC02D1E0EC02E1E0EC02F1704700BFB7
:10F6D000B0FC0181B0FC0191B0FC01A1B0FC01B112
:10F6E000704700BFA0FC0181A0FC0191A0FC01A11A
:10F6F000A0FC01B1704700BFEC4600B52DE90050F9
:10F700002DE9FF1F4FF000032DE90C0001A9FFF7C1
:10F7100054FCDDF840E012B0704700BFEC4600B585
:10F720002DE900502DE9FF1F4FF000032DE90C00DB
:10F7300001A9FFF778FCDDF840E012B0704700BF88
:10F74000EC4600B52DE900502DE9FF1F4FF00003F6
:10F750002DE90C0001A9FFF786FCDDF840E012B0AE
:10F76000704700BFEC4600B52DE900502DE9FF1FA2
:10F770004FF000032DE90C0001ABFFF74BFCDDF867
:10F7800040E012B0704700BFEC4600B52DE90050D4
:10F790002DE9FF1F4FF000032DE90C0001AAFFF730
:10F7A000B9FCDDF840E012B0704700BF027A0346B2
:10F7B0007AB9427A82B1013A42724268111D1268E6
:10F7C0000260032241601A721A68100E12021A6057
:10F7D0007047013AD2B2F6E7B02070471FB503ABCD
:10F7E0000C22009300231946FFF74BFC039805B049
:10F7F0005DF804FBF2E72DE9F043054685B00E46BF
:10F800004FF000083046FFF7D1FFB028044615D16D
:10F81000B8F1000F0ED102AC43460E2241462846F5
:10F820000094FFF72EFC43460F22414628460094E1
:10F83000FFF74BFC002005B0BDE8F08302061DD4A5
:10F840004FEA8009002302AF0D225FFA89F91946B9
:10F8500028460097FFF715FC09F10409029B14F0F4
:10F86000400F14BFA3EB09034B44029300230097FE
:10F870000D2219462846FFF728FCC3E700F0F003E5
:10F88000802B18D104023046FFF790FF0443B4F5F3
:10F89000004F01D10920CEE7240100232846A2B25F
:10F8A0001946FFF799FD0028F4D114F4004F18BF52
:10F8B0004FF00108A6E7902B0DD100F00D030D2BA2
:10F8C000E8D002AF002300F00F0228461946009747
:10F8D000FFF7D7FBCAE7A02B0ED1C3434FF47F62DB
:10F8E00003F007031A41030702F47F6201D542F4D3
:10F8F00080420023194643E0B02B5DD1A0F1B10353
:10F90000042B4DD8DFE803F0030C2D3943003046BB
:10F91000FFF74CFF431E0246DBB20E2BE9D9B9E7D5
:10F92000002302AC0D222846194600940227FFF757
:10F93000A8FB3046FFF73AFF10F08003029A06D189
:10F94000B84002F5017200941044029090E700F074
:10F950007F00B8400737104402903046FFF726FF7B
:10F96000EAE73046FFF722FF0123020300F00F0011
:10F9700002F4702201300243BCE7002305211A463D
:10F980002846FFF729FD00283FF43CAF82E703AB90
:10F990000D222846009300231946FFF772FB31E73A
:10F9A00000F0FC03B42B3FF475AF00F00702012315
:10F9B000013242F400229DE7C02B44D1C6280AD16F
:10F9C0003046FFF7F3FE0323020300F00F0002F4BA
:10F9D00070220130CFE7C7280BD13046FFF7E6FE93
:10F9E000431E0246DBB20E2B3FF654AF0023042128
:10F9F000C6E700F0F803C02B06D100F00F02032386
:10FA0000013242F4202275E7C8280DD13046FFF7B5
:10FA1000CDFE00F0F00200F00F000523103201309F
:10FA200040EA02320121ABE7C9287FF433AF304608
:10FA3000FFF7BCFE0523020300F00F0002F4702262
:10FA400001300243EEE700F0F803D02B7FF422AF41
:10FA500000F007020523013242F40022E2E71FB55D
:10FA600003460846DA6C53680832190202921B0EEC
:10FA70000322019101A98DF80C208DF80D30FFF7BC
:10FA8000BAFE05B05DF804FB08B5FFF7B3FE806C65
:10FA900008BD08B5FFF7AEFEC06CC37900EB83006C
:10FAA000083008BD704700BF024B0A46014618687F
:10FAB00000F002B8F821002070B5A1FB025434B95F
:10FAC000294600F03FF8064628B9304670BD0C22A2
:10FAD00000260260F9E72A46214600F091FEF4E78D
:10FAE000024B0146186800F02DB800BFF821002035
:10FAF000024B0146186801F089BD00BFF8210020C3
:10FB000070B50F4E0C460546316811B9FAF7D2F8B8
:10FB1000306021462846FAF7CDF8431C03D14FF058
:10FB2000FF34204670BDC41C24F00304A042F8D06A
:10FB3000211A2846FAF7BEF80130F2D1EFE700BFEC
:10FB4000D0A500202DE9F843CD1C064625F003057D
:10FB500008350C2D38BF0C25002D01DBA94204D936
:10FB60000C2333600020BDE8F883DFF8D480FCF775
:10FB7000A1FED8F800301C4644BB29463046FFF7AA
:10FB8000BFFF431C044658D1D8F800402746002F39
:10FB900043D1002C4BD023683946304604EB03098F
:10FBA000FAF788F8814542D1216830466D1A294616
:10FBB000FFF7A6FF01303AD023682B442360D8F822
:10FBC00000305A6862BBC8F800700FE02268521B10
:10FBD00020D40B2A17D96119A342256018BF596098
:10FBE000636808BFC8F8001062514B603046FCF7EC
:10FBF00077FE04F10B00231D20F00700C21A1CBF82
:10FC00001B1AA350AFE76268A3420CBFC8F80020DC
:10FC10005A60EBE723466468AEE73C467F68B6E788
:10FC20001A465B68A342FBD100235360DEE70C2336
:10FC300030463360FCF754FE94E70560D6E700BF1A
:10FC4000CCA50020034B10B50446196801F028FD2F
:10FC5000204610BDF82100202DE9F041074614464A
:10FC60000D4621B91146BDE8F041FFF76BBF2AB937
:10FC7000254601F0CBFC2846BDE8F08102F0D6F81D
:10FC80008442064602D8B4EB500FF4D821463846D9
:10FC9000FFF758FF804608B94546ECE7B4422246D4
:10FCA000294628BF3246FDF779FC2946384601F03F
:10FCB000ADFCF1E7F0B52DED028BB0EE408B85B0D9
:10FCC00017460C460D9D18EE902A0C9E25F0200537
:10FCD000002AB6BF2D220022B1EE408B462D1A70AD
:10FCE00004D0452D00D10134022100E0032103ABF3
:10FCF000B0EE480B2246019302AB0093334600F06E
:10FD000037FF472D14D1FB070AD50219B5EE408BFA
:10FD10003021F1EE10FA08BF0392039B934219D3EE
:10FD2000039B0E9A1B1A136005B0BDEC028BF0BD4D
:10FD3000462D00EB0402E9D10378302B07D1B5EE54
:10FD4000408BF1EE10FA1CBFC4F10104346033683B
:10FD50001A44DBE75C1C03941970DEE7F7B5002951
:10FD60000270BABF49422D232B230929437028DD95
:10FD70000DF107030A271D461A46013BB1FBF7F6B2
:10FD800007FB1614303402F8014C0C463146632C44
:10FD9000F2DC3031941E03F8011C411C2346AB42B7
:10FDA0000AD30DF109039B1AAC4288BF002302332A
:10FDB0000344181A03B0F0BD13F8016B01F8016F8A
:10FDC000EDE7302330318370031DC170F1E700008F
:10FDD0002DE9F04F8DB00C4616461F46DDF85880D1
:10FDE000054600F02BFDD0F800B0584600F028FE84
:10FDF000002394F818900A93D8F80030226807334B
:10FE0000059023F0070303F10801C8F8001093EDF3
:10FE1000000B9FED976BB0EEC07B84ED120BB4EE40
:10FE2000467BF1EE10FA24DDB5EEC00BF1EE10FAD0
:10FE300002D52D2384F843308F49904BB9F1470FF9
:10FE40008CBF8846984622F0040203234FF0000A34
:10FE50002260236133460BAA21462846009700F012
:10FE6000D1F9013040F089804FF0FF300DB0BDE88E
:10FE7000F08FB4EE400BF1EE10FA09D710EE903A85
:10FE80007F49002BBCBF2D2384F843307D4BD5E741
:10FE9000636809F0DF0A591C39D10623636042F414
:10FEA000806200232846226003930AABCDE90193C8
:10FEB00009AB00930DF123036168FFF7FBFEBAF174
:10FEC000470F8046099929D1C81C02DB6368994213
:10FED00041DDA9F102095FFA89F901394A4604F1C5
:10FEE00050000991FFF73AFF0A9A82461318012A37
:10FEF000236102DC2268D20701D5013323619DF81A
:10FF00002330002BA6D02D2384F84330A2E7BAF18A
:10FF1000470FC4D1002BC2D10123BFE7B9F1650F50
:10FF2000DBD9B9F1660F18D1002963680BDD2161B7
:10FF300013B92268D00702D501330B4423614FF077
:10FF4000000AA165DBE713B92268D20701D50233A5
:10FF5000F4E70123F2E74FF067090A9B994205DBBA
:10FF600023682161D807EAD54B1CE7E70029D4BFF5
:10FF7000C1F1020201221344E0E723685A0507D4C5
:10FF80002369424631462846B84701302AD16BE7FB
:10FF9000B9F1650F40F2E08094ED127BB5EE407B45
:10FFA000F1EE10FA33D10123374A31462846B847DB
:10FFB00001303FF459AFDDE90938434502DB2368DE
:10FFC000D8070FD5059B5A4631462846B847013019
:10FFD0003FF44AAF4FF0000908F1FF3804F11A0A64
:10FFE000C84509DC23689B0700F10781E0680B9B8B
:10FFF0009842B8BF184639E7012352463146284691
:02000004600199
:10000000B84701303FF430AF09F10109E8E7099B37
:10001000002B3BDC01231C4A31462846B8470130FF
:100020003FF422AFDDE9093959EA030302D123681D
:10003000D907D7D5059B5A4631462846B8470130DF
:100040003FF412AF4FF0000A04F11A0B099B5B4218
:10005000534501DC4B4694E701235A463146284676
:10006000B84701303FF400AF0AF1010AEEE700BFE4
:10007000FFFFFFFFFFFFEF7F091F0020051F00208C
:10008000111F00200D1F0020151F0020A36DDDF89B
:1000900028A05345A8BF5346002B994637DC0023C0
:1000A00029EAE97904F11A020793A36D07990693E7
:1000B000A3EB09038B4231DC099B9A453BDC2368A7
:1000C000DA0738D4099BAAEB0309069BAAEB0303C2
:1000D0009945A8BF9946B9F1000F34DC4FF00008EC
:1000E00029EAE97904F11A0B099BAAEB0303A3EBB4
:1000F000090343457FF776AF01235A463146284628
:10010000B84701303FF4B0AE08F10108ECE74246D1
:1001100031462846B8470130C1D1A5E60123314612
:1001200028460692B84701303FF49EAE079B069AD8
:1001300001330793B9E7059B5A4631462846B8472D
:100140000130BFD190E6069A4B46314628464244DC
:10015000B8470130C2D187E6DDF82890B9F1010F28
:1001600001DCDB0736D50123424631462846B84735
:1001700001303FF479AE059B5A4631462846B847D0
:1001800001303FF471AE09F1FF3994ED127BB5EE09
:10019000407BF1EE10FA18D04B4608F101023146CF
:1001A0002846B84701300CD15EE601235A46314655
:1001B0002846B84701303FF457AE08F10108C8455A
:1001C000F3DB534604F15002DCE64FF0000804F183
:1001D0001A0BF4E701234246E1E701234A46314680
:1001E0002846B84701303FF43FAE08F10108E36804
:1001F0000B995B1A4345F0DCF8E64FF0000804F178
:100200001909F4E72DE9F047164698468A6807462B
:100210000B690C46DDF820909342B8BF134633605B
:1002200091F843200AB1013333602368990642BF35
:10023000336802333360256815F0060506D104F1F2
:10024000190AE36832689B1AAB422BDC94F84330FE
:100250002268003B18BF0123920630D404F1430208
:1002600041463846C847013023D023681A3454F831
:100270000A2C03F00603042B0ABF54F80E5C002579
:1002800033684FF0000608BFED1A54F8123C08BF5F
:1002900025EAE5759342C4BF9B1AED18B5421AD101
:1002A000002008E00123524641463846C847013045
:1002B00003D14FF0FF30BDE8F0870135C1E7E11809
:1002C0005A1C30200233224481F8430094F8451030
:1002D00082F84310C2E70123224641463846C84708
:1002E0000130E6D00136D9E72DE9FF470F7E914670
:1002F00080460C46782F9A460C9E01F1430207D89F
:10030000622F0AD8002F00F0D180582F00F0B8805B
:1003100004F1420684F842703AE0A7F16303152B1A
:10032000F6D801A151F823F0819F0000959F0000AD
:10033000119F0000119F0000119F0000119F0000FD
:10034000959F0000119F0000119F0000119F000069
:10035000119F000093A00000BF9F00004DA000006F
:10036000119F0000119F0000B5A00000119F000028
:10037000BF9F0000119F0000119F000055A00000CA
:1003800033681A1D1B68326004F1420684F842305B
:1003900001239CE033682068191D3160060601D5F1
:1003A0001D6803E04506FBD5B3F90050002D03DAC4
:1003B0002D236D4284F8433058480A2311E0216808
:1003C0003368080653F8045B02D4490648BFADB24F
:1003D0006F2F3360514814BF0A230823002184F88B
:1003E00043106668002EA66005DB21682E4321F0CD
:1003F000040121604BD01646B5FBF3F103FB115706
:10040000C75D06F8017D2F460D46BB42F4D9082B87
:100410000BD12368DF0708D5236961689942DEBFE5
:10042000302306F8013C06F1FF36921B22614B4651
:1004300003AA21464046CDF800A0FFF7E3FE0130B5
:100440004AD14FF0FF3004B0BDE8F087236843F095
:100450002003236078273248236884F845701F06FC
:10046000316851F8045B02D45F0648BFADB2316019
:10047000D90744BF43F0200323601DB11023ADE72B
:100480002648E9E7236823F020032360F6E71646B1
:10049000BDE733682568181D616930602E061B684A
:1004A00001D5196002E06806FBD5198000231646C5
:1004B0002361BCE7336800211A1D32601E68626840
:1004C000304600F06DFA08B1801B606063682361FC
:1004D000002384F84330AAE7236932464946404660
:1004E000D0470130ADD023689B0713D4E068039B4D
:1004F0009842B8BF1846A6E701233246494640460F
:10050000D04701309DD00135E36803995B1AAB42B7
:10051000F2DCEBE7002504F11906F5E7171F0020D0
:10052000281F0020002310B50446836081811946EE
:100530004366C28108228361C0E90033C0E9043305
:100540005C3000F05DF90D4B246263620C4BA362DA
:100550000C4BE3620C4B23630C4B9C4206D003F123
:100560006802944202D0D0339C4205D104F1580075
:10057000BDE8104002F008B910BD00BFCDA20000D8
:10058000EFA2000027A300004BA30000D4A5002089
:10059000024A0349034800F07BB800BF9C210020B9
:1005A00091C00000AC21002041680C4B994210B56D
:1005B000044601D001F06CFFA168094B994202D0BA
:1005C000204601F065FFE168064B994204D02046C1
:1005D000BDE8104001F05CBF10BD00BFD4A50020F5
:1005E0003CA60020A4A6002010B50B4B04210B4C08
:1005F0000B4A20461A600022FFF794FF04F16800BE
:1006000001220921FFF78EFF04F1D00002221221FE
:10061000BDE81040FFF786BF0CA70020D4A500203E
:1006200091A10000014802F0A3B800BFD4A40020AB
:10063000014802F0D9B800BFD4A4002010B5044688
:10064000FFF7F0FF236A1BB1BDE81040FFF7F0BFD2
:10065000044B2362044B1B68002BF5D1FFF7C4FF4A
:10066000F2E700BFA9A100000CA700200EB403B55B
:1006700003AB0146054853F8042B0068019301F0D1
:100680006BFD02B05DF804EB03B07047F821002069
:100690002DE9F8430746884614460026D4E901951B
:1006A000B9F1010905D52468002CF7D13046BDE821
:1006B000F883AB89012B07D9B5F90E30013303D08C
:1006C00029463846C04706436835E9E710B50C4669
:1006D000B1F90E1000F036F90028ABBF636DA389A5
:1006E0001B1823F48053ACBF6365A38110BD2DE9B3
:1006F000F0411F468B8905460C46DB05164605D59D
:1007000002230022B1F90E1000F00AF9A389324643
:10071000B4F90E10284623F48053A3813B46BDE86C
:10072000F04100F021B910B50C46B1F90E1000F0FF
:10073000F7F8431CA38915BF606523F4805343F485
:100740008053A38118BFA38110BDB1F90E1000F032
:1007500079B830B514469BB005461A46002C05DA28
:100760008B2303604FF0FF301BB030BD4FF402739A
:10077000009104916946ADF80C304FF000031993D5
:1007800014BF04F1FF332346029305934FF6FF7322
:10079000ADF80E301E9B01F0B9FB431CBCBF8B2390
:1007A0002B60002CE0D0009B00221A70DCE70000D8
:1007B00007B5009313460A46014603480068FFF751
:1007C000C8FF03B05DF804FBF8210020884210B593
:1007D00001EB020402D98442234607D8431EA142FA
:1007E00008D011F8012B03F8012FF8E70244014665
:1007F0008A4200D110BD13F8014D02F8014DF7E710
:1008000002440346934200D1704703F8011BF9E705
:100810000A7870B56AB970BD9A4209D10C4605468E
:1008200014F8013F002BF6D015F8016F9E42F7D067
:1008300001300378002BEFD11846ECE700487047F1
:100840002021002038B50023054D044608462B60C2
:1008500001F0C6FF431C02D12B6803B1236038BDF1
:100860002CA700202D4B1B68834270B5044653D043
:10087000C3691BB3DB6863B10025E369DB685959C1
:10088000B1B90435802DF8D1E3692046D96800F06C
:10089000BDFEE369196811B1204600F0B7FEE369B7
:1008A0009D685DB1294620462D6800F0AFFEF8E74F
:1008B0000E68204600F0AAFE3146E1E7616911B1F9
:1008C000204600F0A3FEE16911B1204600F09EFE33
:1008D000216B11B1204600F099FE616B11B12046E9
:1008E00000F094FEA16B11B1204600F08FFEA16CC8
:1008F00011B1204600F08AFE616C11B1204600F073
:1009000085FEE16A11B1204600F080FE236A1BB12A
:100910002046BDE87040184770BD00BFF821002098
:1009200038B50446064D0846114600222A601A468C
:1009300001F02EFF431C02D12B6803B1236038BDA8
:100940002CA7002038B50446064D08461146002263
:100950002A601A4601F030FF431C02D12B6803B114
:10096000236038BD2CA7002038B50446064D084644
:10097000114600222A601A46FCF77EFC431C02D175
:100980002B6803B1236038BD2CA70020014B1868E9
:10099000704700BFF82100200000000000000000A8
:1009A00001F0FF01102A2BDB10F0070F08D010F820
:1009B000013B013A8B422DD010F0070F42B3F6D124
:1009C000F0B441EA012141EA014122F007047FF03D
:1009D00000070023F0E80256083C85EA010586EA94
:1009E000010685FA47F5A3FA87F586FA47F6A5FAD0
:1009F00087F68EB9EED1F0BC01F0FF0102F00702DC
:100A000032B110F8013B013A83EA010313B1F8D186
:100A10000020704701387047002D06BF3546033867
:100A2000073815F0010F07D1013015F4807F02BFA0
:100A3000013015F4C03F0130F0BC0138704700BFF1
:100A4000034613F8012B002AFBD1181A013870470E
:100A50002DE9F74F036907460C69A342C0F2838072
:100A6000013C00F1140501F11408A30055F82420FD
:100A700008EB8409009305EB8403019358F82430B4
:100A800001339A42B2FBF3F631D34FF0000AC44669
:100A9000AE46D3465CF8043B98B2E1454FEA1343B7
:100AA00006FB00A04FEA104280B206FB0323DEF8EB
:100AB000002092B24FEA134AA2EB00029BB2DEF88A
:100AC00000005A44C3EB224392B203EB104342EAC4
:100AD00003424FEA234B4EF8042BDBD2009BEB582A
:100AE0002BB9019B043B9D421A4630D33C613846EA
:100AF00001F092F8002826DB2946002058F8042B44
:100B0000D1F800C01FFA82FEC1451FFA8CF34FEAEC
:100B10001242A3EB0E030344C2EB23429BB202EB4F
:100B20001C4243EA02434FEA224041F8043BE5D22B
:100B300055F8242005EB840322B9043B9D421A4654
:100B40000BD33C610136304603B0BDE8F08F12682C
:100B5000043B002ACAD1013CC5E71268043B002AC5
:100B6000EFD1013CEAE70020EEE7000000000000C2
:100B70002DE9F04FC76981462DED028B91B055EC00
:100B8000104B1C9E069109920C938DED020B7FB9C0
:100B90001020FEF7A5FF0246C9F81C0020B99E4BA5
:100BA000EF219E4801F030FDC0E901770760C76082
:100BB000D9F81C30196859B15A6801234846934046
:100BC0004A608B6000F0F2FDD9F81C3000221A60F8
:100BD0002B1EB7BF23F00043002301220393ACBFB9
:100BE000336032608E4B039EB34310D142F20F73D9
:100BF0000C9A1360C6F31303234300F0D5841D9BA6
:100C0000884F002B00F0D784FB1C00F0D2BC9DED78
:100C1000028BB5EE408BF1EE10FA0AD101230C9A4B
:100C200013601D9B13B1804B1D9A13607F4F00F022
:100C3000C2BC0EAAB0EE480B0FA9484601F09EF8C0
:100C4000C6F30A530E9A0190002B45D018EE901A65
:100C5000B0EE487BA3F2FF330025C1F3130141F04E
:100C60007F5141F44011B7EE086B07EE901A9FEDEB
:100C7000645B37EE467B9FED646BA7EE056B07EE7A
:100C8000903AB8EEE74B9FED625BB0EE467BA4EE88
:100C9000057BB5EEC07BFDEEC76BF1EE10FA16EEEC
:100CA000908A08D5B8EEE66BB4EE476BF1EE10FA19
:100CB00018BF08F1FF38B8F1160F2DD85C4901EBC9
:100CC000C80191ED007BB4EEC78BF1EE10FA01D5AF
:100CD00008F1FF38002120E00F9B0125134403F2A7
:100CE00032412029C9BFC1F14001C1F120018E402C
:100CF00003F21241D8BF04FA01F103F1FF33C4BF7C
:100D000024FA01F1314307EE901AB8EE677B17EE33
:100D1000901AA1F1F871A6E70121D21A0B91531E86
:100D2000059345BFC2F10103002200230592B8F1EB
:100D3000000F17DB059ACDF8288042440592002267
:100D40000792069A092A42D8052AC5BF043A002408
:100D500001240692069A023A032A43D8DFE802F0F9
:100D60003335160AC8F10002A3EB080307920022EC
:100D70000A92E6E701220892099A08EB020B0BF1AE
:100D8000010A5246012AB8BF012206E00122089258
:100D9000099A002A29DD93469246D9F81C70002151
:100DA000042000F11406964226D97960484604933F
:100DB00000F0BCFC049B074600283DD11D4B0246B9
:100DC00040F2AF11EDE60022E1E70022D3E7012473
:100DD0000022089406924FF0FF3B00211222DA46CF
:100DE0000991DAE701220892F5E74FF0010BDA46A4
:100DF0005A46CDF824B0D0E701314000D1E700BF1A
:100E000061436F63A787D23FB3C8608B288AC63F10
:100E1000FB799F501344D33F761E00208D1E002087
:100E20000000F07F721E0020161F0020151F0020FA
:100E3000A8020020F41E0020D9F81C20BAF10E0FE1
:100E400010606ED8002C6CD0B8F1000F40F3B48065
:100E500008F00F01C74A18F4807F02EBC1024FEA85
:100E6000281192ED007B00F09B80C34A01F00F0136
:100E700092ED086B032288EE066B8DED026BBE4887
:100E8000002940F08F809DED026B86EE077B8DED93
:100E9000027B0B999DED027B002900F0B380B7EE39
:100EA000006BB4EEC67BF1EE10FA40F1AB80BAF104
:100EB000000F00F0A780BBF1000F30DDB2EE046B35
:100EC00008F1FF3101325C46049127EE067B8DED7F
:100ED000027B07EE902AB1EE0C5B9DED026BB8EE43
:100EE000E77BA7EE065B15EE902A51EC150BA2F1FD
:100EF0005071002C40F08A80B1EE047B36EE476BD7
:100F000041EC170BB4EEC76BF1EE10FA00F35D8203
:100F1000B1EE477BB4EEC76BF1EE10FA23D48DED42
:100F2000028B0F990029C0F22981B8F10E0F00F34E
:100F30002581904B03EBC80393ED006B099B002BBD
:100F400080F2C880BAF1000F00F3C4800BD1B1EE7B
:100F5000047B26EE076B9DED027BB4EEC76BF1EED2
:100F600010FAC0F22F8200242546099B3E46DB433F
:100F700004934FF000082146484600F017FC002D6E
:100F800000F0A280B8F1000F05D0A84503D041467B
:100F9000484600F00BFC2946484600F007FC93E069
:100FA00002226CE7CC0704D5013290ED006B27EEEE
:100FB000067B4910083063E722D0C8F100016D4A72
:100FC000002401F00F00091102EBC0026A4892ED03
:100FD000007B022228EE077B8DED027B29B9002CD5
:100FE0003FF457AF8DED027B53E7CE0705D50132B5
:100FF000012490ED006B27EE067B49100830EDE7E9
:10100000022246E75446CDF8108062E7594A02EBC7
:10101000C4023C4412ED024B089A41EC170B4AB350
:10102000B6EE003B3E46B7EE002B83EE045BB2EE1D
:10103000043B35EE477BFDEEC64BB8EEE45B14EEA9
:10104000902A303236EE456B06F8012BB4EEC76BB2
:10105000F1EE10FA38D432EE465BB4EEC75BF1EE37
:1010600010FA6ED4A6423FF45AAF27EE037B26EE69
:10107000036BE0E727EE047B21463E46B2EE043BDD
:10108000FDEEC64B14EE902AB8EEE45B303236EE3D
:10109000456B06F8012BA64219D1B6EE005B37EE80
:1010A000054BB4EEC46BF1EE10FA4ADC35EE475B4B
:1010B000B4EEC56BF1EE10FA7FF531AF0E46013993
:1010C00016F8013C302BF9D0DDF8108027E026EE31
:1010D000036BD5E79DED027BB2EE044B3E4687EEF7
:1010E000065BBDEEC55B15EE103AB8EEC53B30337E
:1010F000A3EE467B06F8013BF31B9A4532D137EE4F
:10110000077BB4EEC67BF1EE10FA18DCB4EE467B3A
:10111000F1EE10FA03D115EE103ADB070FD4019966
:10112000484600F043FB00230C9A337008F101039A
:1011300013601D9B002B00F03E821E603BE2CDF849
:10114000108033461E4613F8012D392A06D19F42DE
:10115000F8D1049A0132049230223A701A7801329E
:101160001A70B1E727EE047BB5EE407BF1EE10FA82
:10117000B5D1D4E7A802002080020020089A002AF6
:1011800000F0E580069A012A00F3C680002D00F0E9
:10119000BF8001F23341079C1E460B44484604932E
:1011A000059B0B440121059300F0B6FB049B05460B
:1011B00056B1059A002A07DDB2420599A8BF32460A
:1011C0009B1AB61A8A1A0592079A12B3089A002A2D
:1011D00000F0C1809CB12946224648460D9300F09C
:1011E00055FC019A01460546484600F0ABFB0199C3
:1011F0000490484600F0DAFA049A0D9B0192079A8F
:10120000121B06D004930199484600F03FFC049B52
:10121000019001214846049300F07EFB0A9A04469F
:10122000049B002A00F0CD810146484600F02EFCC8
:10123000069B0446012B049B00F39480029A002A2B
:1012400040F08C80039AC2F31302002A40F0888099
:10125000039A22F00042120D120522B1059A0133C1
:1012600001320592012207920A9A002A00F0AF810A
:101270002269049304EB8202106900F001FB049BD5
:10128000C0F12000059A104410F01F0075D0C0F185
:101290002002042A69DDC0F11C00059A03440244BF
:1012A00006440592002B05DD1A460199484600F0D8
:1012B00047FC0190059B002B05DD21461A46484658
:1012C00000F03EFC04460B9B002B58D021460198B1
:1012D00000F0A2FC002852DA08F1FF330A2201993B
:1012E00048460493002300F083FA089B0190002BEA
:1012F00000F06F81294600230A22484600F078FA60
:10130000BBF1000F054666DC069B022B40DC62E069
:101310000E99C1F136013EE70AF1FF34079AA24265
:1013200007DBBAF1000FA2EB04040CDB1E465146AA
:1013300033E7079A1E460A99A21A0794002411441B
:101340000A91514629E7A3EB0A06002125E7079CED
:101350001E46089D2CE7079A049354E7002282E773
:10136000029A80E70022079282E79BD01C320599FF
:10137000114413441644059194E70246F6E7BAF186
:10138000000FD346CDF8108021DC069B022B1EDD1A
:10139000BBF1000F7FF4E9AD21465B4605224846CC
:1013A00000F026FA01460446019800F035FC0028BA
:1013B0007FF7DBAD31233E4606F8013B049B01334A
:1013C0000493D6E55446CDF810802546F2E7089BF5
:1013D000002B00F00281002E05DD294632464846EA
:1013E00000F0AEFB0546079B002B58D069684846C5
:1013F00000F09CF9064628B9824B024640F2EF21E4
:10140000FFF7CFBB2A6905F10C010C3002329200C4
:10141000FCF7C4F801223146484600F091FB7B1CE2
:10142000A8460546059307EB0B030993029B03F0BF
:1014300001030893059B2146019803F1FF3BFFF749
:1014400007FB4146029000F1300A019800F0E4FBEE
:101450002A4607902146484600F0FAFBC268064635
:10146000FAB90146019800F0D7FB024631464846DA
:101470000A9200F09BF90A9ADDE9056342EA03014A
:10148000089B19430FD1BAF1390F28D0079B002BC5
:1014900002DD029B03F1310A8BF800A06BE52846C0
:1014A000BDE70122E2E7079B002B04DB06990B4313
:1014B00008990B4320D1002AEEDD0122019948460C
:1014C00000F03EFB2146019000F0A6FB002803DC63
:1014D000E2D11AF0010FDFD0BAF1390FD9D1392397
:1014E0008BF8003033461E46013B16F8012C392A92
:1014F00052D001321A703EE5002A07DDBAF1390FE9
:10150000EDD00AF101038BF8003034E5059B099A10
:1015100003F801AC934229D000230A2201994846DE
:1015200000F066F9A84501904FF000034FF00A0261
:101530004146484607D100F05BF980460546059BC9
:101540000133059376E700F053F9294680460023DE
:101550000A22484600F04CF90546F0E7BBF1000FBF
:101560004FF00008CCBF5E4601263E44012201999F
:10157000484600F0E5FA2146019000F04DFB0028B6
:10158000B0DC02D11AF0010FACD133461E4613F87D
:10159000012D302AFAD0EEE49F42A4D1049B0133FE
:1015A000049331233B70E6E41D9B174F1BB107F1F9
:1015B00008031D9A1360384611B0BDEC028BBDE8DC
:1015C000F08F069A012A7FF739AE0A9A0792012016
:1015D00058E6BBF1000F7FF7D8AE3E462146019892
:1015E000FFF736FA00F1300A06F801ABF21B93451B
:1015F000B4DD00230A220199484600F0F9F8019071
:10160000ECE700BFF41E0020691E002038B5054637
:10161000002941D051F8043C0C1F002BB8BFE4183E
:10162000FBF748F91D4A136833B963601460284614
:10163000BDE83840FBF754B9A34208D92068211807
:101640008B4201BF19685B6809182160EDE71A46F3
:101650005B680BB1A342FAD911685018A0420BD1B4
:1016600020680144501811608342E0D118685B681B
:10167000084453601060DAE702D90C232B60D6E7E8
:10168000206821188B4202BF19685B6809186360E3
:1016900008BF21605460CAE738BD00BFCCA5002058
:1016A00070B5164C054608460E46FBF703F923684D
:1016B00043B100213046F8F7FDFA421C03461CBF37
:1016C0002268831A0E4A1168002291B90D4C3046E7
:1016D0002E4623609B1A2262E361FBF701F90FCCCF
:1016E0000FC60FCC0FC694E8030086E80300284617
:1016F00070BD086849680244E7E700BFD0A5002034
:10170000CCA50020A4A5002082B001B901A942B156
:101710004BB113780B601278101E18BF012002B075
:1017200070471046FBE76FF00100F8E770B5C66937
:1017300004460D4676B91020FEF7D2F90246E06164
:1017400020B9184B6B21184800F05EFFC0E9016614
:101750000660C660E669F36883B1E369DB6853F845
:101760002500B8B90121204601FA05F6721D920044
:10177000FEF7A2F960B1C0E901560EE02122042172
:101780002046FEF799F9E369F060DB68002BE4D1AD
:10179000002070BD026843F825200023C0E9033310
:1017A000F7E700BF761E0020C41C002070B5C66994
:1017B00005460C4676B91020FEF792F90246E8611C
:1017C00020B9094B8F21094800F01EFFC0E90166CE
:1017D0000660C6603CB1EB696268DB6853F82210B2
:1017E000216043F8224070BD761E0020C41C0020FA
:1017F0002DE9F04101F1140C07460C461E460D6917
:101800000020DCF80030013099B2854202FB016112
:101810004FEA13464FEA114389B202FB063301EB4C
:1018200003414FEA13464CF8041BEADC0EB3A368ED
:10183000AB4219DC616838460131FFF777FF80461B
:1018400028B902460C4BBA210C4800F0DDFE226993
:1018500004F10C010C3002329200FBF79FFE21468E
:1018600044463846FFF7A2FF04EB850301355E616D
:1018700025612046BDE8F081F41E0020C41C002034
:10188000B0F5803F034636BF030400201020B3F1BB
:10189000807F3CBF1B020830B3F1805F3CBF1B015F
:1018A0000430B3F1804F3CBF9B000230002B05DBBE
:1018B00013F0804F00F1010008BF2020704703683B
:1018C000024613F007000BD0D90721D4980747BF71
:1018D0005B0801209B0802204CBF13601360704717
:1018E00099B209B91B0C1020D9B209B908301B0AEA
:1018F000190704BF1B090430990704BF9B08023075
:10190000D90703D45B0800F1010003D013607047CE
:10191000002070472020704710B50C460121FFF7CA
:1019200005FF024628B9054B40F24511044800F076
:101930006BFE01234461036110BD00BFF41E002053
:10194000C41C00202DE9F04F17460A69894685B06E
:101950003B699A42A2BF3B460F4699463D69BB6828
:10196000D9F810A0796805EB0A06B342B8BF013177
:10197000FFF7DCFE30B90246424B4FF4B1714248EA
:1019800000F042FE00F11404002204EB860E234610
:10199000734520D307F1140809F1140108EB8505FC
:1019A00001EB8A030293EB1B1537153B23F003036E
:1019B0000433BD4238BF04230193029B03918B4241
:1019C0000CD8002E03DD5EF8043D002B57D00661D5
:1019D00005B0BDE8F08F43F8042BD9E7B1F800A0BB
:1019E000BAF1000F21D0C446A14600275CF8042BB1
:1019F000D9F800301FFA82FB65459BB24FEA1242CC
:101A00000AFB0B333B44D9F800704FEA17470AFB37
:101A1000027202EB13429BB24FEA124743EA0243BF
:101A200049F8043BE2D8019BE750039B0431B3F82B
:101A30000290B9F1000F20D023684746A4464FF02A
:101A4000000AB7F800B09BB2BCF8022009FB0B22D9
:101A5000524443EA02434CF8043B57F8043B4FEA34
:101A6000134ABCF80030BD4209FB0A3303EB1243B2
:101A70004FEA134AE5D8019AA35004349DE7013E8A
:101A80009FE700BFF41E0020C41C00202DE9F8438E
:101A9000154612F0030207460E4607D0013A254CC0
:101AA000002354F82220FFF7A3FE0646AD103DD0D8
:101AB000FC697CB91020FEF713F80246F86128B9DA
:101AC0001D4B40F2B3111D4800F09EFDC0E90144DA
:101AD0000460C460D7F81C80D8F808404CB940F2C4
:101AE00071213846FFF718FF00230446C8F80800A4
:101AF00003604FF00009EB070AD53146224638460D
:101B0000FFF720FF8046314638464646FFF74EFE37
:101B10006D100BD0206838B9224621463846FFF7B1
:101B200011FF2060C0F800900446E4E73046BDE8AD
:101B3000F88300BF04070020761E0020C41C00208C
:101B40002DE9F0470C46074691464FEA621A236991
:101B5000496803EB6218A36808F10106B3420BDB86
:101B60003846FFF7E3FD054648B90246284B4FF4D7
:101B7000EF71284800F048FD01315B00EEE70023DB
:101B800000F1140100F110021846534533DB2AEA34
:101B9000EA7A04F11403206919F01F0901EB8A01A4
:101BA00003EB800C2BD0C9F1200E8A460022186866
:101BB00000FA09F010434AF8040B53F8042B9C4533
:101BC00022FA0EF2F3D8ACEB040304F11500153B36
:101BD00023F003030433604588BF0423CA500AB1CD
:101BE00008F10206013E384621462E61FFF7DEFD70
:101BF0002846BDE8F087013342F8040FC5E70439F1
:101C000053F8042B9C4541F8042FF9D8EAE700BFAC
:101C1000F41E0020C41C002003460A690069801AD3
:101C200030B50ED11433143103EB820401EB820181
:101C300054F8045D51F8042D954203D005D24FF0BD
:101C4000FF3030BDA342F3D3FBE70120F9E70000EA
:101C50002DE9F74F89460646114614464846FFF7D8
:101C6000DBFF051E12D129463046FFF75FFD024615
:101C700028B9404B40F237213F4800F0C5FC012312
:101C8000C0E90435104603B0BDE8F08FBCBF4B4639
:101C9000A1463046B8BF0125D9F80410B4BF1C4690
:101CA0000025FFF743FD024618B9324B40F24521AB
:101CB000E2E7D9F8107004F1140E266900F1140B54
:101CC000C56009F1140509F110030EEB860605EB5A
:101CD0008708D9464FF0000C0193019B5EF8040B76
:101CE00053F804AF764501931FFA8AF3194683B27D
:101CF0004FEA1040A1EB0303C0EB1A40634400EB32
:101D000023409BB24FEA204C43EA004349F8043B8E
:101D1000E3D8331B1534153B23F003030433A642E9
:101D200038BF04231D445B442C461E4644450ED355
:101D300008F10301491B033D21F00301A84538BF09
:101D400000210B4453F8041D91B117619AE754F830
:101D5000041BE646080C1CFA81FC714400EB2C4085
:101D600089B24FEA204C41EA004146F8041BDDE706
:101D7000013FE7E7F41E0020C41C00202DE9F743D3
:101D80000F460121164659EC108BFFF7CFFC044695
:101D900030B90246234B40F20F31234800F034FCA7
:101DA000C9F30A55C9F313030DB143F4801301932A
:101DB000B8F1000323D068460093FFF780FDDDE90A
:101DC0000012D0B1C0F1200302FA03F3C2400B436A
:101DD00001926361019B002BA3610CBF01220222CF
:101DE0002261A5B1A5F233450544C0F135003D603F
:101DF0003060204603B0BDE8F0836161EAE701A8E6
:101E0000FFF75DFD019B203001226361E8E7A0F24E
:101E1000324004EB820338601869FFF731FDC0EBF4
:101E20004210E5E7F41E0020C41C002051F8043CD9
:101E3000181F002BBCBF0B58C0187047034608463C
:101E400041B1FF2A04D98A224FF0FF301A6070474F
:101E500001200A7070472DE9F0471F468E688246C0
:101E60000C46BE4290460B682DD8B1F90C2012F4F6
:101E7000906F26D06569096905EB4505A3EB01095B
:101E80007B1C05EBD5754B446D109D4238BF1D463C
:101E9000530527D52946FDF755FE064660B34A4649
:101EA0002169FBF77BFBA38923F4906343F0800354
:101EB000A38126614E446561A5EB090526603E4677
:101EC000A560BE4200D93E46324641462068FEF734
:101ED0007DFCA36800209B1BA36023683344236020
:101EE000BDE8F0872A46FDF7B7FE06460028E0D198
:101EF00021695046FFF78AFB0C234FF0FF30CAF8E8
:101F00000030A38943F04003A381E9E72DE9F04FB6
:101F100098468B899DB007461B060D46144610D582
:101F20000B6973B94021FDF70DFE2860286130B9B7
:101F30000C233B604FF0FF301DB0BDE8F08F402315
:101F40006B610023CDF80C804FF00109DFF8A08110
:101F5000099320238DF8293030238DF82A30234629
:101F60009A4613F8012B0AB1252AF9D1BAEB040BD2
:101F70000BD05B46224629463846FFF76CFF0130FE
:101F800000F0A780099A5A4409929AF80030002B71
:101F900000F09F8000234FF0FF320AF1010A049302
:101FA00007938DF853301A93CDE905235446052243
:101FB0004F4814F8011BFEF7F3FC049AD8B9D00679
:101FC00044BF20238DF85330110744BF2B238DF8D5
:101FD00053309AF800302A2B15D0079A5446002027
:101FE0004FF00A0C214611F8013B303B092B4BD92D
:101FF000B0B1079214E0A0EB0803A24609FA03F37C
:1020000013430493D2E7039B191D1B68002B039114
:10201000BBBF5B4242F0020207930793B8BF049232
:1020200023782E2B0AD163782A2B32D1039B0234DA
:102030001A1D1B6843EAE37303920593DFF8C0A0FF
:10204000032221785046FEF7ABFC38B1A0EB0A0022
:102050004022049B013482401343049314F8011B73
:10206000062224488DF82810FEF79AFC002836D066
:10207000214B1BBB039B073323F007030833039358
:10208000099B334409936AE70CFB02320C4601209A
:10209000A8E7002301344FF00A0C194605932046A7
:1020A00010F8012B303A092A03D9002BC6D005912C
:1020B000C4E70CFB012104460123F0E703AB2A46E9
:1020C00004A9384600930D4BFDF782FE421C0646DC
:1020D000D6D1AB895B063FF52DAF09982CE703AB52
:1020E0002A4604A938460093044BFEF7FDF8EDE7B5
:1020F000411F00204B1F0020D199000057BA00005B
:10210000471F00209368013B002B936010B408DA4E
:102110009469A34201DB0A2903D15DF8044B00F066
:10212000DFB91368581C1060084619705DF8044B3D
:102130007047F8B506460F461446D518AC4201D193
:10214000002007E03A4614F8011B3046FFF7DAFF9B
:10215000431CF3D1F8BD00002DE9F04F0D469DB0B2
:1021600014469846064618B1036A0BB9FEF766FA9C
:102170006B6ED90705D4AB899A0502D4A86D00F01F
:10218000F7FAAB891B0701D52B699BB92946304665
:1021900000F0E4F970B16B6EDC0704D54FF0FF304E
:1021A0001DB0BDE8F08FAB899805F7D4A86D00F09D
:1021B0001BFBF3E70023CDF80C804FF00109DFF89B
:1021C000B481099320238DF8293030238DF82A30EB
:1021D00023469A4613F8012B0AB1252AF9D1BAEB06
:1021E000040B0BD05B46224629463046FFF7A1FF81
:1021F000013000F0A780099A5A4409929AF80030F9
:10220000002B00F09F8000234FF0FF320AF1010AFB
:10221000049307938DF853301A93CDE90523544660
:102220000522544814F8011BFEF7BAFB049AD8B9EA
:10223000D10644BF20238DF85330130744BF2B230E
:102240008DF853309AF800302A2B15D0079A54464F
:1022500000204FF00A0C214611F8013B303B092BBE
:102260004BD9B0B1079214E0A0EB0803A24609FADB
:1022700003F313430493D2E7039B191D1B68002B40
:102280000391BBBF5B4242F0020207930793B8BFC2
:10229000049223782E2B0AD163782A2B32D1039B08
:1022A00002341A1D1B6843EAE37303920593DFF8B7
:1022B000D4A0032221785046FEF772FB38B1A0EB80
:1022C0000A004022049B013482401343049314F813
:1022D000011B062228488DF82810FEF761FB002814
:1022E0003FD0264B1BBB039B073323F00703083368
:1022F0000393099B3B4409936AE70CFB02320C46AB
:102300000120A8E7002301344FF00A0C1946059379
:10231000204610F8012B303A092A03D9002BC6D0E9
:102320000591C4E70CFB012104460123F0E703AB50
:102330002A4604A930460093114BFDF749FD074694
:10234000781CD6D16B6ED90705D4AB899A0502D417
:10235000A86D00F049FAAB895B063FF51FAF0998FD
:102360001EE703AB2A4604A930460093044BFDF751
:10237000BBFFE4E7411F00204B1F0020D199000064
:1023800033BD0000471F0020B1F90C202DE9F041BA
:10239000160705460C4654D44B68002B02DC0B6C28
:1023A000002B48DDE66A002E45D0002312F480524F
:1023B0002F68216A2B6030D0626DA389590705D53B
:1023C0006368D21A636B0BB1236CD21A0023E66ADE
:1023D000216A2846B047431CA38906D129681D29D4
:1023E0002BD82A4ACA40D60727D50022D9046260D2
:1023F0002269226004D5421C01D12B6803B96065B3
:10240000616B2F60B9B104F14403994202D02846B0
:10241000FFF7FCF8002363630DE001232846B04773
:102420000246501CC9D12B68002BC6D01D2B01D0F1
:10243000162B1DD12F60002021E043F040031BB27A
:102440001AE00F69002FF6D093070E680F600CBFDB
:102450004B690023A6EB07088B60B8F1000FEADD9B
:1024600043463A46216A2846A66AB047002808DC57
:10247000B4F90C3043F040034FF0FF30A381BDE8C6
:10248000F0810744A8EB0008E7E700BF0100402007
:1024900038B50B6905460C4613B90025284638BDEA
:1024A00018B1036A0BB9FEF7C9F8B4F90C30002B68
:1024B000F3D0626ED00704D4990502D4A06D00F069
:1024C00057F928462146FFF75FFF636E0546DA0796
:1024D000E4D4A3899B05E1D4A06D00F085F9DDE784
:1024E000F8B50E461446054618B1036A0BB9FEF757
:1024F000A5F8A369A360A3891A0701D5236943B985
:102500002146284600F02AF818B14FF0FF37384628
:10251000F8BD2368F6B222693746981A6369834288
:1025200005DC21462846FFF7B3FF0028EDD1A3685C
:10253000013BA36023685A1C22601E70431C626921
:102540009A4204D0A389DB07E1D50A2EDFD12146C8
:102550002846FFF79DFF0028D9D0D6E738B5294B8C
:1025600005460C46186818B1036A0BB9FEF766F801
:10257000B4F90C30190722D4DA0607D409222A60EC
:1025800043F040034FF0FF30A38133E0580712D5EA
:10259000616B41B104F14403994202D02846FFF730
:1025A00035F800236363A38923F02403A381002368
:1025B000636023692360A38943F00803A38123692F
:1025C0004BB9A38903F42073B3F5007F03D02146F0
:1025D000284600F05CF8B4F90C3013F001020AD080
:1025E0000022A26062695242A261226942B913F0DC
:1025F0008000C5D138BD990758BF6269A260F4E771
:102600000020F7E7F82100201FB514461A46094BB1
:1026100005461B68D8684CB1074B00910749CDE9C6
:1026200001342B46FEF722F800F0D6F8044B1C4686
:10263000F3E700BFF82100202C1D0020391D0020E9
:10264000671D002070B50C46B1F90E1096B0154606
:1026500000291E460CDAA389002113F0800F14BF55
:1026600040234FF48063002031602B6016B070BDB2
:102670006A4600F049F80028EDDB019901F4704149
:10268000A1F50053594259414FF48063EBE78B8920
:10269000F7B59D0706460C4607D504F147032360AE
:1026A00023610123636103B0F0BD01AB6A46FFF70C
:1026B000C9FF009F054630463946FDF743FA48B941
:1026C000B4F90C309A05EED423F0030343F002036F
:1026D000A381E2E7A389206043F08003A381019BEB
:1026E000C4E904075BB1B4F90E10304600F01EF8DF
:1026F00028B1A38923F0030343F00103A381A38935
:102700001D43A581CFE7000038B50023064D0446E0
:10271000084611462B6000F01BF8431C02D12B68C1
:1027200003B1236038BD00BF2CA7002038B50023BB
:10273000054D044608462B6000F02EF8431C02D1DC
:102740002B6803B1236038BD2CA7002000000000D7
:102750005FF800F0292A00605FF800F0591A006065
:102760005FF800F0651B00605FF800F0611A006020
:102770005FF800F0C91D00605FF800F00D1C0060FC
:102780005FF800F00D2D00605FF800F0B11D0060F3
:102790005FF800F0392A00605FF800F0352A006029
:1027A0005FF800F0611E00605FF800F0D91B006068
:1027B0005FF800F0B91600605FF800F01D2A0060B5
:1027C0005FF800F0291C00605FF800F04914006019
:1027D0005FF800F0191500605FF800F0492A00600A
:1027E0005FF800F0212A00605FF800F0011E006031
:1027F00000000000000000000000000000000000D9
:1028000000000000000000000000000000000000C8
:1028100000000000000000000000000000000000B8
:1028200000000000000000000000000000000000A8
:102830000000000000000000000000000000000098
:102840000000000000000000000000000000000088
:102850000000000000000000000000000000000078
:102860000000000000000000000000000000000068
:102870000000000000000000000000000000000058
:102880000000000000000000000000000000000048
:102890000000000000000000000000000000000038
:1028A0000000000000000000000000000000000028
:1028B0000000000000000000000000000000000018
:1028C0000000000000000000000000000000000008
:1028D00000000000000000000000000000000000F8
:1028E00000000000000000000000000000000000E8
:1028F00000000000000000000000000000000000D8
:1029000000000000000000000000000000000000C7
:1029100000000000000000000000000000000000B7
:1029200000000000000000000000000000000000A7
:102930000000000000000000000000000000000097
:102940000000000000000000000000000000000087
:102950000000000000000000000000000000000077
:102960000000000000000000000000000000000067
:102970000000000000000000000000000000000057
:102980000000000000000000000000000000000047
:102990000000000000000000000000000000000037
:1029A0000000000000000000000000000000000027
:1029B0000000000000000000000000000000000017
:1029C0000000000000000000000000000000000007
:1029D00000000000000000000000000000000000F7
:1029E00000000000000000000000000000000000E7
:1029F00000000000000000000000000000000000D7
:102A000000000000000000000000000000000000C6
:102A100000000000000000000000000000000000B6
:102A200000000000000000000000000000000000A6
:102A30000000000000000000000000000000000096
:102A40000000000000000000000000000000000086
:102A50000000000000000000000000000000000076
:102A60000000000000000000000000000000000066
:102A70000080E03779C34143176E05B5B5B893467A
:102A8000F5F93FE9034F384D321D30F94877825A46
:102A90003CBF737FDD4F1575000000000000F03F64
:102AA0000000000000002440000000000000594029
:102AB0000000000000408F40000000000088C3407C
:102AC00000000000006AF8400000000080842E41F1
:102AD00000000000D01263410000000084D797413D
:102AE0000000000065CDCD41000000205FA0024243
:102AF000000000E876483742000000A2941A6D42B8
:102B0000000040E59C30A2420000901EC4BCD642AA
:102B100000003426F56B0C430080E03779C3414355
:102B200000A0D8855734764300C84E676DC1AB43CB
:102B3000003D9160E458E143408CB5781DAF1544E9
:102B400050EFE2D6E41A4B4492D54D06CFF08044C4
:102B5000F64AE1C7022DB544B49DD9794378EA44D9
:102B60000000010100010101010201010202010254
:102B70000301020302020402020502020503020627
:102B800003020703020704030704030705040705FC
:102B900004070605070606070606070707070700D6
:102BA000000000000000000000000008000000001D
:102BB0000000000000000000000000000000000015
:102BC00000000008000000000000000000000000FD
:102BD000980A0020A00A0020A80A002022636D6441
:102BE00022000000737461727400000073746F70CF
:102BF000000000007B2274797065223A226862220C
:102C00002C227374617465223A2269646C65222CEB
:102C10002274223A256C757D0A0000002C01000008
:102C20002C0100002C0100002C010000E803000032
:102C3000E8030000E8030000E803000000000000D3
:102C4000B40A0020B80A0020BC0A0020C40A0020F0
:102C5000C80A0020D00A0020D80A0020E00A00207C
:102C6000E40A002052554E004152524554000000E3
:102C700049444C45000000004E45555452414C001B
:102C80007B2274223A256C752C226D6F6465223A82
:102C9000222573222C2272756E223A222573222C51
:102CA00022746172676574223A25642C2272616D08
:102CB000706564223A256C642C22686F74223A2570
:102CC000642C22657363223A5B00000025737B222B
:102CD0006964223A25642C226F6B223A25642C22E7
:102CE0006572706D223A256C642C226475747922A9
:102CF0003A252E33662C22695F6D6F74223A252E99
:102D000032662C22695F696E223A252E32662C22A9
:102D1000765F696E223A252E32662C22745F6665D4
:102D200074223A252E31662C22745F6D6F74223A1C
:102D3000252E31667D0000002C0000005D2C2261F4
:102D4000726D65223A2564002C2270696C223A7BF0
:102D5000226F6E223A25642C226672223A25642C58
:102D60002263746C223A25642C22657363223A250F
:102D7000642C226C6576223A25642C2272617722BB
:102D80003A25647D000000002C22696D75223A7B93
:102D9000226F6B223A25642C226672616973223A93
:102DA00025642C22726F6C6C223A252E32662C22FE
:102DB0007069746368223A252E32662C2279617715
:102DC000223A252E32662C22766F6B223A25642C0D
:102DD00022765F6B6D68223A252E32667D000000F8
:102DE0002C22677073223A7B226F6B223A25642C67
:102DF000226C6174223A252E37662C226C6F6E226B
:102E00003A252E37662C22616C745F6F6B223A254F
:102E1000642C22616C74223A252E31667D000000FC
:102E20002C227764223A7B22657272223A256C75D5
:102E30002C22727374223A25640000002C22257320
:102E4000223A7B226F6B223A25642C2273746B2208
:102E50003A256C752C227573223A252E30667D003A
:102E60007D7D0A000A0B0000000000000000000049
:102E70002D1200006102000085060000E903000039
:102E800029190000ED030000F1030000000000001C
:102E900000000000C91C0000D50300000000000075
:102EA00000000000056E0000397E0000357E000045
:102EB000317E00002D7E0000297E0000257E00006E
:102EC000217E00000000000000000000B96C00003E
:102ED0000D6E000021670000796800004167000066
:102EE000E567000069670000FD6800009568000064
:102EF0001D67000005000000190000007D000000B3
:102F000007080C0B06050F000D0E0102838407084D
:102F10000C0B06050F000D0E01028384FFFFFFFF5F
:102F2000FFFFFFFFFFFF8182090A00002820282001
:102F30002820267853757370656E646564546173D8
:102F40006B4C697374202920292D3E784C69737469
:102F5000496E7465677269747956616C7565312064
:102F60003D3D2030783561356135613561554C2006
:102F700029202626202820282028202678537573EB
:102F800070656E6465645461736B4C697374202959
:102F900020292D3E784C697374496E746567726997
:102FA000747956616C756532203D3D20307835610D
:102FB000356135613561554C2029000028202820D5
:102FC0002820262820707843757272656E745443E9
:102FD000422D3E7853746174654C6973744974650D
:102FE0006D2029202920292D3E784C69737449745D
:102FF000656D496E7465677269747956616C756543
:1030000031203D3D20307835613561356135615580
:103010004C20292026262028202820282026282049
:10302000707843757272656E745443422D3E7853C6
:10303000746174654C6973744974656D2029202925
:1030400020292D3E784C6973744974656D496E74FE
:1030500065677269747956616C756532203D3D20F3
:1030600030783561356135613561554C2029000076
:10307000282028202820262820707852656164792D
:103080005461736B734C697374735B202820707880
:103090004E657754434220292D3E75785072696FF2
:1030A00072697479205D2029202920292D3E784CD1
:1030B000697374496E7465677269747956616C7569
:1030C0006531203D3D2030783561356135613561B0
:1030D000554C202920262620282028202820262854
:1030E00020707852656164795461736B734C6973B5
:1030F00074735B20282070784E65775443422029F2
:103100002D3E75785072696F72697479205D20293F
:10311000202920292D3E784C697374496E746567A7
:103120007269747956616C756532203D3D20307846
:103130003561356135613561554C2029000000004D
:10314000282028202820262820282070784E6577DF
:1031500054434220292D3E7853746174654C697341
:10316000744974656D2029202920292D3E784C69E9
:1031700073744974656D496E7465677269747956C4
:10318000616C756531203D3D2030783561356135A4
:10319000613561554C20292026262028202820280A
:1031A00020262820282070784E6577544342202915
:1031B0002D3E7853746174654C6973744974656D00
:1031C0002029202920292D3E784C69737449746583
:1031D0006D496E7465677269747956616C75653294
:1031E000203D3D2030783561356135613561554C84
:1031F0002029000070785443422D3E75635374615A
:10320000746963616C6C79416C6C6F636174656443
:10321000203D3D202820282075696E74385F742079
:10322000292032202900000075785072696F726978
:103230007479203C203130002820707854696D6505
:10324000722D3E7854696D6572506572696F64497C
:103250006E5469636B73203E20302029000000000B
:103260005744000046534D0050726F70000000003C
:1032700050696C6F74650000455343005873656E68
:103280007300000052506900464F525741524400AB
:103290005245564552534500434F4E54524F4C45AC
:1032A0000000000070696C0066736D0070726F70D2
:1032B00000000000657363007873656E73000000A2
:1032C000736F6E6172000000666F696C73000000BE
:1032D000727069007764000075784372697469637D
:1032E000616C4E657374696E67203D3D207E30557C
:1032F0004C0000007578437269746963616C4E65B7
:103300007374696E67203D3D2031303030554C007C
:1033100028202A28202820766F6C6174696C65202B
:1033200075696E7433325F74202A20292030784505
:10333000303030656430302029202920213D20287C
:103340002030783431304643323731554C20290013
:1033500028202A28202820766F6C6174696C6520EB
:1033600075696E7433325F74202A202920307845C5
:10337000303030656430302029202920213D20283C
:103380002030783431304643323730554C202900D4
:1033900075634D617853797343616C6C5072696FDA
:1033A00072697479000000002820282032203C3CFB
:1033B00020282038202D20342029202920262028AC
:1033C000207E75634D61785072696F7269747956A9
:1033D000616C756520292029203D3D203055000075
:1033E0007078566563746F725461626C655B2028F7
:1033F0002031312029205D203D3D2076506F7274B0
:1034000053564348616E646C65720000707856656F
:1034100063746F725461626C655B202820313420C4
:1034200029205D203D3D2078506F727450656E6498
:10343000535648616E646C6572000000705F73746F
:1034400061636B5F6172677300000000766F69648F
:10345000206672656572746F733A3A7072696E7441
:103460005F737461636B5F74726163652854617329
:103470006B48616E646C655F7429000073746163EE
:103480006B5F6172677300007578496E646578548C
:103490006F576169744F6E203C20340009000000B2
:1034A000784576656E7447726F7570002820757860
:1034B00042697473546F436C656172202620282022
:1034C000282075696E7433325F7420292030786645
:1034D000663030303030305520292029203D3D20C5
:1034E000300000002820282070784C69737420294F
:1034F0002D3E784C697374496E746567726974798E
:1035000056616C756531203D3D20307835613561FF
:1035100035613561554C2029202626202820282079
:1035200070784C69737420292D3E784C6973744906
:103530006E7465677269747956616C756532203D89
:103540003D2030783561356135613561554C202934
:10355000000000002820282070784E65774C6973A1
:10356000744974656D20292D3E784C6973744974D3
:10357000656D496E7465677269747956616C7565BD
:1035800031203D3D203078356135613561356155FB
:103590004C2029202626202820282070784E657768
:1035A0004C6973744974656D20292D3E784C69739C
:1035B000744974656D496E74656772697479566192
:1035C0006C756532203D3D2030783561356135615F
:1035D0003561554C20290000282028202A28202841
:1035E00020766F6C6174696C652075696E74333216
:1035F0005F74202A202920307865303030656430AF
:103600003420292029202620282030784646554C71
:1036100020292029203D3D2030000000757843728C
:1036200069746963616C4E657374696E670000004C
:10363000756343757272656E745072696F726974E6
:1036400079203E3D2075634D617853797343616CF9
:103650006C5072696F72697479000000282028200C
:103660002A28202820766F6C6174696C6520756942
:103670006E7433325F74202A202920307845303030
:103680003045443043202920292026202820307826
:103690003037554C203C3C2038554C2029202920DF
:1036A0003C3D20756C4D617850524947524F555002
:1036B00056616C7565000000707854434220213DCE
:1036C000202828766F6964202A293029000000000C
:1036D00075785363686564756C657253757370654E
:1036E0006E646564203D3D203000000070784576B2
:1036F000656E744C6973740075785363686564759E
:103700006C657253757370656E64656420213D202D
:1037100028205542617365547970655F74202920B3
:103720003055000028202820282070784576656EC6
:10373000744C697374202920292D3E784C69737468
:10374000496E7465677269747956616C756531206C
:103750003D3D2030783561356135613561554C200E
:1037600029202626202820282028207078457665C4
:103770006E744C697374202920292D3E784C69732E
:1037800074496E7465677269747956616C756532D7
:10379000203D3D2030783561356135613561554CCE
:1037A000202900002820282028202628207078435F
:1037B000757272656E745443422D3E784576656E1F
:1037C000744C6973744974656D2029202920292D52
:1037D0003E784C6973744974656D496E746567729F
:1037E00069747956616C756531203D3D20307835BE
:1037F00061356135613561554C2029202626202808
:103800002028202820262820707843757272656E43
:10381000745443422D3E784576656E744C697374DA
:103820004974656D2029202920292D3E784C697323
:10383000744974656D496E7465677269747956610F
:103840006C756532203D3D203078356135613561DC
:103850003561554C20290000707854434220213DA9
:1038600020707843757272656E7454434200000094
:10387000707854696D654F757400000078526574F6
:1038800075726E20213D2028202D31202900000056
:103890002820282026282070785265616479546198
:1038A000736B734C697374735B207578546F7050CD
:1038B00072696F72697479205D202920292D3E7507
:1038C000784E756D6265724F664974656D73202917
:1038D000203E203000000000282075784269747373
:1038E000546F5365742026202820282075696E7433
:1038F00033325F74202920307866663030303030C3
:10390000305520292029203D3D2030007078537407
:103910006174696351756575650000007853697A53
:1039200065203D3D2073697A656F66282051756575
:1039300075655F742029000070784E657751756554
:10394000756500007078517565756500785265740D
:1039500075726E20213D2028202820282042617386
:1039600065547970655F7420292030202920290052
:10397000212820282070764974656D546F51756533
:103980007565203D3D202828766F6964202A2930FE
:1039900029202920262620282070785175657565F4
:1039A0002D3E75784974656D53697A6520213D20F7
:1039B00028205542617365547970655F7420292011
:1039C0003055202920290000212820282078436F05
:1039D0007079506F736974696F6E203D3D202820A7
:1039E000282042617365547970655F742029203204
:1039F00020292029202626202820707851756575D9
:103A0000652D3E75784C656E67746820213D2031C8
:103A10002029202900000000212820282078546136
:103A2000736B4765745363686564756C6572537432
:103A30006174652829203D3D20282028204261739B
:103A400065547970655F7420292030202920292051
:103A50002626202820785469636B73546F57616958
:103A60007420213D203020292029000070785175D4
:103A70006575652D3E75784974656D53697A652065
:103A80003D3D203000000000212820282070785182
:103A9000756575652D3E706348656164203D3D2008
:103AA0002828766F6964202A293029202920262693
:103AB000202820707851756575652D3E752E7853D8
:103AC000656D6170686F72652E784D7574657848A4
:103AD0006F6C64657220213D202828766F69642010
:103AE0002A293029202920290000000070784D75EE
:103AF00074657800282070785175657565202900F7
:103B0000212820282028207076427566666572205C
:103B100029203D3D202828766F6964202A293029F4
:103B200020292026262028202820707851756575A8
:103B30006520292D3E75784974656D53697A652035
:103B4000213D2028205542617365547970655F746A
:103B50002029203055202920290000007078546940
:103B6000636B73546F57616974000000707578530C
:103B70007461636B42756666657220213D2028285A
:103B8000766F6964202A293029000000707854611A
:103B9000736B42756666657220213D202828766F1A
:103BA0006964202A293029007853697A65203D3DCF
:103BB0002073697A656F6628205443425F74202918
:103BC00000000000707850726576696F75735761F8
:103BD0006B6554696D65000028207854696D6549EE
:103BE0006E6372656D656E74203E2030552029002D
:103BF00075785363686564756C6572537573706529
:103C00006E646564203D3D20315500007578496E35
:103C1000646578546F4E6F74696679203C20340077
:103C2000785461736B546F4E6F746966790000004D
:103C3000785469636B436F756E74203D3D20282076
:103C40005469636B547970655F74202920300000DB
:103C50002820282026282070785443422D3E78457D
:103C600076656E744C6973744974656D20292029DA
:103C70002D3E7078436F6E7461696E6572202920E5
:103C80003D3D202828766F6964202A2930290000CC
:103C900028202820282026282070785443422D3EB2
:103CA000784576656E744C6973744974656D202926
:103CB000202920292D3E784C6973744974656D491B
:103CC0006E7465677269747956616C756531203DF3
:103CD0003D2030783561356135613561554C20299D
:103CE00020262620282028202820262820707854C6
:103CF00043422D3E784576656E744C697374497401
:103D0000656D2029202920292D3E784C697374493E
:103D100074656D496E7465677269747956616C7506
:103D20006532203D3D203078356135613561356142
:103D3000554C20290000000028207849646C655407
:103D400061736B48616E646C65735B2030205D202D
:103D5000213D202828766F6964202A2930292029CE
:103D600000000000282028202820282070784465A2
:103D70006C617965645461736B4C69737420292D8F
:103D80003E75784E756D6265724F664974656D73E8
:103D9000203D3D2028205542617365547970655F50
:103DA00074202920302029203F202820282042610B
:103DB0007365547970655F74202920312029203A79
:103DC000202820282042617365547970655F742033
:103DD00029203020292029202900000028202820FF
:103DE0002820262820707852656164795461736BAD
:103DF000734C697374735B2028207078544342209D
:103E0000292D3E75785072696F72697479205D2032
:103E100029202920292D3E784C697374496E7465D8
:103E2000677269747956616C756531203D3D20304B
:103E3000783561356135613561554C20292026265C
:103E400020282028202820262820707852656164A8
:103E5000795461736B734C697374735B20282070A1
:103E60007854434220292D3E75785072696F7269EB
:103E70007479205D2029202920292D3E784C6973F2
:103E800074496E7465677269747956616C756532D0
:103E9000203D3D2030783561356135613561554CC7
:103EA00020290000282028202820262820282070CB
:103EB0007854434220292D3E7853746174654C69CF
:103EC00073744974656D2029202920292D3E784C72
:103ED0006973744974656D496E7465677269747944
:103EE00056616C756531203D3D2030783561356116
:103EF00035613561554C2029202626202820282090
:103F000028202628202820707854434220292D3E3E
:103F10007853746174654C6973744974656D2029B4
:103F2000202920292D3E784C6973744974656D49A8
:103F30006E7465677269747956616C756532203D7F
:103F40003D2030783561356135613561554C20292A
:103F5000000000007078544342203D3D20707843BB
:103F6000757272656E745443420000007078544359
:103F7000422D3E75784D75746578657348656C643F
:103F800000000000282028202820262820707852B1
:103F9000656164795461736B734C697374735B20EE
:103FA000282070784D75746578486F6C646572541C
:103FB000434220292D3E75785072696F7269747979
:103FC000205D2029202920292D3E784C69737449D1
:103FD0006E7465677269747956616C756531203DE0
:103FE0003D2030783561356135613561554C20298A
:103FF00020262620282028202820262820707852B5
:10400000656164795461736B734C697374735B207D
:10401000282070784D75746578486F6C64657254AB
:10402000434220292D3E75785072696F7269747908
:10403000205D2029202920292D3E784C6973744960
:104040006E7465677269747956616C756532203D6E
:104050003D2030783561356135613561554C202919
:104060000000000028202820282026282028207052
:10407000784D75746578486F6C646572544342205E
:10408000292D3E7853746174654C69737449746565
:104090006D2029202920292D3E784C69737449749C
:1040A000656D496E7465677269747956616C756582
:1040B00031203D3D203078356135613561356155C0
:1040C0004C20292026262028202820282026282089
:1040D000282070784D75746578486F6C64657254EB
:1040E000434220292D3E7853746174654C69737482
:1040F0004974656D2029202920292D3E784C69734B
:10410000744974656D496E74656772697479566136
:104110006C756532203D3D20307835613561356103
:104120003561554C202900007078556E626C6F63C4
:104130006B6564544342000028202820282026284C
:1041400020707852656164795461736B734C697344
:1041500074735B2028207078556E626C6F636B659A
:104160006454434220292D3E75785072696F7269FC
:104170007479205D2029202920292D3E784C6973EF
:1041800074496E7465677269747956616C756531CE
:10419000203D3D2030783561356135613561554CC4
:1041A0002029202626202820282028202628207084
:1041B0007852656164795461736B734C697374737D
:1041C0005B2028207078556E626C6F636B65645459
:1041D000434220292D3E75785072696F7269747957
:1041E000205D2029202920292D3E784C69737449AF
:1041F0006E7465677269747956616C756532203DBD
:104200003D2030783561356135613561554C202967
:1042100000000000282028202820262820282070A0
:1042200078556E626C6F636B656454434220292D30
:104230003E7853746174654C6973744974656D207C
:1042400029202920292D3E784C6973744974656DA5
:10425000496E7465677269747956616C7565312051
:104260003D3D2030783561356135613561554C20F3
:1042700029202626202820282028202628202820FB
:104280007078556E626C6F636B656454434220298D
:104290002D3E7853746174654C6973744974656D0F
:1042A0002029202920292D3E784C69737449746592
:1042B0006D496E7465677269747956616C756532A3
:1042C000203D3D2030783561356135613561554C93
:1042D0002029000028202820282026282078506522
:1042E0006E64696E6752656164794C6973742029E4
:1042F000202920292D3E784C697374496E746567B6
:104300007269747956616C756531203D3D20307855
:104310003561356135613561554C202920262620CF
:104320002820282028202628207850656E64696E71
:104330006752656164794C697374202920292029AA
:104340002D3E784C697374496E746567726974792F
:1043500056616C756532203D3D20307835613561A0
:1043600035613561554C20290000000028202820A7
:1043700028202628207078556E626C6F636B656408
:104380005443422D3E784576656E744C697374498A
:1043900074656D2029202920292D3E784C6973747D
:1043A0004974656D496E7465677269747956616C9C
:1043B000756531203D3D2030783561356135613599
:1043C00061554C2029202626202820282028202618
:1043D00028207078556E626C6F636B65645443423D
:1043E0002D3E784576656E744C6973744974656DBD
:1043F0002029202920292D3E784C69737449746541
:104400006D496E7465677269747956616C75653251
:10441000203D3D2030783561356135613561554C41
:104420002029000075785363686564756C65725364
:10443000757370656E64656420213D203055000001
:1044400028207854696D6572506572696F64496E91
:104450005469636B73203E2030202900546D722014
:10446000537663007852657475726E0078436F6D91
:104470006D616E644944203C2028202820426173ED
:1044800065547970655F742029203620290000006A
:1044900028207854696D65725461736B48616E644D
:1044A0006C6520213D202828766F6964202A2930F8
:1044B000292029002F646174612F6275696C642F53
:1044C0006275696C642F484F53542D7838365F36C7
:1044D000342D7736342D6D696E677733322F6172E4
:1044E0006D2D636F727465786D37662D65616269D5
:1044F0002F7372632F6E65776C69622D6E616E6FBC
:104500002F6E65776C69622F6C6962632F737464B8
:104510006C69622F6D707265632E63002C20667566
:104520006E6374696F6E3A200061737365727469AB
:104530006F6E2022257322206661696C65643A20C3
:1045400066696C6520222573222C206C696E6520BB
:104550002564257325730A000020202020202020B8
:104560002020282828282820202020202020202023
:104570002020202020202020208810101010101033
:10458000101010101010101010040404040404047F
:104590000404041010101010101041414141414119
:1045A00001010101010101010101010101010101FB
:1045B000010101011010101010104242424242420B
:1045C00002020202020202020202020202020202CB
:1045D0000202020210101010200000000000000073
:1045E00000000000000000000000000000000000CB
:1045F00000000000000000000000000000000000BB
:1046000000000000000000000000000000000000AA
:10461000000000000000000000000000000000009A
:10462000000000000000000000000000000000008A
:10463000000000000000000000000000000000007A
:10464000000000000000000000000000000000006A
:10465000000000000000000000496E66696E697489
:1046600079004E614E005245454E54206D616C6C90
:104670006F6320737563636565646564002F6461AF
:1046800074612F6275696C642F6275696C642F4860
:104690004F53542D7838365F36342D7736342D6DA0
:1046A000696E677733322F61726D2D636F72746537
:1046B000786D37662D656162692F7372632F6E6541
:1046C000776C69622D6E616E6F2F6E65776C6962B3
:1046D0002F6C6962632F7374646C69622F64746FEA
:1046E000612E630042616C6C6F6320737563636558
:1046F0006564656400494E4600696E66004E414E31
:10470000006E616E00300030313233343536373868
:10471000394142434445460030313233343536372F
:104720003839616263646566004300504F534958ED
:1047300000232D302B2000686C4C006566674546D1
:1047400047002E000029DE07007B9A17B4060020E0
:1047500000000000E803000000000000DC0600206C
:1047600000000000E80300000000000000001A4004
:10477000D01F002000000000A05D0020605D002030
:1047800000000000000000002800000040000000C1
:1047900028000000400000000000000000000000B1
:1047A0000000000000000000000000000000000009
:1047B00000000000000000000000000000FF0000FA
:1047C000041B0000F96D00000000000080C00F40D5
:1047D00000C00000150000000200000060851F40BE
:1047E000010000002E0000000200000060851F4054
:1047F00000000000140000000200000064851F405B
:10480000010000002F0000000200000064851F402E
:10481000000000002B024000260018007E0000006F
:104820004300000000000000000000000000000045
:104830000000000000000000000000000000000078
:104840004300000000000000000000000000000025
:104850000000000000000000000000000000000058
:104860004300000000000000000000000000000005
:104870000000000000000000000000000000000038
:1048800043000000000000000000000000000000E5
:104890000000000000000000000000000000000018
:1048A00043000000000000000000000000000000C5
:1048B00000000000000000000000000000000000F8
:1048C00043000000000000000000000000000000A5
:1048D00000000000000000000000000000000000D8
:1048E0004300000000000000000000000000000085
:1048F00000000000000000000000000000000000B8
:104900003DBA000009B3000000000000681D00204F
:10491000521F0020671D0020671D0020671D00201A
:10492000671D0020671D0020671D0020671D0020F7
:10493000671D0020671D0020FFFFFFFFFFFFFFFF37
:10494000FFFFFFFFFFFF0000010041534349490003
:104950000000000000000000000000000000000057
:1049600000000000000000000000415343494900DE
:104970000000000000000000000000000000000037
:104980000000000000000000000000000000000027
:1049900003000000D4A50020A0AB00200000000010
:1049A000D4A500203CA60020A4A600200000000002
:1049B00000000000000000000000000000000000F7
:1049C00000000000000000000000000000000000E7
:1049D00000000000000000000000000000000000D7
:1049E0000000000000000000AC21002012010002C5
:1049F000EF020140C016830480020102030100009F
:104A00002800000000010400010000000000000078
:104A1000020157494E5553420000000000000000BB
:104A2000000000000000000012034D00530046008B
:104A30005400310030003000F80000000C0300008A
:104A40000000000000000000000000000000000066
:104A500000000000AAAAAAAA0000000000000000AE
:104A60000000000000000000000000000000000046
:104A70000000000000000000000000000000000036
:104A80000000000000000000000000000000000026
:104A90000000000000000000000000000000000016
:104AA0000000000000000000000000000000000006
:104AB00000000000000000000000000000000000F6
:104AC00000000000000000000000000000000000E6
:104AD00000000000000000000000000000000000D6
:104AE00000000000000000000000000000000000C6
:104AF00000000000000000000000000000000000B6
:104B000000000000000000000000000000000000A5
:104B10000000000000000000000000000000000095
:104B20000000000000000000000000000000000085
:104B30000000000000000000000000000000000075
:104B40000000000000000000000000000000000065
:104B50000000000000000000000000000000000055
:104B60000000000000000000000000000000000045
:104B70000000000000000000000000000000000035
:104B80000000000000000000000000000000000025
:104B90000000000000000000000000000000000015
:104BA0000000000000000000000000000000000005
:104BB00000000000000000000000000000000000F5
:104BC00000000000000000000000000000000000E5
:104BD00000000000000000000000000000000000D5
:104BE00000000000000000000000000000000000C5
:104BF00000000000000000000000000000000000B5
:104C000000000000000000000000000000000000A4
:104C10000000000000000000000000000000000094
:104C20000000000000000000000000000000000084
:104C30000000000000000000000000000000000074
:104C40000000000000000000000000000000000064
:104C50000000000000000000000000000000000054
:104C60000000000000000000000000000000000044
:104C70000000000000000000000000000000000034
:104C80000000000000000000000000000000000024
:104C90000000000000000000000000000000000014
:104CA0000000000000000000000000000000000004
:104CB00000000000000000000000000000000000F4
:104CC00000000000000000000000000000000000E4
:104CD00000000000000000000000000000000000D4
:104CE00000000000000000000000000000000000C4
:104CF00000000000000000000000000000000000B4
:104D000000000000000000000000000000000000A3
:104D10000000000000000000000000000000000093
:104D20000000000000000000000000000000000083
:104D30000000000000000000000000000000000073
:104D40000000000000000000000000000000000063
:104D50000000000000000000000000000000000053
:104D60000000000000000000000000000000000043
:104D70000000000000000000000000000000000033
:104D80000000000000000000000000000000000023
:104D90000000000000000000000000000000000013
:104DA0000000000000000000000000000000000003
:104DB00000000000000000000000000000000000F3
:104DC00000000000000000000000000000000000E3
:104DD00000000000000000000000000000000000D3
:104DE00000000000000000000000000000000000C3
:104DF00000000000000000000000000000000000B3
:104E000000000000000000000000000000000000A2
:104E10000000000000000000000000000000000092
:104E20000000000000000000000000000000000082
:104E30000000000000000000000000000000000072
:104E40000000000000000000000000000000000062
:104E50000000000000000000000000000000000052
:104E60000000000000000000000000000000000042
:104E70000000000000000000000000000000000032
:104E80000000000000000000000000000000000022
:104E90000000000000000000000000000000000012
:104EA0000000000000000000000000000000000002
:104EB000B838D83FB0B0AA80F838D83F0100000019
:104EC0001C9AD85FB0B0B080249AD85FB0B0AA80E6
:104ED000449AD85FB0B0B0805C9AD85FB0B0AA8076
:104EE000989AD85FAD08B180909BD85FB0B0A88089
:104EF0009C9BD85FB0B0AC80F09BD85F9402000060
:104F0000909CD85FB0AB0280FC9CD85FB0AF0C80A7
:104F100028A1D85FB0B0AE8004A2D85FB0AE038045
:104F200038A4D85FB0B0A8809CA4D85FB0B0B080DF
:104F3000ACA4D85FB0B0A88020A5D85FB0B0B080D6
:104F400030A5D85FB0B0A88058A5D85F5002000047
:104F500074A5D85FAD08B180A8A5D85FB0B0A8800F
:104F6000C2A5D85FB0B0AC80F2A5D85FB0B0A880C1
:104F70000EA6D85FB0B0B0800EA6D85FB0A91A80D8
:104F800064A6D85F0084028078A6D85FB0B0A880FD
:104F9000A4A6D85FB0B0B080ACA6D85FB0B0AA80ED
:104FA000D0A6D85FB0B0B080D0A6D85FA908B18035
:104FB000E8A6D85FB0B0AA809CA7D85FA908B18046
:104FC00000A8D85FB0B0B080BCA8D85FB0AF0280F6
:104FD000D4A9D85FD401000068B4D85FA908B18013
:104FE000F4B4D85FB0B0AA8054B5D85FB0B0018037
:104FF00070B5D85FB0B0AA802CB6D85FB0B0AC8026
:10500000B4B6D85FB0B0B08044B7D85FB0B0A880B5
:1050100068B7D85FB0AF0480A8B8D85FAD08B180DA
:1050200054B9D85FB0B0AE8024BAD85FB0B0A98010
:1050300054BAD85FB0AF028078BBD85FB0AD028001
:1050400020BCD85FB0B0B08042BCD85FB0B0AE80FA
:10505000F0BCD85FB0AF1C80E0BED85FB0B0A0801D
:1050600006BFD85FAB08B18024BFD85FB0AF1C804B
:105070004CC1D85FB0B0AC804CC2D85FA908B18039
:1050800094C2D85FAB08B18008C3D85FA908B180CB
:10509000ACC3D85F00840480E0C3D85FB0AA158099
:1050A00022C4D85FB0AB028094C4D85FA908B18095
:1050B000D0C4D85F010000002088D85F0100000044
:1050C0004C8BD85FB0A90280D08BD85FB0B0A880DD
:1050D000168CD85F010000001E8CD85FB0B0AA808B
:1050E000508CD85FAE75B280028DD85F0100000091
:1050F000FE8CD85FAB3F3A80508DD85F0100000036
:105100005A8DD85FB0B0AA80928DD85F01000000A0
:10511000388ED85FAB10B2809C8ED85FB0AF06805F
:10512000E090D85F01000000E490D85FAC3F0180C0
:105130000493D85F01000000D894D85F00840480F5
:10514000E894D85F01000000E294D85FB0AD04801D
:105150004297D85F008404806497D85F1C000000E9
:105160006697D85F200000007097D85F01000000AC
:1051700064A6D85F0100000008B10181B0B00084CE
:105180000000000008B10181B0B000840000000000
:10519000C9040181B0B0AB8000000000840101812E
:1051A000B00EB10000000000C9100181B0B0AF80A6
:0451B00000000000FB
:1051B40000000000000000000000000000000000EB
:1051C40000000000000000000000000000000000DB
:1051D40000000000000000000000000000000000CB
:1051E40000000000000000000000000000000000BB
:1051F40000000000000000000000000000000000AB
:10520400000000000000000000000000000000009A
:10521400000000000000000000000000000000008A
:10522400000000000000000000000000000000007A
:10523400000000000000000000000000000000006A
:10524400000000000000000000000000000000005A
:10525400000000000000000000000000000000004A
:10526400000000000000000000000000000000003A
:10527400000000000000000000000000000000002A
:10528400000000000000000000000000000000001A
:10529400000000000000000000000000000000000A
:1052A40000000000000000000000000000000000FA
:1052B40000000000000000000000000000000000EA
:1052C40000000000000000000000000000000000DA
:1052D40000000000000000000000000000000000CA
:1052E40000000000000000000000000000000000BA
:1052F40000000000000000000000000000000000AA
:105304000000000000000000000000000000000099
:105314000000000000000000000000000000000089
:105324000000000000000000000000000000000079
:105334000000000000000000000000000000000069
:105344000000000000000000000000000000000059
:105354000000000000000000000000000000000049
:105364000000000000000000000000000000000039
:105374000000000000000000000000000000000029
:105384000000000000000000000000000000000019
:105394000000000000000000000000000000000009
:1053A40000000000000000000000000000000000F9
:1053B40000000000000000000000000000000000E9
:1053C40000000000000000000000000000000000D9
:1053D40000000000000000000000000000000000C9
:1053E40000000000000000000000000000000000B9
:1053F40000000000000000000000000000000000A9
:105404000000000000000000000000000000000098
:105414000000000000000000000000000000000088
:105424000000000000000000000000000000000078
:105434000000000000000000000000000000000068
:105444000000000000000000000000000000000058
:105454000000000000000000000000000000000048
:105464000000000000000000000000000000000038
:105474000000000000000000000000000000000028
:105484000000000000000000000000000000000018
:105494000000000000000000000000000000000008
:1054A40000000000000000000000000000000000F8
:1054B40000000000000000000000000000000000E8
:1054C40000000000000000000000000000000000D8
:1054D40000000000000000000000000000000000C8
:1054E40000000000000000000000000000000000B8
:1054F40000000000000000000000000000000000A8
:105504000000000000000000000000000000000097
:105514000000000000000000000000000000000087
:105524000000000000000000000000000000000077
:105534000000000000000000000000000000000067
:105544000000000000000000000000000000000057
:105554000000000000000000000000000000000047
:105564000000000000000000000000000000000037
:105574000000000000000000000000000000000027
:105584000000000000000000000000000000000017
:105594000000000000000000000000000000000007
:1055A40000000000000000000000000000000000F7
:1055B40000000000000000000000000000000000E7
:1055C40000000000000000000000000000000000D7
:1055D40000000000000000000000000000000000C7
:1055E40000000000000000000000000000000000B7
:1055F40000000000000000000000000000000000A7
:105604000000000000000000000000000000000096
:105614000000000000000000000000000000000086
:105624000000000000000000000000000000000076
:105634000000000000000000000000000000000066
:105644000000000000000000000000000000000056
:105654000000000000000000000000000000000046
:105664000000000000000000000000000000000036
:105674000000000000000000000000000000000026
:105684000000000000000000000000000000000016
:105694000000000000000000000000000000000006
:1056A40000000000000000000000000000000000F6
:1056B40000000000000000000000000000000000E6
:1056C40000000000000000000000000000000000D6
:1056D40000000000000000000000000000000000C6
:1056E40000000000000000000000000000000000B6
:1056F40000000000000000000000000000000000A6
:105704000000000000000000000000000000000095
:105714000000000000000000000000000000000085
:105724000000000000000000000000000000000075
:105734000000000000000000000000000000000065
:105744000000000000000000000000000000000055
:105754000000000000000000000000000000000045
:105764000000000000000000000000000000000035
:105774000000000000000000000000000000000025
:105784000000000000000000000000000000000015
:105794000000000000000000000000000000000005
:1057A40000000000000000000000000000000000F5
:1057B40000000000000000000000000000000000E5
:1057C40000000000000000000000000000000000D5
:1057D40000000000000000000000000000000000C5
:1057E40000000000000000000000000000000000B5
:1057F40000000000000000000000000000000000A5
:105804000000000000000000000000000000000094
:105814000000000000000000000000000000000084
:105824000000000000000000000000000000000074
:105834000000000000000000000000000000000064
:105844000000000000000000000000000000000054
:105854000000000000000000000000000000000044
:105864000000000000000000000000000000000034
:105874000000000000000000000000000000000024
:105884000000000000000000000000000000000014
:105894000000000000000000000000000000000004
:1058A40000000000000000000000000000000000F4
:1058B40000000000000000000000000000000000E4
:1058C40000000000000000000000000000000000D4
:1058D40000000000000000000000000000000000C4
:1058E40000000000000000000000000000000000B4
:1058F40000000000000000000000000000000000A4
:105904000000000000000000000000000000000093
:105914000000000000000000000000000000000083
:105924000000000000000000000000000000000073
:105934000000000000000000000000000000000063
:105944000000000000000000000000000000000053
:105954000000000000000000000000000000000043
:105964000000000000000000000000000000000033
:105974000000000000000000000000000000000023
:105984000000000000000000000000000000000013
:105994000000000000000000000000000000000003
:1059A40000000000000000000000000000000000F3
:1059B40000000000000000000000000000000000E3
:1059C40000000000000000000000000000000000D3
:1059D40000000000000000000000000000000000C3
:1059E40000000000000000000000000000000000B3
:1059F40000000000000000000000000000000000A3
:105A04000000000000000000000000000000000092
:105A14000000000000000000000000000000000082
:105A24000000000000000000000000000000000072
:105A34000000000000000000000000000000000062
:105A44000000000000000000000000000000000052
:105A54000000000000000000000000000000000042
:105A64000000000000000000000000000000000032
:105A74000000000000000000000000000000000022
:105A84000000000000000000000000000000000012
:105A94000000000000000000000000000000000002
:105AA40000000000000000000000000000000000F2
:105AB40000000000000000000000000000000000E2
:105AC40000000000000000000000000000000000D2
:105AD40000000000000000000000000000000000C2
:105AE40000000000000000000000000000000000B2
:105AF40000000000000000000000000000000000A2
:105B04000000000000000000000000000000000091
:105B14000000000000000000000000000000000081
:105B24000000000000000000000000000000000071
:105B34000000000000000000000000000000000061
:105B44000000000000000000000000000000000051
:105B54000000000000000000000000000000000041
:105B64000000000000000000000000000000000031
:105B74000000000000000000000000000000000021
:105B84000000000000000000000000000000000011
:105B94000000000000000000000000000000000001
:105BA40000000000000000000000000000000000F1
:105BB40000000000000000000000000000000000E1
:105BC40000000000000000000000000000000000D1
:105BD40000000000000000000000000000000000C1
:105BE40000000000000000000000000000000000B1
:105BF40000000000000000000000000000000000A1
:105C04000000000000000000000000000000000090
:105C14000000000000000000000000000000000080
:105C24000000000000000000000000000000000070
:105C34000000000000000000000000000000000060
:105C44000000000000000000000000000000000050
:105C54000000000000000000000000000000000040
:105C64000000000000000000000000000000000030
:105C74000000000000000000000000000000000020
:105C84000000000000000000000000000000000010
:105C94000000000000000000000000000000000000
:105CA40000000000000000000000000000000000F0
:105CB40000000000000000000000000000000000E0
:105CC40000000000000000000000000000000000D0
:105CD40000000000000000000000000000000000C0
:105CE40000000000000000000000000000000000B0
:105CF40000000000000000000000000000000000A0
:105D0400000000000000000000000000000000008F
:105D1400000000000000000000000000000000007F
:105D2400000000000000000000000000000000006F
:105D3400000000000000000000000000000000005F
:105D4400000000000000000000000000000000004F
:105D5400000000000000000000000000000000003F
:105D6400000000000000000000000000000000002F
:105D7400000000000000000000000000000000001F
:105D8400000000000000000000000000000000000F
:105D940000000000000000000000000000000000FF
:105DA40000000000000000000000000000000000EF
:040000056000100087
:00000001FF
