:0200000460009A
:100000004643464200000156000000000103030081
:1000100000000000000000000000000000000000E0
:1000200000000000000000000000000000000000D0
:1000300000000000000000000000000000000000C0
:1000400000000000010408000000000000000000A3
:100050000000800000000000000000000000000020
:100060000000000000000000000000000000000090
:100070000000000000000000000000000000000080
:10008000EB04180A063204260000000000000000FD
:10009000050404240000000000000000000000002F
:1000A0000000000000000000000000000000000050
:1000B0000604000000000000000000000000000036
:1000C0000000000000000000000000000000000030
:1000D00020041808000000000000000000000000DC
:1000E0000000000000000000000000000000000010
:1000F0000000000000000000000000000000000000
:10010000D8041808000000000000000000000000F3
:100110000204180804200000000000000000000095
:1001200000000000000000000000000000000000CF
:10013000600400000000000000000000000000005B
:1001400000000000000000000000000000000000AF
:10015000000000000000000000000000000000009F
:10016000000000000000000000000000000000008F
:10017000000000000000000000000000000000007F
:10018000000000000000000000000000000000006F
:10019000000000000000000000000000000000005F
:1001A000000000000000000000000000000000004F
:1001B000000000000000000000000000000000003F
:1001C000000100000010000001000000000000001D
:1001D000000001000000000000000000000000001E
:1001E000000000000000000000000000000000000F
:1001F00000000000000000000000000000000000FF
:10020000FFFFFFFFFFFFFFFFFFFFFFFFFFFFFFFFFE
:10021000FFFFFFFFFFFFFFFFFFFFFFFFFFFFFFFFEE
:10022000FFFFFFFFFFFFFFFFFFFFFFFFFFFFFFFFDE
:10023000FFFFFFFFFFFFFFFFFFFFFFFFFFFFFFFFCE
:10024000FFFFFFFFFFFFFFFFFFFFFFFFFFFFFFFFBE
:10025000FFFFFFFFFFFFFFFFFFFFFFFFFFFFFFFFAE
:10026000FFFFFFFFFFFFFFFFFFFFFFFFFFFFFFFF9E
:10027000FFFFFFFFFFFFFFFFFFFFFFFFFFFFFFFF8E
:10028000FFFFFFFFFFFFFFFFFFFFFFFFFFFFFFFF7E
:10029000FFFFFFFFFFFFFFFFFFFFFFFFFFFFFFFF6E
:1002A000FFFFFFFFFFFFFFFFFFFFFFFFFFFFFFFF5E
:1002B000FFFFFFFFFFFFFFFFFFFFFFFFFFFFFFFF4E
:1002C000FFFFFFFFFFFFFFFFFFFFFFFFFFFFFFFF3E
:1002D000FFFFFFFFFFFFFFFFFFFFFFFFFFFFFFFF2E
:1002E000FFFFFFFFFFFFFFFFFFFFFFFFFFFFFFFF1E
:1002F000FFFFFFFFFFFFFFFFFFFFFFFFFFFFFFFF0E
:10030000FFFFFFFFFFFFFFFFFFFFFFFFFFFFFFFFFD
:10031000FFFFFFFFFFFFFFFFFFFFFFFFFFFFFFFFED
:10032000FFFFFFFFFFFFFFFFFFFFFFFFFFFFFFFFDD
:10033000FFFFFFFFFFFFFFFFFFFFFFFFFFFFFFFFCD
:10034000FFFFFFFFFFFFFFFFFFFFFFFFFFFFFFFFBD
:10035000FFFFFFFFFFFFFFFFFFFFFFFFFFFFFFFFAD
:10036000FFFFFFFFFFFFFFFFFFFFFFFFFFFFFFFF9D
:10037000FFFFFFFFFFFFFFFFFFFFFFFFFFFFFFFF8D
:10038000FFFFFFFFFFFFFFFFFFFFFFFFFFFFFFFF7D
:10039000FFFFFFFFFFFFFFFFFFFFFFFFFFFFFFFF6D
:1003A000FFFFFFFFFFFFFFFFFFFFFFFFFFFFFFFF5D
:1003B000FFFFFFFFFFFFFFFFFFFFFFFFFFFFFFFF4D
:1003C000FFFFFFFFFFFFFFFFFFFFFFFFFFFFFFFF3D
:1003D000FFFFFFFFFFFFFFFFFFFFFFFFFFFFFFFF2D
:1003E000FFFFFFFFFFFFFFFFFFFFFFFFFFFFFFFF1D
:1003F000FFFFFFFFFFFFFFFFFFFFFFFFFFFFFFFF0D
:10040000FFFFFFFFFFFFFFFFFFFFFFFFFFFFFFFFFC
:10041000FFFFFFFFFFFFFFFFFFFFFFFFFFFFFFFFEC
:10042000FFFFFFFFFFFFFFFFFFFFFFFFFFFFFFFFDC
:10043000FFFFFFFFFFFFFFFFFFFFFFFFFFFFFFFFCC
:10044000FFFFFFFFFFFFFFFFFFFFFFFFFFFFFFFFBC
:10045000FFFFFFFFFFFFFFFFFFFFFFFFFFFFFFFFAC
:10046000FFFFFFFFFFFFFFFFFFFFFFFFFFFFFFFF9C
:10047000FFFFFFFFFFFFFFFFFFFFFFFFFFFFFFFF8C
:10048000FFFFFFFFFFFFFFFFFFFFFFFFFFFFFFFF7C
:10049000FFFFFFFFFFFFFFFFFFFFFFFFFFFFFFFF6C
:1004A000FFFFFFFFFFFFFFFFFFFFFFFFFFFFFFFF5C
:1004B000FFFFFFFFFFFFFFFFFFFFFFFFFFFFFFFF4C
:1004C000FFFFFFFFFFFFFFFFFFFFFFFFFFFFFFFF3C
:1004D000FFFFFFFFFFFFFFFFFFFFFFFFFFFFFFFF2C
:1004E000FFFFFFFFFFFFFFFFFFFFFFFFFFFFFFFF1C
:1004F000FFFFFFFFFFFFFFFFFFFFFFFFFFFFFFFF0C
:10050000FFFFFFFFFFFFFFFFFFFFFFFFFFFFFFFFFB
:10051000FFFFFFFFFFFFFFFFFFFFFFFFFFFFFFFFEB
:10052000FFFFFFFFFFFFFFFFFFFFFFFFFFFFFFFFDB
:10053000FFFFFFFFFFFFFFFFFFFFFFFFFFFFFFFFCB
:10054000FFFFFFFFFFFFFFFFFFFFFFFFFFFFFFFFBB
:10055000FFFFFFFFFFFFFFFFFFFFFFFFFFFFFFFFAB
:10056000FFFFFFFFFFFFFFFFFFFFFFFFFFFFFFFF9B
:10057000FFFFFFFFFFFFFFFFFFFFFFFFFFFFFFFF8B
:10058000FFFFFFFFFFFFFFFFFFFFFFFFFFFFFFFF7B
:10059000FFFFFFFFFFFFFFFFFFFFFFFFFFFFFFFF6B
:1005A000FFFFFFFFFFFFFFFFFFFFFFFFFFFFFFFF5B
:1005B000FFFFFFFFFFFFFFFFFFFFFFFFFFFFFFFF4B
:1005C000FFFFFFFFFFFFFFFFFFFFFFFFFFFFFFFF3B
:1005D000FFFFFFFFFFFFFFFFFFFFFFFFFFFFFFFF2B
:1005E000FFFFFFFFFFFFFFFFFFFFFFFFFFFFFFFF1B
:1005F000FFFFFFFFFFFFFFFFFFFFFFFFFFFFFFFF0B
:10060000FFFFFFFFFFFFFFFFFFFFFFFFFFFFFFFFFA
:10061000FFFFFFFFFFFFFFFFFFFFFFFFFFFFFFFFEA
:10062000FFFFFFFFFFFFFFFFFFFFFFFFFFFFFFFFDA
:10063000FFFFFFFFFFFFFFFFFFFFFFFFFFFFFFFFCA
:10064000FFFFFFFFFFFFFFFFFFFFFFFFFFFFFFFFBA
:10065000FFFFFFFFFFFFFFFFFFFFFFFFFFFFFFFFAA
:10066000FFFFFFFFFFFFFFFFFFFFFFFFFFFFFFFF9A
:10067000FFFFFFFFFFFFFFFFFFFFFFFFFFFFFFFF8A
:10068000FFFFFFFFFFFFFFFFFFFFFFFFFFFFFFFF7A
:10069000FFFFFFFFFFFFFFFFFFFFFFFFFFFFFFFF6A
:1006A000FFFFFFFFFFFFFFFFFFFFFFFFFFFFFFFF5A
:1006B000FFFFFFFFFFFFFFFFFFFFFFFFFFFFFFFF4A
:1006C000FFFFFFFFFFFFFFFFFFFFFFFFFFFFFFFF3A
:1006D000FFFFFFFFFFFFFFFFFFFFFFFFFFFFFFFF2A
:1006E000FFFFFFFFFFFFFFFFFFFFFFFFFFFFFFFF1A
:1006F000FFFFFFFFFFFFFFFFFFFFFFFFFFFFFFFF0A
:10070000FFFFFFFFFFFFFFFFFFFFFFFFFFFFFFFFF9
:10071000FFFFFFFFFFFFFFFFFFFFFFFFFFFFFFFFE9
:10072000FFFFFFFFFFFFFFFFFFFFFFFFFFFFFFFFD9
:10073000FFFFFFFFFFFFFFFFFFFFFFFFFFFFFFFFC9
:10074000FFFFFFFFFFFFFFFFFFFFFFFFFFFFFFFFB9
:10075000FFFFFFFFFFFFFFFFFFFFFFFFFFFFFFFFA9
:10076000FFFFFFFFFFFFFFFFFFFFFFFFFFFFFFFF99
:10077000FFFFFFFFFFFFFFFFFFFFFFFFFFFFFFFF89
:10078000FFFFFFFFFFFFFFFFFFFFFFFFFFFFFFFF79
:10079000FFFFFFFFFFFFFFFFFFFFFFFFFFFFFFFF69
:1007A000FFFFFFFFFFFFFFFFFFFFFFFFFFFFFFFF59
:1007B000FFFFFFFFFFFFFFFFFFFFFFFFFFFFFFFF49
:1007C000FFFFFFFFFFFFFFFFFFFFFFFFFFFFFFFF39
:1007D000FFFFFFFFFFFFFFFFFFFFFFFFFFFFFFFF29
:1007E000FFFFFFFFFFFFFFFFFFFFFFFFFFFFFFFF19
:1007F000FFFFFFFFFFFFFFFFFFFFFFFFFFFFFFFF09
:10080000FFFFFFFFFFFFFFFFFFFFFFFFFFFFFFFFF8
:10081000FFFFFFFFFFFFFFFFFFFFFFFFFFFFFFFFE8
:10082000FFFFFFFFFFFFFFFFFFFFFFFFFFFFFFFFD8
:10083000FFFFFFFFFFFFFFFFFFFFFFFFFFFFFFFFC8
:10084000FFFFFFFFFFFFFFFFFFFFFFFFFFFFFFFFB8
:10085000FFFFFFFFFFFFFFFFFFFFFFFFFFFFFFFFA8
:10086000FFFFFFFFFFFFFFFFFFFFFFFFFFFFFFFF98
:10087000FFFFFFFFFFFFFFFFFFFFFFFFFFFFFFFF88
:10088000FFFFFFFFFFFFFFFFFFFFFFFFFFFFFFFF78
:10089000FFFFFFFFFFFFFFFFFFFFFFFFFFFFFFFF68
:1008A000FFFFFFFFFFFFFFFFFFFFFFFFFFFFFFFF58
:1008B000FFFFFFFFFFFFFFFFFFFFFFFFFFFFFFFF48
:1008C000FFFFFFFFFFFFFFFFFFFFFFFFFFFFFFFF38
:1008D000FFFFFFFFFFFFFFFFFFFFFFFFFFFFFFFF28
:1008E000FFFFFFFFFFFFFFFFFFFFFFFFFFFFFFFF18
:1008F000FFFFFFFFFFFFFFFFFFFFFFFFFFFFFFFF08
:10090000FFFFFFFFFFFFFFFFFFFFFFFFFFFFFFFFF7
:10091000FFFFFFFFFFFFFFFFFFFFFFFFFFFFFFFFE7
:10092000FFFFFFFFFFFFFFFFFFFFFFFFFFFFFFFFD7
:10093000FFFFFFFFFFFFFFFFFFFFFFFFFFFFFFFFC7
:10094000FFFFFFFFFFFFFFFFFFFFFFFFFFFFFFFFB7
:10095000FFFFFFFFFFFFFFFFFFFFFFFFFFFFFFFFA7
:10096000FFFFFFFFFFFFFFFFFFFFFFFFFFFFFFFF97
:10097000FFFFFFFFFFFFFFFFFFFFFFFFFFFFFFFF87
:10098000FFFFFFFFFFFFFFFFFFFFFFFFFFFFFFFF77
:10099000FFFFFFFFFFFFFFFFFFFFFFFFFFFFFFFF67
:1009A000FFFFFFFFFFFFFFFFFFFFFFFFFFFFFFFF57
:1009B000FFFFFFFFFFFFFFFFFFFFFFFFFFFFFFFF47
:1009C000FFFFFFFFFFFFFFFFFFFFFFFFFFFFFFFF37
:1009D000FFFFFFFFFFFFFFFFFFFFFFFFFFFFFFFF27
:1009E000FFFFFFFFFFFFFFFFFFFFFFFFFFFFFFFF17
:1009F000FFFFFFFFFFFFFFFFFFFFFFFFFFFFFFFF07
:100A0000FFFFFFFFFFFFFFFFFFFFFFFFFFFFFFFFF6
:100A1000FFFFFFFFFFFFFFFFFFFFFFFFFFFFFFFFE6
:100A2000FFFFFFFFFFFFFFFFFFFFFFFFFFFFFFFFD6
:100A3000FFFFFFFFFFFFFFFFFFFFFFFFFFFFFFFFC6
:100A4000FFFFFFFFFFFFFFFFFFFFFFFFFFFFFFFFB6
:100A5000FFFFFFFFFFFFFFFFFFFFFFFFFFFFFFFFA6
:100A6000FFFFFFFFFFFFFFFFFFFFFFFFFFFFFFFF96
:100A7000FFFFFFFFFFFFFFFFFFFFFFFFFFFFFFFF86
:100A8000FFFFFFFFFFFFFFFFFFFFFFFFFFFFFFFF76
:100A9000FFFFFFFFFFFFFFFFFFFFFFFFFFFFFFFF66
:100AA000FFFFFFFFFFFFFFFFFFFFFFFFFFFFFFFF56
:100AB000FFFFFFFFFFFFFFFFFFFFFFFFFFFFFFFF46
:100AC000FFFFFFFFFFFFFFFFFFFFFFFFFFFFFFFF36
:100AD000FFFFFFFFFFFFFFFFFFFFFFFFFFFFFFFF26
:100AE000FFFFFFFFFFFFFFFFFFFFFFFFFFFFFFFF16
:100AF000FFFFFFFFFFFFFFFFFFFFFFFFFFFFFFFF06
:100B0000FFFFFFFFFFFFFFFFFFFFFFFFFFFFFFFFF5
:100B1000FFFFFFFFFFFFFFFFFFFFFFFFFFFFFFFFE5
:100B2000FFFFFFFFFFFFFFFFFFFFFFFFFFFFFFFFD5
:100B3000FFFFFFFFFFFFFFFFFFFFFFFFFFFFFFFFC5
:100B4000FFFFFFFFFFFFFFFFFFFFFFFFFFFFFFFFB5
:100B5000FFFFFFFFFFFFFFFFFFFFFFFFFFFFFFFFA5
:100B6000FFFFFFFFFFFFFFFFFFFFFFFFFFFFFFFF95
:100B7000FFFFFFFFFFFFFFFFFFFFFFFFFFFFFFFF85
:100B8000FFFFFFFFFFFFFFFFFFFFFFFFFFFFFFFF75
:100B9000FFFFFFFFFFFFFFFFFFFFFFFFFFFFFFFF65
:100BA000FFFFFFFFFFFFFFFFFFFFFFFFFFFFFFFF55
:100BB000FFFFFFFFFFFFFFFFFFFFFFFFFFFFFFFF45
:100BC000FFFFFFFFFFFFFFFFFFFFFFFFFFFFFFFF35
:100BD000FFFFFFFFFFFFFFFFFFFFFFFFFFFFFFFF25
:100BE000FFFFFFFFFFFFFFFFFFFFFFFFFFFFFFFF15
:100BF000FFFFFFFFFFFFFFFFFFFFFFFFFFFFFFFF05
:100C0000FFFFFFFFFFFFFFFFFFFFFFFFFFFFFFFFF4
:100C1000FFFFFFFFFFFFFFFFFFFFFFFFFFFFFFFFE4
:100C2000FFFFFFFFFFFFFFFFFFFFFFFFFFFFFFFFD4
:100C3000FFFFFFFFFFFFFFFFFFFFFFFFFFFFFFFFC4
:100C4000FFFFFFFFFFFFFFFFFFFFFFFFFFFFFFFFB4
:100C5000FFFFFFFFFFFFFFFFFFFFFFFFFFFFFFFFA4
:100C6000FFFFFFFFFFFFFFFFFFFFFFFFFFFFFFFF94
:100C7000FFFFFFFFFFFFFFFFFFFFFFFFFFFFFFFF84
:100C8000FFFFFFFFFFFFFFFFFFFFFFFFFFFFFFFF74
:100C9000FFFFFFFFFFFFFFFFFFFFFFFFFFFFFFFF64
:100CA000FFFFFFFFFFFFFFFFFFFFFFFFFFFFFFFF54
:100CB000FFFFFFFFFFFFFFFFFFFFFFFFFFFFFFFF44
:100CC000FFFFFFFFFFFFFFFFFFFFFFFFFFFFFFFF34
:100CD000FFFFFFFFFFFFFFFFFFFFFFFFFFFFFFFF24
:100CE000FFFFFFFFFFFFFFFFFFFFFFFFFFFFFFFF14
:100CF000FFFFFFFFFFFFFFFFFFFFFFFFFFFFFFFF04
:100D0000FFFFFFFFFFFFFFFFFFFFFFFFFFFFFFFFF3
:100D1000FFFFFFFFFFFFFFFFFFFFFFFFFFFFFFFFE3
:100D2000FFFFFFFFFFFFFFFFFFFFFFFFFFFFFFFFD3
:100D3000FFFFFFFFFFFFFFFFFFFFFFFFFFFFFFFFC3
:100D4000FFFFFFFFFFFFFFFFFFFFFFFFFFFFFFFFB3
:100D5000FFFFFFFFFFFFFFFFFFFFFFFFFFFFFFFFA3
:100D6000FFFFFFFFFFFFFFFFFFFFFFFFFFFFFFFF93
:100D7000FFFFFFFFFFFFFFFFFFFFFFFFFFFFFFFF83
:100D8000FFFFFFFFFFFFFFFFFFFFFFFFFFFFFFFF73
:100D9000FFFFFFFFFFFFFFFFFFFFFFFFFFFFFFFF63
:100DA000FFFFFFFFFFFFFFFFFFFFFFFFFFFFFFFF53
:100DB000FFFFFFFFFFFFFFFFFFFFFFFFFFFFFFFF43
:100DC000FFFFFFFFFFFFFFFFFFFFFFFFFFFFFFFF33
:100DD000FFFFFFFFFFFFFFFFFFFFFFFFFFFFFFFF23
:100DE000FFFFFFFFFFFFFFFFFFFFFFFFFFFFFFFF13
:100DF000FFFFFFFFFFFFFFFFFFFFFFFFFFFFFFFF03
:100E0000FFFFFFFFFFFFFFFFFFFFFFFFFFFFFFFFF2
:100E1000FFFFFFFFFFFFFFFFFFFFFFFFFFFFFFFFE2
:100E2000FFFFFFFFFFFFFFFFFFFFFFFFFFFFFFFFD2
:100E3000FFFFFFFFFFFFFFFFFFFFFFFFFFFFFFFFC2
:100E4000FFFFFFFFFFFFFFFFFFFFFFFFFFFFFFFFB2
:100E5000FFFFFFFFFFFFFFFFFFFFFFFFFFFFFFFFA2
:100E6000FFFFFFFFFFFFFFFFFFFFFFFFFFFFFFFF92
:100E7000FFFFFFFFFFFFFFFFFFFFFFFFFFFFFFFF82
:100E8000FFFFFFFFFFFFFFFFFFFFFFFFFFFFFFFF72
:100E9000FFFFFFFFFFFFFFFFFFFFFFFFFFFFFFFF62
:100EA000FFFFFFFFFFFFFFFFFFFFFFFFFFFFFFFF52
:100EB000FFFFFFFFFFFFFFFFFFFFFFFFFFFFFFFF42
:100EC000FFFFFFFFFFFFFFFFFFFFFFFFFFFFFFFF32
:100ED000FFFFFFFFFFFFFFFFFFFFFFFFFFFFFFFF22
:100EE000FFFFFFFFFFFFFFFFFFFFFFFFFFFFFFFF12
:100EF000FFFFFFFFFFFFFFFFFFFFFFFFFFFFFFFF02
:100F0000FFFFFFFFFFFFFFFFFFFFFFFFFFFFFFFFF1
:100F1000FFFFFFFFFFFFFFFFFFFFFFFFFFFFFFFFE1
:100F2000FFFFFFFFFFFFFFFFFFFFFFFFFFFFFFFFD1
:100F3000FFFFFFFFFFFFFFFFFFFFFFFFFFFFFFFFC1
:100F4000FFFFFFFFFFFFFFFFFFFFFFFFFFFFFFFFB1
:100F5000FFFFFFFFFFFFFFFFFFFFFFFFFFFFFFFFA1
:100F6000FFFFFFFFFFFFFFFFFFFFFFFFFFFFFFFF91
:100F7000FFFFFFFFFFFFFFFFFFFFFFFFFFFFFFFF81
:100F8000FFFFFFFFFFFFFFFFFFFFFFFFFFFFFFFF71
:100F9000FFFFFFFFFFFFFFFFFFFFFFFFFFFFFFFF61
:100FA000FFFFFFFFFFFFFFFFFFFFFFFFFFFFFFFF51
:100FB000FFFFFFFFFFFFFFFFFFFFFFFFFFFFFFFF41
:100FC000FFFFFFFFFFFFFFFFFFFFFFFFFFFFFFFF31
:100FD000FFFFFFFFFFFFFFFFFFFFFFFFFFFFFFFF21
:100FE000FFFFFFFFFFFFFFFFFFFFFFFFFFFFFFFF11
:100FF000FFFFFFFFFFFFFFFFFFFFFFFFFFFFFFFF01
:10100000D1002043E5340060000000000000000033
:101010002010006000100060046201600000000009
:1010200000000060046E010000000000FFFFFFFFF1
:10103000FFFFFFFFFFFFFFFFFFFFFFFFFFFFFFFFC0
:10104000FFFFFFFFFFFFFFFFFFFFFFFFFFFFFFFFB0
:10105000FFFFFFFFFFFFFFFFFFFFFFFFFFFFFFFFA0
:10106000FFFFFFFFFFFFFFFFFFFFFFFFFFFFFFFF90
:10107000FFFFFFFFFFFFFFFFFFFFFFFFFFFFFFFF80
:10108000FFFFFFFFFFFFFFFFFFFFFFFFFFFFFFFF70
:10109000FFFFFFFFFFFFFFFFFFFFFFFFFFFFFFFF60
:1010A000FFFFFFFFFFFFFFFFFFFFFFFFFFFFFFFF50
:1010B000FFFFFFFFFFFFFFFFFFFFFFFFFFFFFFFF40
:1010C000FFFFFFFFFFFFFFFFFFFFFFFFFFFFFFFF30
:1010D000FFFFFFFFFFFFFFFFFFFFFFFFFFFFFFFF20
:1010E000FFFFFFFFFFFFFFFFFFFFFFFFFFFFFFFF10
:1010F000FFFFFFFFFFFFFFFFFFFFFFFFFFFFFFFF00
:10110000FFFFFFFFFFFFFFFFFFFFFFFFFFFFFFFFEF
:10111000FFFFFFFFFFFFFFFFFFFFFFFFFFFFFFFFDF
:10112000FFFFFFFFFFFFFFFFFFFFFFFFFFFFFFFFCF
:10113000FFFFFFFFFFFFFFFFFFFFFFFFFFFFFFFFBF
:10114000FFFFFFFFFFFFFFFFFFFFFFFFFFFFFFFFAF
:10115000FFFFFFFFFFFFFFFFFFFFFFFFFFFFFFFF9F
:10116000FFFFFFFFFFFFFFFFFFFFFFFFFFFFFFFF8F
:10117000FFFFFFFFFFFFFFFFFFFFFFFFFFFFFFFF7F
:10118000FFFFFFFFFFFFFFFFFFFFFFFFFFFFFFFF6F
:10119000FFFFFFFFFFFFFFFFFFFFFFFFFFFFFFFF5F
:1011A000FFFFFFFFFFFFFFFFFFFFFFFFFFFFFFFF4F
:1011B000FFFFFFFFFFFFFFFFFFFFFFFFFFFFFFFF3F
:1011C000FFFFFFFFFFFFFFFFFFFFFFFFFFFFFFFF2F
:1011D000FFFFFFFFFFFFFFFFFFFFFFFFFFFFFFFF1F
:1011E000FFFFFFFFFFFFFFFFFFFFFFFFFFFFFFFF0F
:1011F000FFFFFFFFFFFFFFFFFFFFFFFFFFFFFFFFFF
:10120000FFFFFFFFFFFFFFFFFFFFFFFFFFFFFFFFEE
:10121000FFFFFFFFFFFFFFFFFFFFFFFFFFFFFFFFDE
:10122000FFFFFFFFFFFFFFFFFFFFFFFFFFFFFFFFCE
:10123000FFFFFFFFFFFFFFFFFFFFFFFFFFFFFFFFBE
:10124000FFFFFFFFFFFFFFFFFFFFFFFFFFFFFFFFAE
:10125000FFFFFFFFFFFFFFFFFFFFFFFFFFFFFFFF9E
:10126000FFFFFFFFFFFFFFFFFFFFFFFFFFFFFFFF8E
:10127000FFFFFFFFFFFFFFFFFFFFFFFFFFFFFFFF7E
:10128000FFFFFFFFFFFFFFFFFFFFFFFFFFFFFFFF6E
:10129000FFFFFFFFFFFFFFFFFFFFFFFFFFFFFFFF5E
:1012A000FFFFFFFFFFFFFFFFFFFFFFFFFFFFFFFF4E
:1012B000FFFFFFFFFFFFFFFFFFFFFFFFFFFFFFFF3E
:1012C000FFFFFFFFFFFFFFFFFFFFFFFFFFFFFFFF2E
:1012D000FFFFFFFFFFFFFFFFFFFFFFFFFFFFFFFF1E
:1012E000FFFFFFFFFFFFFFFFFFFFFFFFFFFFFFFF0E
:1012F000FFFFFFFFFFFFFFFFFFFFFFFFFFFFFFFFFE
:10130000FFFFFFFFFFFFFFFFFFFFFFFFFFFFFFFFED
:10131000FFFFFFFFFFFFFFFFFFFFFFFFFFFFFFFFDD
:10132000FFFFFFFFFFFFFFFFFFFFFFFFFFFFFFFFCD
:10133000FFFFFFFFFFFFFFFFFFFFFFFFFFFFFFFFBD
:10134000FFFFFFFFFFFFFFFFFFFFFFFFFFFFFFFFAD
:10135000FFFFFFFFFFFFFFFFFFFFFFFFFFFFFFFF9D
:10136000FFFFFFFFFFFFFFFFFFFFFFFFFFFFFFFF8D
:10137000FFFFFFFFFFFFFFFFFFFFFFFFFFFFFFFF7D
:10138000FFFFFFFFFFFFFFFFFFFFFFFFFFFFFFFF6D
:10139000FFFFFFFFFFFFFFFFFFFFFFFFFFFFFFFF5D
:1013A000FFFFFFFFFFFFFFFFFFFFFFFFFFFFFFFF4D
:1013B000FFFFFFFFFFFFFFFFFFFFFFFFFFFFFFFF3D
:1013C000FFFFFFFFFFFFFFFFFFFFFFFFFFFFFFFF2D
:1013D000FFFFFFFFFFFFFFFFFFFFFFFFFFFFFFFF1D
:1013E000FFFFFFFFFFFFFFFFFFFFFFFFFFFFFFFF0D
:1013F000FFFFFFFFFFFFFFFFFFFFFFFFFFFFFFFFFD
:101400000D4B00221B6800B5013383B001920DD152
:101410004FF0200383F31188BFF36F8FBFF34F8F1B
:10142000019B002BFCD003B05DF804FB034BF621BD
:10143000034A044800F014FB64220020E80A00205C
:101440009C720060403E0060034621F001010948A3
:1014500010B44FF0807443F80C0C43F8202CA3F127
:10146000440043E902146FF002015DF8044B43F8B5
:10147000241C70470114006008B502F025F902F041
:10148000DBF802F091F802F0D7F84FF0E0220023E9
:101490001361936183F31188064B1B68B3F57A7F60
:1014A00000D108BD044B40F2E711044A044800F0A3
:1014B000D7FA00BF64220020040B0020E472006011
:1014C0009C3C00604FF0E0230022632003211A615E
:1014D0009A6158611961704709480068006880F393
:1014E0000888BFF36F8F4FF0000080F3148862B656
:1014F00061B6BFF34F8FBFF36F8F00DF00BF0000F7
:1015000008ED00E0DFF80C00016841F470010160B3
:101510007047000088ED00E04FF0E0234F4AD3F819
:10152000001D914230B583B06DD0D3F8002D4C4BE7
:101530009A426FD04B4B0022FF204B4901921A7800
:10154000D2B28DF8022018701B78DBB28DF8033010
:101550009DF8033003F020030B70002B61D09DF841
:1015600003309A0664D508E0019B013301939DF88E
:1015700003305B00DBB28DF803309DF803301B06AF
:10158000F2D4019B082B3CD0019BC3F107031B0243
:1015900003F4E0639DF802204FF0E0243149002578
:1015A000D2B2324803600A70D4F8203D43F47F037E
:1015B000C4F8203DD4F8203D43F07F43C4F8203DDB
:1015C000C4F81C5D00F03EFDD4F8083D284AD96AF5
:1015D000914234D1274A9B6B934237D1264B1D60F1
:1015E000FFF790FFD4F8343F43F04043C4F8343F52
:1015F000FFF772FF02F044F8FFF702FF284603B03E
:1016000030BD0023C6E71D4B40F239111C4A1D486E
:1016100000F026FA1C4B4FF49D71194A1B4800F04C
:101620001FFA1B4B40F25B11154A1A4800F018FADA
:10163000194B40F25F11124A184800F011FA184B8A
:1016400040F2B7110E4A174800F00AFA164B4FF451
:10165000DC710B4A154800F003FA00BF71C20F415C
:1016600070C20F4100E400E055AB002098A90020B3
:10167000E93300000934000064220020200B002020
:101680006C730060043E0060600B0020C83D006089
:10169000A00B00208C3D0060B80B0020503D006086
:1016A000F00B0020143D00601C0C0020D83C0060B2
:1016B00001F0B6BF0D2070470EB4F0B584B009A993
:1016C00051F8043B1A780091002A6DD0054606E0D7
:1016D00018781C46A8476278631C002A64D0252A23
:1016E000F6D158785C1C2528F4D02D2807D198789D
:1016F0009C1CA0F13003092B05D814F8010FA0F1B0
:101700003003092BF9D96C2808BF01342378002B4A
:101710004AD0583BDAB2202ADDD8202BDBD801A2F0
:1017200052F823F0B3170060D7160060D716006098
:10173000D7160060D7160060D7160060D716006075
:10174000D7160060D7160060D7160060D716006065
:10175000D9170060E5170060D7160060D716006043
:10176000D7160060D7160060D7160060D716006045
:10177000D7160060D7160060D7160060D716006035
:10178000D7160060D7160060D7160060D716006025
:101790004F180060D71600605F180060D716006011
:1017A000D7160060B317006004B0BDE8F04003B086
:1017B0007047009B08271A1D1E680092330FB6F170
:1017C000204F4FEA061603F1370038BF03F130000F
:1017D000A847013FF2D17EE7009B1A1D18780092BE
:1017E000A84778E7009B1E681A1D002E009202DAB7
:1017F0002D207642A8470023DFF8C8C0092E8DF8B7
:101800000F30ACFB06304FEAD00000EB8003A6EBB4
:10181000430303F130038DF80E3050DD0DF10E0659
:101820000A21ACFB003207460139D208092F02EB2E
:101830008203A0EB4303104603F1300306F8013D99
:10184000EFD801AB28461944FFF736FF43E7009B6A
:1018500028461A1D19680092FFF72EFF3BE7009BF0
:101860000021DFF860C01A6804338DF80F10009370
:10187000092AACFB02304FEAD00000EB8003A2EB58
:10188000430303F130038DF80E3018D90DF10E0625
:101890000A21ACFB003207460139D208092F02EBBE
:1018A0008203A0EB4303104603F1300306F8013D29
:1018B000EFD801AB28461944FFF7FEFE0BE70A21DB
:1018C000BFE700BFCDCCCCCCF0B585B00023064639
:1018D0000D4603AA194600920F2201F0E1FE3046A0
:1018E000039C01F0BDFE2A6807461B4924F0010451
:1018F0001A48FFF7E1FE1A4B23F00103A34224D05C
:101900001CB32B6803B1023C224616491348164CFF
:10191000FFF7D2FE3A4615491048FFF7CDFE226880
:101920003AB92B680133202B2B6012D0002005B070
:10193000F0BD03AB039230460E22009300231946FC
:1019400001F072FE00232360EBE709490348FFF72B
:10195000B3FE0520EBE700BFD43F0060B116006086
:1019600001140060B03F006040A70020A43F006069
:10197000BC3F006010B530B1044601F041FE0146A5
:10198000204601F065FE034801F06EFEBDE8104000
:1019900001F092BE5C1F002008B501F08DFE6420AE
:1019A000BDE8084000F0C8BA4FF0E0214FF6FF0C48
:1019B0000002064BD1F80C2D00F4E06002EA0C02A4
:1019C00010430343C1F80C3D704700BF0000FA0507
:1019D00080B5064601F000FEFFF76CFE01210746C8
:1019E00001F0F2FD1A4800F08BFE26B94FF4FA60C0
:1019F00000F0A2FAFAE7174C362F4FF0000504EB7F
:101A0000071411D94FF49670013500F095FA4FF490
:101A1000967000F091FAAE42F4D14FF4FA600025CE
:101A200000F08AFA362FEDD823684FF49670E268FA
:101A30000135C3F8842000F07FFA2368E2684FF490
:101A40009670C3F8882000F077FAAE42ECD1E4E754
:101A50000024F400B86A0060022008B5FFF7B8FF60
:101A60001D4616460B4600B583B04FF0200282F3A8
:101A70001188BFF36F8FBFF34F8F134C024613498A
:101A8000102081F8710020461149FFF715FE3246FB
:101A900010492046FFF710FE2A460F492046FFF75F
:101AA0000BFE0E492046FFF707FEFFF775FF0023E8
:101AB00001A90B48019301F09BFD20460949FFF75E
:101AC000FBFD0120FFF784FFB116006000E400E099
:101AD0008C3F0060843F00607C3F0060683F006096
:101AE000C9180060643F0060002008B5FFF770FF70
:101AF00030B58FB007A800F051FA05A800F082FABF
:101B00000B980D9BDDE90914DDE90725890A521BB5
:101B1000A50A0391840A0C999B0A920A880A0D4926
:101B2000CDE901450C4D00902846FFF7C5FD28463C
:101B30000A49DDE90543A20AE41A9B0AA40A0094B3
:101B4000FFF7BAFD06492846FFF7B6FDFFF724FF69
:101B50000FB030BDF43E0060B1160060BC3E0060C6
:101B6000B83E006000B585B001F04EFD01282CD0D4
:101B7000184803684BB3EFF305835BB91A4619465F
:101B80000068009301F088FD012005B05DF804EBCA
:101B900001F016BD002303A900681A460393CDE99E
:101BA0000031194601F008FD039B4BB14FF0E023D3
:101BB0004FF08052C3F8042DBFF34F8FBFF36F8FE8
:101BC000BFF34F8F05B05DF804FB05B05DF804EB83
:101BD00000F046B9FCA0002008B58C460868084B08
:101BE00049681A4603C3BCF808C006480649A3F86A
:101BF00000C0FFF761FDFFF7CFFE0320FFF7E8FE0F
:101C0000E0A10020B1160060A03E0060044B10B4BB
:101C100003608023034C0C605DF8044B1360704735
:101C200004A1002040540020054B10B403604FF481
:101C3000C073044C0C605DF8044B1360704700BF28
:101C4000ECA100204056002070B50F4D044601F075
:101C5000A7FC0E4A00230E4E01F092FC2B68C3181D
:101C6000686840EB0101A8680244B242A260C4E97E
:101C7000003107DD0133074841F100011044C4E998
:101C80000031A060002070BD3054002040420F00A1
:101C90003F420F00C0BDF0FF00F000B808B54FF0A4
:101CA000E0214FF47F00174B0022C1F8200D83F88C
:101CB0007120BFF34F8FBFF36F8F1349042001F0E2
:101CC00093FC124B0246124904201A6001F08CFC6E
:101CD0001049042001F088FC0F49012001F084FC28
:101CE0000E49042001F080FC0D49012001F07CFC2C
:101CF0000C49012001F078FC0B490120BDE80840A7
:101D000001F072BC00E400E0E45D00204C5E0020C5
:101D1000D4A400209CA3002034A300206CA40020A5
:101D20003CA5002004A40020CCA2002038B5054624
:101D3000682001F071FC04460120214601F054FCAA
:101D40002C6038BD10B5044601F05EFC012800D1BE
:101D500010BD20464FF0FF31BDE8104001F070BCCF
:101D600010B5044601F050FC012801D1002010BD3F
:101D700020460021BDE8104001F062BC10B50446C9
:101D800001F042FC012800D110BD002320461A4674
:101D90001946BDE8104001F077BC00BF10B50446FD
:101DA00001F052FC2046BDE8104001F019BC00BF14
:101DB00038B50546682001F02FFC04460420214672
:101DC00001F012FC2C6038BD10B5044601F01CFC7B
:101DD000012800D110BD20464FF0FF31BDE8104072
:101DE00001F0E6BB10B5044601F00EFC012801D15C
:101DF000002010BD20460021BDE8104001F0D8BBF6
:101E000010B5044601F000FC012800D110BD2046A9
:101E1000BDE8104001F04CBC10B5044601F014FCC4
:101E20002046BDE8104001F0DBBB00BF00B58BB021
:101E3000684601F011FC08980BB05DF804FB00BF88
:101E4000714611F0040F03D0EFF3098000F042B99E
:101E5000EFF3088000F03EB9042008B5FFF7B8FDA5
:101E60002DE9F8432D4B1E7886B1DFF8C48098F831
:101E700000305BB90123F10788F8003040D4B20785
:101E800025D4002388F80030730701D4BDE8F88317
:101E9000234B1A68002AF9D0EFF30582002AF5D106
:101EA000EFF3108572B61868002830D01D4C2178E9
:101EB00069BB0122227042691A6062B3916105B95F
:101EC00062B600258368457798472570DEE7DFF81E
:101ED000649099F80030002BD3D0134F002557F8A9
:101EE000044F236820461B69984710B163699B68BB
:101EF0009847013599F80020EBB29A42EFD8C0E735
:101F000001F0BAFB0028BAD0AFF30080B7E7002D8C
:101F1000BCD162B6BAE7054B1A60D0E75AAB0020D5
:101F2000CCA000204AAB0020D8A00020D8A00020E0
:101F30004CAB00204BAB0020164A4FF4FA7138B579
:101F4000126805460023002001F01AFB124B092DF0
:101F5000A3FB05234FEAD30C0CEB8C04A5EB440444
:101F600000FB04F40CD900EB8000420008D00021F3
:101F7000002300BF01339342FBD101316145F7D308
:101F800024B1002300BF01339C42FBD1BFF36F8F0C
:101F900038BD00BFE8A80020CDCCCCCC1249134BF3
:101FA000F0B50D688BB0124E04465D1B03F1604323
:101FB0006846F703A5F5005503EBC63601F04CFB68
:101FC000089B0C492B440C4A0798521AA3610B49F1
:101FD0000B4BE06020465B1A2660C4E90175C4E93A
:101FE00004230BB0F0BD00BFA82100200000072093
:101FF00002000000C026002080AB0020000000206E
:10200000C026002010B4054C4FF40021044A121BD6
:102010005DF8044BC0E90012704700BF80302020FB
:102020007CFC27200449054A0978054B09059B1AC1
:10203000CB1AC0E9001370474EAB002000000070BF
:102040000000007038B572B60021194D4FF0E02243
:10205000184C2B4605F52F7011619161164953F804
:10206000042F8A4208BF1C608342F8D113481449E8
:10207000144A154B28600020E962C5E90E23FFF7DA
:1020800093FC124B8021124A03F8011B9342FBD1AF
:10209000BFF34F8FBFF36F8F4FF0E0236321032215
:1020A00059611A6101F0B4FABDE8384001F070BA24
:1020B00000240020411E0060752D006000000720F4
:1020C000E933000009340000E934000000E400E0D6
:1020D000A0E400E02DE9F041044692B005460E462A
:1020E000EFF30587DFF8F8824FF0E0238269C8F844
:1020F0008470C8F89820D3F8282DC8F88820D3F821
:102100002C2DC8F88C20D3F8342DC8F89020D3F8A3
:10211000383DC8F89430C369C8F89C3000F032FDEF
:1021200088ED280A01F0A4FA0B23C8F8A4004FF0A8
:10213000FF31A94AA948DFF838E3C8F880301368AE
:102140004FF0200C0432594041F30003BCF1010C64
:1021500003EA000383EA5101F6D17245EFD1A04BA7
:10216000C3F8A810BFF34F8F4FF0E0288033C8F8B2
:10217000703F2033C8F8703FBFF34F8FBFF36F8FAE
:102180009849C7F308029848FFF796FA2A469749F4
:102190009548FFF791FA324695499348FFF78CFA34
:1021A000944922689048FFF787FA934962688E48FD
:1021B000FFF782FA9149A2688B48FFF77DFA9049B0
:1021C000E2688948FFF778FA8E4922698648FFF766
:1021D00073FA8D4962698448FFF76EFA8B49A269E8
:1021E0008148FFF769FA8A49E2697F48FFF764FA94
:1021F000D8F8286D87497C483246FFF75DFA002EF3
:1022000038D0F30700F1B880B70700F13381300709
:1022100000F1DD80F10600F15A81B20600F15C8127
:10222000330600F1B080F70500F1B480B00500F18D
:102230002681710500F12D81320500F14381F304FF
:1022400000F15481B70400F13381300400F1A9801A
:10225000F10300F1AD80B20300F11681730300F1C8
:102260001D81370300F12981F00100F13A81B101AC
:1022700000F119814FF0E02367495B48D3F82C6DDA
:102280003246FFF719FA2EB1B20700F196807300BB
:1022900000F198804FF0E02660495348D6F8302D81
:1022A000FFF70AFAD6F83C2D5D494F48FFF704FACC
:1022B000D6F8382D5B494C48FFF7FEF9D6F8342D97
:1022C00059494948FFF7F8F901F09EF901283BD137
:1022D000564920354448FFF7EFF94422002101A870
:1022E00001F0F6F96368E16801AA0393A368206925
:1022F000049323680591029361694D4B0E90A06988
:1023000019600023694610904A4800930F9501F028
:102310008FF949493448FFF7CFF9FFF73DFB474BA9
:10232000A361BFF34F8FBFF36F8F4FF0200383F391
:102330001188BFF36F8FBFF34F8F414B102283F88B
:10234000712012B0BDE8F081284601F0B9F90646C7
:10235000002001F021F93B4902462348FFF7ACF980
:1023600046B1304601F018F9024637491E48FFF7DA
:10237000A3F9ADE7354AF8E735491B48FFF79CF963
:1023800033067FF550AF33491748FFF795F9F70546
:102390007FF54CAF14483049FFF78EF930047FF5D4
:1023A00057AF2E491048FFF787F9F1037FF553AF78
:1023B0002B490D48FFF780F95CE72A490A48FFF7E7
:1023C0007BF967E728490848FFF776F962E727496C
:1023D0000548FFF771F923E780FF27202083B8ED38
:1023E00000FF2720A06A0060B1160060886A0060C4
:1023F000706A0060586A0060406A0060286A006085
:10240000106A0060F8690060E0690060C8690060F7
:10241000B069006098690060C86500605C65006034
:10242000446500602C65006014650060C064006055
:1024300040A70020C9180060BC640060591E0060FD
:1024400000E400E0F8640060DC640060D4640060D4
:10245000686900607C68006054680060EC66006039
:10246000C466006098650060746500601069006073
:10247000A8FF272020492148FFF71EF9D0E6204970
:102480001E48FFF719F9E0E61E491C48FFF714F94A
:10249000F0E61D491948FFF70FF9D6E61B49174822
:1024A000FFF70AF9E6E61A491448FFF705F9E1E6ED
:1024B00018491248FFF700F9C7E617490F48FFF718
:1024C000FBF8D7E615490D48FFF7F6F8BDE61449C5
:1024D0000A48FFF7F1F8A3E612490848FFF7ECF8BD
:1024E0009EE611490548FFF7E7F8C3E60F490348A0
:1024F000FFF7E2F8A9E600BF40690060B11600608E
:10250000206800608C660060D867006058660060D4
:10251000E0650060186700603466006090670060E6
:10252000E0680060AC6800600466006054670060AA
:102530002DE9F04F95B0002800F090800468054622
:10254000002C00F0928022464B494C48FFF7B4F82B
:102550002A684B494948FFF7AFF82A6C4949474870
:10256000FFF7AAF82A6D48494448FFF7A5F8236AFF
:10257000464903F010034148002B0BBF7023302362
:102580006C222C220BBF802640264FF0840A4FF08D
:10259000440A0BBF4FF07C0B4FF03C0B74273427E1
:1025A0000BBF4FF068084FF028084FF064094FF058
:1025B00024090CBF7825382501930092FFF77CF899
:1025C0002168009A019B54F802E054F803C004EB20
:1025D0000A0354F8099054F80880E75954F80B009E
:1025E00008916168226A0991A168CDF810900A915A
:1025F000E168CDF814800B912169CDF818E00C91B9
:102600006169CDF81CC00D91A1690E91E169109727
:102610000F91002112901193139142F3001102F0D7
:1026200010020391A159890501D50433119312B900
:10263000119B4833119364590023154803AA02A93A
:1026400002930460134800F0F3FF13490B48FFF7AF
:1026500033F8FFF7A1F915B0BDE8F08F0F4B40F24A
:102660003D210F4A0F48FFF7FBF90F4B4FF4107154
:102670000B4A0C48FFF7F4F9A8640060B11600603B
:10268000906400608064006068640060546400606E
:1026900040A70020C9180060506400604C0C002066
:1026A0005C0C0020F81200208C0C0020104BA020A5
:1026B000104AD96E41F4403110B4D96640F2376403
:1026C000D96E41F44071D96654649064936C1B06D2
:1026D000FCD4094A40F23761A02351649364936C9F
:1026E00013F08003FBD1054A13705DF8044B70476B
:1026F00000C00F4000400C4000800C404DAB00205B
:10270000844BF0B55A699D69A3F5F823DC68824BC8
:10271000984210D9814B984216D98149C31AB3FB0C
:10272000F1F319214B4340F2276103F2E2438B425C
:1027300028BF0B460AE07B4E40F2B63340F27E41A2
:10274000B04288BF0B4601E040F2E243714EA3F570
:102750004873D6F8801041F0C001C6F880101921E6
:10276000B3FBF1F304F01F01994207D224F01F04D8
:102770006D491C43CC600E68002EFCDA12F000712B
:102780002AD16A4E6A4F36693E40BE420ABF0321D3
:1027900001260026CF0682EAC16111F0605F04D0F5
:1027A00022F060525B493A434A61310385EA0636BA
:1027B00016F4405F04D142F0007256494A6108E0C5
:1027C00025F440552943534DA961A96C0907FCD450
:1027D000F1E78D6CAF06FCD40125564F2E4605FB64
:1027E00006F14143B9420DD8082E01D00136F6E773
:1027F000042D04D901F5B70101F5586109E001354F
:102800000126ECE701F5B7014B4801F5586181421B
:1028100005D8B94205D94948B1FBF0F102E06C2175
:1028200000E03621414F4548D7F800C0DFF82CE1E1
:1028300048430CEA0E0E41F0004CB0FBF6F04CF4AD
:10284000005CE645B0FBF5F008D1324F711ED7F8B9
:1028500010C00CF007068E420BD10EE04FF4805CE6
:1028600041F40051C7F800C0396039680029FCDA2A
:10287000EBE73961B96CCE03FCD4013DA90282EAD1
:10288000852515F4E05F09D001F4E05122F4E0520F
:102890000A4320494A618D6CAD07FCD42849294D73
:1028A0000144A94203D8284EB1FBF6F600E0042605
:1028B000751E290282EA052515F4407F154D05D0C5
:1028C00022F4407201F44071114369616A6922F097
:1028D00000726A610F4A916C8906FCD41B4A1C493C
:1028E00010604FF0FF32B0FBF6F60E601949B0FBF6
:1028F000F1F1B2FBF1F218490A6004F01F029342B1
:1029000007D224F01F04084A2343D3601368002B26
:10291000FCDAF0BD00C00F4000A4781F0046C323BE
:10292000003FAB0100366E010000084000800D4002
:1029300040300080FFB19F26FF7EF64D001BB700A0
:102940007FD1F0087F17B42C80D1F008581F0020E9
:10295000541F002040420F00E8A800207F30018073
:10296000284A0021012310B4C2F8A000C2F8A41024
:10297000C2F8B0305369D907FCD501234FF4803435
:1029800020495361C2F8A000C2F8A440C2F8B03098
:102990004B69DB07FCD501234FF40034194A4B6126
:1029A000C1F8A000C1F8A440C1F8B0305369DC07F9
:1029B000FCD50123144C13495361C2F8A000C2F89E
:1029C000A440C2F8B0304B69D807FCD5D1F800312B
:1029D00045F60D5021249AB24C61824210D045F642
:1029E0009D518A420AD1C3F34253032B08D01A1FC8
:1029F0005342534118015DF8044B70470020FAE739
:102A00000820F8E700402A4004000300704700BF98
:102A1000704700BF704700BF00BF7047002070477D
:102A20004FF0FF30704700BF4FF4005300204B6061
:102A3000704700BF012070474FF0FF30704700BF64
:102A400030BFFDE730BFFDE730BFFDE700F092B9D2
:102A5000404A03204049F3EE095AD2F880304FF043
:102A6000000C9FED3E6A23F001039FED3D5A30B408
:102A7000C2F88030C2F89000D1F8E010394DCBB2E6
:102A8000394C3A482B6007EE903A0B0DC1F30B21FD
:102A9000F8EEE77A06EE903A07EE101A344BB8EEED
:102AA000C77A2160F8EEE66A324937EEC66A37EE39
:102AB000C55A76EEC76A77EEE57A26EE266AC3ED4A
:102AC000006A25EE265AD2F8803067EEA64AC0ED9D
:102AD000007AC6EE275A284885EE276AC4EEA76A10
:102AE00075EE875AFCEEE55A36EE076A15EE904A07
:102AF000BCEEC66A43EA045376EE877AC2F88030A9
:102B000016EE103AD2F89041FCEEE77A01EA034162
:102B1000214317EE903AC2F89011C3F30B03D2F899
:102B200090110B431549C2F89031D2F8803043F030
:102B30000203C2F88030124B80F840C0C1F8403127
:102B4000BFF34E8F4FF0E023012230BCC3F80821C1
:102B5000704700BF00810D4000441F400000AA42A2
:102B60000000B442DCA80020D8A80020E0A8002083
:102B7000E4A800200000FF0F00E400E00024002093
:102B80004D2A0060124AD2F880305B07FBD5D2F89C
:102B900080301048C3F30B230F4990ED007A07EE05
:102BA000903A91ED006AB8EE477A0C4AF8EEE77A6F
:102BB0000B4BD2ED006A77EEC77A93ED007AB8EE50
:102BC000477A67EE867A87EEA60A37EE400A7047A4
:102BD00000810D40D8A80020E0A80020E4A8002033
:102BE000DCA80020034AD2F8803043F00203C2F888
:102BF0008030704700810D40034AD2F8803023F0C6
:102C00000203C2F88030704700810D40034AD2F8B9
:102C1000803043F00103C2F88030704700810D40DE
:102C2000324B40F6617210B5C3F8202140F20444E3
:102C300000F0CEFC2E4A2F49D2F880302E4843F0C7
:102C40000303C2F880302D4BC1F8604102681A427C
:102C500003D1D1F8A8319A071BD0264A4FF0004182
:102C6000254B5963D2F8403143F00203C2F840319A
:102C7000D2F840319B07FBD44FF400304FF0E021F5
:102C80001D4B4FF00042C1F88C0219209A6300F0EE
:102C900023FD194B00214FF08042164C0A209A6305
:102CA0004FF420721960164BC4F8A801184600F0C2
:102CB0000FFD4FF4800203464FF4810040F24311B0
:102CC0001860C4F858311A640E4B0F4AC4F8481102
:102CD000C3F80422BFF34E8F4FF0E0224FF40031CF
:102CE0000123C2F80C11C4F8403110BD00800D4022
:102CF00000C00F4000002E4000900D40001C1E0040
:102D000000000020002400205976000008B50E4B7A
:102D10001B6E9B0700D4FBBE72B60C4B00200C4A06
:102D2000C3F8400103F160430A49A3F55F2311642E
:102D30009D46BFF34F8F4FF400130748074ADB69E6
:102D400002609B68984700BF00441F4000002E406F
:102D500000C00A400300200000802020000012EB89
:102D6000824205D051F8043B40F8043B8242F9D836
:102D7000704700BF734672B6EFF30581514A5B0797
:102D8000C2F8841040F19780EFF309824FF0E023FE
:102D90004C4C4D4DD3F8280DD3F82C1DC4E922011D
:102DA000D3F8341DD3F8383DC4E924139369C4F82B
:102DB0009830D369C4F89C30FFF7E4FE84ED280A0C
:102DC00000F056FC0B23C4F8A4004FF0FF323F493B
:102DD0003F48C4F880302B68202404355A4042F321
:102DE0000003013C03EA010383EA5202F7D1854262
:102DF000F1D1344BC3F8A820BFF34F8F4FF0E0233D
:102E00003149344AC3F8701FC3F8702FBFF34F8F96
:102E1000BFF36F8F304A02253048D36E304943F4F8
:102E20004053D3660560D3692E4823F07F0343F0F7
:102E30004003D3610B68834240D8284D00214FF0F6
:102E4000E0234FF0FF3229600126C5F8081126491A
:102E5000C5F80011C5F80861C3F88021C3F88421C2
:102E6000C3F88821C3F88C21C3F8902101E000F059
:102E70001BFCD5F80C31002BF9D00134C5F80C61DE
:102E80004F2CF4D9194B022019494FF00042C1F8D8
:102E900040015A63D5F80C313BB9164816490F4A20
:102EA0000163D2F80C31002BFAD04FF0E023134A23
:102EB000C3F80C2DFEE7EFF3088267E7FFF720FC6D
:102EC000BBE700BF00FF272080FF27202083B8ED4D
:102ED000A8FF2720A0FF272000C00F400040084087
:102EE000581F0020803DCD0B009F240000900D4016
:102EF00000002E4000800F40F100AD0B0400FA05E9
:102F0000044A05494FF0000342F8043B9142FBD8C4
:102F1000704700BFC026002080AB002080B582B083
:102F2000BFF34F8FFFF772FDBA4CBB4B0820BB4974
:102F3000C3F85401BA4AC3F80011BA48C3F8F040C4
:102F4000B949FFF70DFFB94AB949BA48FFF708FF79
:102F5000B94ABA49BA48FFF703FFFFF7D1FFBFF3F9
:102F60004E8FB8484FF0E022B74B4FF4700400F595
:102F70002F71C2F8884D03600346B44A43F8042F0A
:102F80008B42FBD1B24B8021B24A03F8011B934222
:102F9000FBD1BFF34E8F4FF0E023C3F8080DBFF312
:102FA0004E8FD3F8242DAC4C42F4E022AB49C3F849
:102FB000242DE26922F07F0242F04002E261626A5F
:102FC00022F07F0242F0400262624FF0FF320024A2
:102FD0008A66CA660A674A671021C3F8944DC3F827
:102FE0009C1D9F499F4AC3F8A01D112142F0150264
:102FF000C3F89C1D9C49C3F8A01D1221C3F89C1D59
:103000009A49C3F8A01D9A49C3F89C1D9949C3F871
:10301000A01D9949C3F89C1D9849C3F8A01D984963
:10302000C3F89C2DC3F8A01D964A9749C3F89C2D60
:10303000C3F8A01D01F5A021944A0C31C3F89C2DC2
:10304000934AC3F8A01DC3F89C2D9249924AC3F835
:10305000A01DC3F89C2D9149914AC3F8A01DC3F847
:103060009C2D904AC3F8A02D00BF00BF00BF00BF39
:1030700000BF0122C3F8942DBFF34F8FBFF36F8FB2
:10308000C3F8504FBFF34F8FBFF36F8F8649D3F80C
:10309000142D816342F440328449C3F8142DC16376
:1030A000BFF34E8F63200321814A4FF4805758614C
:1030B0004FF400569C614FF440451961C3F8202D30
:1030C000D3F8FC0D7B4940F080707B4C524AC3F82A
:1030D000FC0D4FF480300B6843F001030B604B682C
:1030E00043F24201236013699C0700F1B6819C04FE
:1030F00040F1B781DC0440F1B681002BF3DA13F420
:10310000803440F0B2815B0640F1C4816B48FFF728
:10311000F7FA51486A4BC16E6A4A41F44051C166A0
:103120001C60C3F80841C3F81841C3F82841C3F82C
:103130003841936BD90708D442F61563624951654B
:103140001365936B43F0010393635E4C18225F4B4E
:10315000A0685F4D40F001105E4E5F49A0605F4C7B
:103160005F48C3F85C52C3F860020120C3F86452A0
:1031700048F20C75C3F86862C3F86C42C3F8704239
:10318000C3F87442C3F87842334CDA661A675A6758
:103190009A67DA67C3F88020C3F88420C3F88820D0
:1031A000C1F82C034F4AC1F83003C1F83403C1F809
:1031B0003803C1F83C03C1F85003A1694A4B0A40E7
:1031C0004A484B4913434B4AA361D4F8843043F037
:1031D0000C03C4F884304FF0FF34036843F002035B
:1031E000036003682B4021251A43434B026044606F
:1031F0008A68424C1340424A43F000538360C368DC
:1032000023F07803C360036A134023430362036A15
:10321000134077E00C0D111300800D401B10182097
:1032200000C400000000000040740060C0260020C0
:10323000403801600000002080FF2720005F01600F
:103240007CFC27200024002000000720752D006052
:1032500000E400E0A0E400E000C00F4000C00A402D
:103260003F00001000E006202500080709001000BC
:10327000130020002100020714000020250008137D
:10328000090000101600202027000B131700004033
:10329000180000602F000B071900007031000213A6
:1032A0001A0000803B000B1375650000E965000003
:1032B00000002020001000E0ECA800200046C323FE
:1032C0000040084000400D400000C05600801F40F4
:1032D000F9B00100F900010000841F40F9700100FD
:1032E000F9100100FFFCFF1F0003008000402A408E
:1032F00000802A401200FFFFFF37F70040000080E7
:1033000000FFF07C694A234340F205644362826215
:10331000C2620022D1F8B83023F03F0343F001032A
:10332000C0F8B830D1F8BC30614923F03F0343F016
:103330000103C0F8BC3002610567C0F880404567F2
:10334000C0F884400224036823F002030360816113
:10335000584B5949C46143F8042B8B42FBD1574D5C
:103360002B6843F001032B602C6814F00104FBD19F
:103370004F49022340F2F5622046A96140F299418B
:10338000EB6140F26643C5F8002242F20142C5F803
:1033900010324B4BC5F82012C5F8303240F235439D
:1033A000C5F834224749C5F84032474BC5F850129A
:1033B000464AC5F8543242F20123C5F86022C5F8E6
:1033C0006432FFF7CDFA0646002866D083024FF438
:1033D00080222B660123C5F8A040384CC5F8A420F4
:1033E000C5F8B0306369DA07FCD54FEA0658012703
:1033F000374D40466761FFF7B3FA06442E70002848
:1034000037D1BFF34F8FBFF36F8F32490024324A59
:1034100001232878521A009402EB00522F4800F042
:1034200037F92F4CFFF742F900F0AEF8FFF710FB29
:10343000FFF7EEFA2368132BFCD9FFF7F1FB2368A3
:10344000B3F5967FFBD3FFF7E7FAFEF725FC00F014
:1034500071F800F0D1F830BFFDE7956150619161DE
:1034600041E656613FE657613DE64FF48033936194
:1034700039E680024FF48023104A6066C4F8A080C9
:10348000C4F8A430C4F8B0705369DB07FCD501233D
:103490005361B6E74023536125E6104B0C4A186090
:1034A0001070D860C3E90100BBE700BFFF000F83C5
:1034B000F05AF05A00422A4000432A4000402A4075
:1034C0009F041830EB06180A063201263806180A3F
:1034D0004EAB0020000000700000007030A70020FC
:1034E000F0A800200B4B0C4A1A600C4A043B1A60EF
:1034F0004FF42A02083B1A60BFF34F8FBFF36F8F60
:10350000074B83F30888BFF34F8FBFF36F8FFFF72D
:1035100005FD00BF44C00A40AFAAAAAA07002000C8
:1035200000000720704700BFFD1C0000811D000047
:103530008531000070B50D4D00260D4C641BA410A4
:10354000A64209D10B4D00260B4CFFF7EBFF641B85
:10355000A410A64205D170BD55F8043B013698472A
:10356000EEE755F8043B01369847F2E7283500604E
:103570002835006028350060343500600000000008
:103580005FF800F0858600005FF800F0C17300006E
:103590005FF800F0996100005FF800F0354E000020
:1035A0005FF800F0210000005FF800F035610000D6
:1035B0005FF800F0093F00005FF800F08959000053
:1035C0005FF800F0D54D00005FF800F04171000099
:1035D0005FF800F0D97D00005FF800F0314B00008B
:1035E0005FF800F0019700005FF800F0A93A0000D2
:1035F0005FF800F0999300005FF800F0B1850000DB
:103600005FF800F051A600005FF800F09153000051
:103610005FF800F07D3500005FF800F0F1960000E3
:103620005FF800F0818400005FF800F0DB8C0000A0
:103630005FF800F0258D00005FF800F051490000B0
:103640005FF800F0613D00005FF800F0D14000003D
:103650005FF800F0AD8400005FF800F055980000BE
:103660005FF800F0999600005FF800F06D6E0000C2
:103670005FF800F0B57400005FF800F0D983000037
:103680005FF800F0B54E00005FF800F0FD38000074
:103690005FF800F00D8600005FF800F0B9570000F9
:1036A0005FF800F0938C00005FF800F0597600009E
:1036B0005FF800F0553B00005FF800F01585000052
:1036C0005FF800F0F15B00005FF800F0654E00006D
:1036D0005FF800F011A400005FF800F01D7000001A
:1036E0002E70696F5C6C6962646570735C7465658B
:1036F0006E737934315C6672656572746F732D74A4
:1037000065656E73795C7372635C6576656E745F14
:1037100067726F7570732E63000000002E70696F02
:103720005C6C6962646570735C7465656E73793432
:10373000315C6672656572746F732D7465656E7346
:10374000795C7372635C6576656E745F67726F75C2
:1037500070732E63000000002E70696F5C6C6962EC
:10376000646570735C7465656E737934315C667220
:10377000656572746F732D7465656E73795C7372B1
:10378000635C6576656E745F67726F7570732E63C8
:10379000000000002E70696F5C6C69626465707374
:1037A0005C7465656E737934315C667265657274DC
:1037B0006F732D7465656E73795C7372635C657687
:1037C000656E745F67726F7570732E630000000022
:1037D0002E70696F5C6C6962646570735C7465659A
:1037E0006E737934315C6672656572746F732D74B3
:1037F00065656E73795C7372635C6576656E745F24
:1038000067726F7570732E63000000002E70696F11
:103810005C6C6962646570735C7465656E73793441
:10382000315C6672656572746F732D7465656E7355
:10383000795C7372635C6576656E745F67726F75D1
:1038400070732E63000000002E70696F5C6C6962FB
:10385000646570735C7465656E737934315C66722F
:10386000656572746F732D7465656E73795C7372C0
:10387000635C6576656E745F67726F7570732E63D7
:10388000000000002E70696F5C6C69626465707383
:103890005C7465656E737934315C667265657274EB
:1038A0006F732D7465656E73795C7372635C657696
:1038B000656E745F67726F7570732E630000000031
:1038C0002E70696F5C6C6962646570735C746565A9
:1038D0006E737934315C6672656572746F732D74C2
:1038E00065656E73795C7372635C6576656E745F33
:1038F00067726F7570732E63000000002E70696F21
:103900005C6C6962646570735C7465656E73793450
:10391000315C6672656572746F732D7465656E7364
:10392000795C7372635C6576656E745F67726F75E0
:1039300070732E63000000002E70696F5C6C69620A
:10394000646570735C7465656E737934315C66723E
:10395000656572746F732D7465656E73795C7372CF
:10396000635C6576656E745F67726F7570732E63E6
:10397000000000002E70696F5C6C69626465707392
:103980005C7465656E737934315C667265657274FA
:103990006F732D7465656E73795C7372635C6576A5
:1039A000656E745F67726F7570732E630000000040
:1039B0002E70696F5C6C6962646570735C746565B8
:1039C0006E737934315C6672656572746F732D74D1
:1039D00065656E73795C7372635C6576656E745F42
:1039E00067726F7570732E63000000002E70696F30
:1039F0005C6C6962646570735C7465656E73793460
:103A0000315C6672656572746F732D7465656E7373
:103A1000795C7372635C6576656E745F67726F75EF
:103A200070732E63000000002E70696F5C6C696219
:103A3000646570735C7465656E737934315C66724D
:103A4000656572746F732D7465656E73795C7372DE
:103A5000635C6576656E745F67726F7570732E63F5
:103A6000000000002E70696F5C6C696264657073A1
:103A70005C7465656E737934315C66726565727409
:103A80006F732D7465656E73795C7372635C6576B4
:103A9000656E745F67726F7570732E63000000004F
:103AA0002E70696F5C6C6962646570735C746565C7
:103AB0006E737934315C6672656572746F732D74E0
:103AC00065656E73795C7372635C6576656E745F51
:103AD00067726F7570732E63000000002E70696F3F
:103AE0005C6C6962646570735C7465656E7379346F
:103AF000315C6672656572746F732D7465656E7383
:103B0000795C7372635C6C6973742E6300000000EF
:103B10002E70696F5C6C6962646570735C74656556
:103B20006E737934315C6672656572746F732D746F
:103B300065656E73795C7372635C6C6973742E6314
:103B4000000000002E70696F5C6C696264657073C0
:103B50005C7465656E737934315C66726565727428
:103B60006F732D7465656E73795C7372635C6C69D9
:103B700073742E63000000002E70696F5C6C6962C4
:103B8000646570735C7465656E737934315C6672FC
:103B9000656572746F732D7465656E73795C73728D
:103BA000635C6C6973742E63000000002E70696F93
:103BB0005C6C6962646570735C7465656E7379349E
:103BC000315C6672656572746F732D7465656E73B2
:103BD000795C7372635C706F727461626C655C7047
:103BE0006F72742E630000002E70696F5C6C6962E6
:103BF000646570735C7465656E737934315C66728C
:103C0000656572746F732D7465656E73795C73721C
:103C1000635C706F727461626C655C706F72742E3D
:103C2000630000002E70696F5C6C6962646570737C
:103C30005C7465656E737934315C66726565727447
:103C40006F732D7465656E73795C7372635C706FEE
:103C5000727461626C655C706F72742E6300000038
:103C60002E70696F5C6C6962646570735C74656505
:103C70006E737934315C6672656572746F732D741E
:103C800065656E73795C7372635C706F7274616288
:103C90006C655C706F72742E630000002E70696F2B
:103CA0005C6C6962646570735C7465656E737934AD
:103CB000315C6672656572746F732D7465656E73C1
:103CC000795C7372635C706F727461626C655C7056
:103CD0006F72742E630000002E70696F5C6C6962F5
:103CE000646570735C7465656E737934315C66729B
:103CF000656572746F732D7465656E73795C73722C
:103D0000635C706F727461626C655C706F72742E4C
:103D1000630000002E70696F5C6C6962646570738B
:103D20005C7465656E737934315C66726565727456
:103D30006F732D7465656E73795C7372635C706FFD
:103D4000727461626C655C706F72742E6300000047
:103D50002E70696F5C6C6962646570735C74656514
:103D60006E737934315C6672656572746F732D742D
:103D700065656E73795C7372635C706F7274616297
:103D80006C655C706F72742E630000002E70696F3A
:103D90005C6C6962646570735C7465656E737934BC
:103DA000315C6672656572746F732D7465656E73D0
:103DB000795C7372635C706F727461626C655C7065
:103DC0006F72742E630000002E70696F5C6C696204
:103DD000646570735C7465656E737934315C6672AA
:103DE000656572746F732D7465656E73795C73723B
:103DF000635C706F727461626C655C706F72742E5C
:103E0000630000002E70696F5C6C6962646570739A
:103E10005C7465656E737934315C66726565727465
:103E20006F732D7465656E73795C7372635C706F0C
:103E3000727461626C655C706F72742E6300000056
:103E40002E70696F5C6C6962646570735C74656523
:103E50006E737934315C6672656572746F732D743C
:103E600065656E73795C7372635C706F72746162A6
:103E70006C655C706F72742E630000005F73627219
:103E80006B5F72282564293A206E6F206D656D2066
:103E9000617661696C61626C652E0D0A000000003C
:103EA000535441434B204F564552464C4F573A20AE
:103EB00025730D0A000000000D0A000052414D322A
:103EC0002073697A653A202575204B422C20667252
:103ED00065652052414D323A202575204B422C20F9
:103EE000757365642052414D323A202575204B424E
:103EF0000D0A000052414D312073697A653A202540
:103F000075204B422C20667265652052414D313A36
:103F1000202575204B422C206461746120757365E7
:103F2000643A202575204B422C20627373207573F0
:103F300065643A202575204B422C207573656420FA
:103F4000686561703A202575204B422C2073797387
:103F500074656D20667265653A202575204B420DAB
:103F60000A0000000D0A00000D0A537461636B2003
:103F700074726163653A0D0A0000000025730D0A32
:103F800000000000257328293A2000000D0A415343
:103F90005345525420696E205B25733A25755D099F
:103FA00000000000205B3078253034785D0D0A0079
:103FB0003A09307825303478000000003A095B5423
:103FC00061736B20656E74727920706F696E745DB9
:103FD0000D0A000009232564000000002E70696F9F
:103FE0005C6C6962646570735C7465656E7379346A
:103FF000315C6672656572746F732D7465656E737E
:10400000795C7372635C71756575652E6300000081
:104010002E70696F5C6C6962646570735C74656551
:104020006E737934315C6672656572746F732D746A
:1040300065656E73795C7372635C71756575652E09
:10404000630000002E70696F5C6C69626465707358
:104050005C7465656E737934315C66726565727423
:104060006F732D7465656E73795C7372635C7175C3
:104070006575652E630000002E70696F5C6C696267
:10408000646570735C7465656E737934315C6672F7
:10409000656572746F732D7465656E73795C737288
:1040A000635C71756575652E630000002E70696F25
:1040B0005C6C6962646570735C7465656E73793499
:1040C000315C6672656572746F732D7465656E73AD
:1040D000795C7372635C71756575652E63000000B1
:1040E0002E70696F5C6C6962646570735C74656581
:1040F0006E737934315C6672656572746F732D749A
:1041000065656E73795C7372635C71756575652E38
:10411000630000002E70696F5C6C69626465707387
:104120005C7465656E737934315C66726565727452
:104130006F732D7465656E73795C7372635C7175F2
:104140006575652E630000002E70696F5C6C696296
:10415000646570735C7465656E737934315C667226
:10416000656572746F732D7465656E73795C7372B7
:10417000635C71756575652E630000002E70696F54
:104180005C6C6962646570735C7465656E737934C8
:10419000315C6672656572746F732D7465656E73DC
:1041A000795C7372635C71756575652E63000000E0
:1041B0002E70696F5C6C6962646570735C746565B0
:1041C0006E737934315C6672656572746F732D74C9
:1041D00065656E73795C7372635C71756575652E68
:1041E000630000002E70696F5C6C696264657073B7
:1041F0005C7465656E737934315C66726565727482
:104200006F732D7465656E73795C7372635C717521
:104210006575652E630000002E70696F5C6C6962C5
:10422000646570735C7465656E737934315C667255
:10423000656572746F732D7465656E73795C7372E6
:10424000635C71756575652E630000002E70696F83
:104250005C6C6962646570735C7465656E737934F7
:10426000315C6672656572746F732D7465656E730B
:10427000795C7372635C71756575652E630000000F
:104280002E70696F5C6C6962646570735C746565DF
:104290006E737934315C6672656572746F732D74F8
:1042A00065656E73795C7372635C71756575652E97
:1042B000630000002E70696F5C6C696264657073E6
:1042C0005C7465656E737934315C667265657274B1
:1042D0006F732D7465656E73795C7372635C717551
:1042E0006575652E630000002E70696F5C6C6962F5
:1042F000646570735C7465656E737934315C667285
:10430000656572746F732D7465656E73795C737215
:10431000635C71756575652E630000002E70696FB2
:104320005C6C6962646570735C7465656E73793426
:10433000315C6672656572746F732D7465656E733A
:10434000795C7372635C71756575652E630000003E
:104350002E70696F5C6C6962646570735C7465650E
:104360006E737934315C6672656572746F732D7427
:1043700065656E73795C7372635C71756575652EC6
:10438000630000002E70696F5C6C69626465707315
:104390005C7465656E737934315C667265657274E0
:1043A0006F732D7465656E73795C7372635C717580
:1043B0006575652E630000002E70696F5C6C696224
:1043C000646570735C7465656E737934315C6672B4
:1043D000656572746F732D7465656E73795C737245
:1043E000635C71756575652E630000002E70696FE2
:1043F0005C6C6962646570735C7465656E73793456
:10440000315C6672656572746F732D7465656E7369
:10441000795C7372635C71756575652E630000006D
:104420002E70696F5C6C6962646570735C7465653D
:104430006E737934315C6672656572746F732D7456
:1044400065656E73795C7372635C71756575652EF5
:10445000630000002E70696F5C6C69626465707344
:104460005C7465656E737934315C6672656572740F
:104470006F732D7465656E73795C7372635C7175AF
:104480006575652E630000002E70696F5C6C696253
:10449000646570735C7465656E737934315C6672E3
:1044A000656572746F732D7465656E73795C737274
:1044B000635C71756575652E630000002E70696F11
:1044C0005C6C6962646570735C7465656E73793485
:1044D000315C6672656572746F732D7465656E7399
:1044E000795C7372635C71756575652E630000009D
:1044F0002E70696F5C6C6962646570735C7465656D
:104500006E737934315C6672656572746F732D7485
:1045100065656E73795C7372635C71756575652E24
:10452000630000002E70696F5C6C69626465707373
:104530005C7465656E737934315C6672656572743E
:104540006F732D7465656E73795C7372635C7175DE
:104550006575652E630000002E70696F5C6C696282
:10456000646570735C7465656E737934315C667212
:10457000656572746F732D7465656E73795C7372A3
:10458000635C71756575652E630000002E70696F40
:104590005C6C6962646570735C7465656E737934B4
:1045A000315C6672656572746F732D7465656E73C8
:1045B000795C7372635C71756575652E63000000CC
:1045C0002E70696F5C6C6962646570735C7465659C
:1045D0006E737934315C6672656572746F732D74B5
:1045E00065656E73795C7372635C71756575652E54
:1045F000630000002E70696F5C6C696264657073A3
:104600005C7465656E737934315C6672656572746D
:104610006F732D7465656E73795C7372635C71750D
:104620006575652E630000002E70696F5C6C6962B1
:10463000646570735C7465656E737934315C667241
:10464000656572746F732D7465656E73795C7372D2
:10465000635C71756575652E630000002E70696F6F
:104660005C6C6962646570735C7465656E737934E3
:10467000315C6672656572746F732D7465656E73F7
:10468000795C7372635C71756575652E63000000FB
:104690002E70696F5C6C6962646570735C746565CB
:1046A0006E737934315C6672656572746F732D74E4
:1046B00065656E73795C7372635C71756575652E83
:1046C000630000002E70696F5C6C696264657073D2
:1046D0005C7465656E737934315C6672656572749D
:1046E0006F732D7465656E73795C7372635C71753D
:1046F0006575652E630000002E70696F5C6C6962E1
:10470000646570735C7465656E737934315C667270
:10471000656572746F732D7465656E73795C737201
:10472000635C71756575652E630000002E70696F9E
:104730005C6C6962646570735C7465656E73793412
:10474000315C6672656572746F732D7465656E7326
:10475000795C7372635C71756575652E630000002A
:104760002E70696F5C6C6962646570735C746565FA
:104770006E737934315C6672656572746F732D7413
:1047800065656E73795C7372635C71756575652EB2
:10479000630000002E70696F5C6C69626465707301
:1047A0005C7465656E737934315C667265657274CC
:1047B0006F732D7465656E73795C7372635C71756C
:1047C0006575652E630000002E70696F5C6C696210
:1047D000646570735C7465656E737934315C6672A0
:1047E000656572746F732D7465656E73795C737231
:1047F000635C71756575652E630000002E70696FCE
:104800005C6C6962646570735C7465656E73793441
:10481000315C6672656572746F732D7465656E7355
:10482000795C7372635C71756575652E6300000059
:104830002E70696F5C6C6962646570735C74656529
:104840006E737934315C6672656572746F732D7442
:1048500065656E73795C7372635C71756575652EE1
:10486000630000002E70696F5C6C69626465707330
:104870005C7465656E737934315C667265657274FB
:104880006F732D7465656E73795C7372635C71759B
:104890006575652E630000002E70696F5C6C69623F
:1048A000646570735C7465656E737934315C6672CF
:1048B000656572746F732D7465656E73795C737260
:1048C000635C71756575652E630000002E70696FFD
:1048D0005C6C6962646570735C7465656E73793471
:1048E000315C6672656572746F732D7465656E7385
:1048F000795C7372635C71756575652E6300000089
:104900002E70696F5C6C6962646570735C74656558
:104910006E737934315C6672656572746F732D7471
:1049200065656E73795C7372635C7461736B732E0F
:10493000630000002E70696F5C6C6962646570735F
:104940005C7465656E737934315C6672656572742A
:104950006F732D7465656E73795C7372635C7461DB
:10496000736B732E630000002E70696F5C6C69625C
:10497000646570735C7465656E737934315C6672FE
:10498000656572746F732D7465656E73795C73728F
:10499000635C7461736B732E630000002E70696F2B
:1049A0005C6C6962646570735C7465656E737934A0
:1049B000315C6672656572746F732D7465656E73B4
:1049C000795C7372635C7461736B732E63000000B7
:1049D0002E70696F5C6C6962646570735C74656588
:1049E0006E737934315C6672656572746F732D74A1
:1049F00065656E73795C7372635C7461736B732E3F
:104A0000630000002E70696F5C6C6962646570738E
:104A10005C7465656E737934315C66726565727459
:104A20006F732D7465656E73795C7372635C74610A
:104A3000736B732E630000002E70696F5C6C69628B
:104A4000646570735C7465656E737934315C66722D
:104A5000656572746F732D7465656E73795C7372BE
:104A6000635C7461736B732E630000002E70696F5A
:104A70005C6C6962646570735C7465656E737934CF
:104A8000315C6672656572746F732D7465656E73E3
:104A9000795C7372635C7461736B732E63000000E6
:104AA0002E70696F5C6C6962646570735C746565B7
:104AB0006E737934315C6672656572746F732D74D0
:104AC00065656E73795C7372635C7461736B732E6E
:104AD000630000002E70696F5C6C696264657073BE
:104AE0005C7465656E737934315C66726565727489
:104AF0006F732D7465656E73795C7372635C74613A
:104B0000736B732E630000002E70696F5C6C6962BA
:104B1000646570735C7465656E737934315C66725C
:104B2000656572746F732D7465656E73795C7372ED
:104B3000635C7461736B732E630000002E70696F89
:104B40005C6C6962646570735C7465656E737934FE
:104B5000315C6672656572746F732D7465656E7312
:104B6000795C7372635C7461736B732E6300000015
:104B70002E70696F5C6C6962646570735C746565E6
:104B80006E737934315C6672656572746F732D74FF
:104B900065656E73795C7372635C7461736B732E9D
:104BA000630000002E70696F5C6C696264657073ED
:104BB0005C7465656E737934315C667265657274B8
:104BC0006F732D7465656E73795C7372635C746169
:104BD000736B732E630000002E70696F5C6C6962EA
:104BE000646570735C7465656E737934315C66728C
:104BF000656572746F732D7465656E73795C73721D
:104C0000635C7461736B732E630000002E70696FB8
:104C10005C6C6962646570735C7465656E7379342D
:104C2000315C6672656572746F732D7465656E7341
:104C3000795C7372635C7461736B732E6300000044
:104C40002E70696F5C6C6962646570735C74656515
:104C50006E737934315C6672656572746F732D742E
:104C600065656E73795C7372635C7461736B732ECC
:104C7000630000002E70696F5C6C6962646570731C
:104C80005C7465656E737934315C667265657274E7
:104C90006F732D7465656E73795C7372635C746198
:104CA000736B732E630000002E70696F5C6C696219
:104CB000646570735C7465656E737934315C6672BB
:104CC000656572746F732D7465656E73795C73724C
:104CD000635C7461736B732E630000002E70696FE8
:104CE0005C6C6962646570735C7465656E7379345D
:104CF000315C6672656572746F732D7465656E7371
:104D0000795C7372635C7461736B732E6300000073
:104D10002E70696F5C6C6962646570735C74656544
:104D20006E737934315C6672656572746F732D745D
:104D300065656E73795C7372635C7461736B732EFB
:104D4000630000002E70696F5C6C6962646570734B
:104D50005C7465656E737934315C66726565727416
:104D60006F732D7465656E73795C7372635C7461C7
:104D7000736B732E630000002E70696F5C6C696248
:104D8000646570735C7465656E737934315C6672EA
:104D9000656572746F732D7465656E73795C73727B
:104DA000635C7461736B732E630000002E70696F17
:104DB0005C6C6962646570735C7465656E7379348C
:104DC000315C6672656572746F732D7465656E73A0
:104DD000795C7372635C7461736B732E63000000A3
:104DE0002E70696F5C6C6962646570735C74656574
:104DF0006E737934315C6672656572746F732D748D
:104E000065656E73795C7372635C7461736B732E2A
:104E1000630000002E70696F5C6C6962646570737A
:104E20005C7465656E737934315C66726565727445
:104E30006F732D7465656E73795C7372635C7461F6
:104E4000736B732E630000002E70696F5C6C696277
:104E5000646570735C7465656E737934315C667219
:104E6000656572746F732D7465656E73795C7372AA
:104E7000635C7461736B732E630000002E70696F46
:104E80005C6C6962646570735C7465656E737934BB
:104E9000315C6672656572746F732D7465656E73CF
:104EA000795C7372635C7461736B732E63000000D2
:104EB0002E70696F5C6C6962646570735C746565A3
:104EC0006E737934315C6672656572746F732D74BC
:104ED00065656E73795C7372635C7461736B732E5A
:104EE000630000002E70696F5C6C696264657073AA
:104EF0005C7465656E737934315C66726565727475
:104F00006F732D7465656E73795C7372635C746125
:104F1000736B732E630000002E70696F5C6C6962A6
:104F2000646570735C7465656E737934315C667248
:104F3000656572746F732D7465656E73795C7372D9
:104F4000635C7461736B732E630000002E70696F75
:104F50005C6C6962646570735C7465656E737934EA
:104F6000315C6672656572746F732D7465656E73FE
:104F7000795C7372635C7461736B732E6300000001
:104F80002E70696F5C6C6962646570735C746565D2
:104F90006E737934315C6672656572746F732D74EB
:104FA00065656E73795C7372635C7461736B732E89
:104FB000630000002E70696F5C6C696264657073D9
:104FC0005C7465656E737934315C667265657274A4
:104FD0006F732D7465656E73795C7372635C746155
:104FE000736B732E630000002E70696F5C6C6962D6
:104FF000646570735C7465656E737934315C667278
:10500000656572746F732D7465656E73795C737208
:10501000635C7461736B732E630000002E70696FA4
:105020005C6C6962646570735C7465656E73793419
:10503000315C6672656572746F732D7465656E732D
:10504000795C7372635C7461736B732E6300000030
:105050002E70696F5C6C6962646570735C74656501
:105060006E737934315C6672656572746F732D741A
:1050700065656E73795C7372635C7461736B732EB8
:10508000630000002E70696F5C6C69626465707308
:105090005C7465656E737934315C667265657274D3
:1050A0006F732D7465656E73795C7372635C746184
:1050B000736B732E630000002E70696F5C6C696205
:1050C000646570735C7465656E737934315C6672A7
:1050D000656572746F732D7465656E73795C737238
:1050E000635C7461736B732E630000002E70696FD4
:1050F0005C6C6962646570735C7465656E73793449
:10510000315C6672656572746F732D7465656E735C
:10511000795C7372635C7461736B732E630000005F
:105120002E70696F5C6C6962646570735C74656530
:105130006E737934315C6672656572746F732D7449
:1051400065656E73795C7372635C7461736B732EE7
:10515000630000002E70696F5C6C69626465707337
:105160005C7465656E737934315C66726565727402
:105170006F732D7465656E73795C7372635C7461B3
:10518000736B732E630000002E70696F5C6C696234
:10519000646570735C7465656E737934315C6672D6
:1051A000656572746F732D7465656E73795C737267
:1051B000635C7461736B732E630000002E70696F03
:1051C0005C6C6962646570735C7465656E73793478
:1051D000315C6672656572746F732D7465656E738C
:1051E000795C7372635C7461736B732E630000008F
:1051F0002E70696F5C6C6962646570735C74656560
:105200006E737934315C6672656572746F732D7478
:1052100065656E73795C7372635C7461736B732E16
:10522000630000002E70696F5C6C69626465707366
:105230005C7465656E737934315C66726565727431
:105240006F732D7465656E73795C7372635C7461E2
:10525000736B732E630000002E70696F5C6C696263
:10526000646570735C7465656E737934315C667205
:10527000656572746F732D7465656E73795C737296
:10528000635C7461736B732E630000002E70696F32
:105290005C6C6962646570735C7465656E737934A7
:1052A000315C6672656572746F732D7465656E73BB
:1052B000795C7372635C7461736B732E63000000BE
:1052C0002E70696F5C6C6962646570735C7465658F
:1052D0006E737934315C6672656572746F732D74A8
:1052E00065656E73795C7372635C7461736B732E46
:1052F000630000002E70696F5C6C69626465707396
:105300005C7465656E737934315C66726565727460
:105310006F732D7465656E73795C7372635C746111
:10532000736B732E630000002E70696F5C6C696292
:10533000646570735C7465656E737934315C667234
:10534000656572746F732D7465656E73795C7372C5
:10535000635C7461736B732E630000002E70696F61
:105360005C6C6962646570735C7465656E737934D6
:10537000315C6672656572746F732D7465656E73EA
:10538000795C7372635C7461736B732E63000000ED
:105390002E70696F5C6C6962646570735C746565BE
:1053A0006E737934315C6672656572746F732D74D7
:1053B00065656E73795C7372635C7461736B732E75
:1053C000630000002E70696F5C6C696264657073C5
:1053D0005C7465656E737934315C66726565727490
:1053E0006F732D7465656E73795C7372635C746141
:1053F000736B732E630000002E70696F5C6C6962C2
:10540000646570735C7465656E737934315C667263
:10541000656572746F732D7465656E73795C7372F4
:10542000635C7461736B732E630000002E70696F90
:105430005C6C6962646570735C7465656E73793405
:10544000315C6672656572746F732D7465656E7319
:10545000795C7372635C7461736B732E630000001C
:105460002E70696F5C6C6962646570735C746565ED
:105470006E737934315C6672656572746F732D7406
:1054800065656E73795C7372635C7461736B732EA4
:10549000630000002E70696F5C6C696264657073F4
:1054A0005C7465656E737934315C667265657274BF
:1054B0006F732D7465656E73795C7372635C746170
:1054C000736B732E630000002E70696F5C6C6962F1
:1054D000646570735C7465656E737934315C667293
:1054E000656572746F732D7465656E73795C737224
:1054F000635C7461736B732E630000002E70696FC0
:105500005C6C6962646570735C7465656E73793434
:10551000315C6672656572746F732D7465656E7348
:10552000795C7372635C7461736B732E630000004B
:105530002E70696F5C6C6962646570735C7465651C
:105540006E737934315C6672656572746F732D7435
:1055500065656E73795C7372635C7461736B732ED3
:10556000630000002E70696F5C6C69626465707323
:105570005C7465656E737934315C667265657274EE
:105580006F732D7465656E73795C7372635C74619F
:10559000736B732E630000002E70696F5C6C696220
:1055A000646570735C7465656E737934315C6672C2
:1055B000656572746F732D7465656E73795C737253
:1055C000635C7461736B732E630000002E70696FEF
:1055D0005C6C6962646570735C7465656E73793464
:1055E000315C6672656572746F732D7465656E7378
:1055F000795C7372635C7461736B732E630000007B
:105600002E70696F5C6C6962646570735C7465654B
:105610006E737934315C6672656572746F732D7464
:1056200065656E73795C7372635C7461736B732E02
:10563000630000002E70696F5C6C69626465707352
:105640005C7465656E737934315C6672656572741D
:105650006F732D7465656E73795C7372635C7461CE
:10566000736B732E630000002E70696F5C6C69624F
:10567000646570735C7465656E737934315C6672F1
:10568000656572746F732D7465656E73795C737282
:10569000635C7461736B732E630000002E70696F1E
:1056A0005C6C6962646570735C7465656E73793493
:1056B000315C6672656572746F732D7465656E73A7
:1056C000795C7372635C7461736B732E63000000AA
:1056D0002E70696F5C6C6962646570735C7465657B
:1056E0006E737934315C6672656572746F732D7494
:1056F00065656E73795C7372635C7461736B732E32
:10570000630000002E70696F5C6C69626465707381
:105710005C7465656E737934315C6672656572744C
:105720006F732D7465656E73795C7372635C7461FD
:10573000736B732E630000002E70696F5C6C69627E
:10574000646570735C7465656E737934315C667220
:10575000656572746F732D7465656E73795C7372B1
:10576000635C7461736B732E630000002E70696F4D
:105770005C6C6962646570735C7465656E737934C2
:10578000315C6672656572746F732D7465656E73D6
:10579000795C7372635C7461736B732E63000000D9
:1057A0002E70696F5C6C6962646570735C746565AA
:1057B0006E737934315C6672656572746F732D74C3
:1057C00065656E73795C7372635C7461736B732E61
:1057D000630000002E70696F5C6C696264657073B1
:1057E0005C7465656E737934315C6672656572747C
:1057F0006F732D7465656E73795C7372635C74612D
:10580000736B732E630000002E70696F5C6C6962AD
:10581000646570735C7465656E737934315C66724F
:10582000656572746F732D7465656E73795C7372E0
:10583000635C7461736B732E630000002E70696F7C
:105840005C6C6962646570735C7465656E737934F1
:10585000315C6672656572746F732D7465656E7305
:10586000795C7372635C7461736B732E6300000008
:105870002E70696F5C6C6962646570735C746565D9
:105880006E737934315C6672656572746F732D74F2
:1058900065656E73795C7372635C7461736B732E90
:1058A000630000002E70696F5C6C696264657073E0
:1058B0005C7465656E737934315C667265657274AB
:1058C0006F732D7465656E73795C7372635C74615C
:1058D000736B732E630000002E70696F5C6C6962DD
:1058E000646570735C7465656E737934315C66727F
:1058F000656572746F732D7465656E73795C737210
:10590000635C7461736B732E630000002E70696FAB
:105910005C6C6962646570735C7465656E73793420
:10592000315C6672656572746F732D7465656E7334
:10593000795C7372635C7461736B732E6300000037
:105940002E70696F5C6C6962646570735C74656508
:105950006E737934315C6672656572746F732D7421
:1059600065656E73795C7372635C7461736B732EBF
:10597000630000002E70696F5C6C6962646570730F
:105980005C7465656E737934315C667265657274DA
:105990006F732D7465656E73795C7372635C74618B
:1059A000736B732E630000002E70696F5C6C69620C
:1059B000646570735C7465656E737934315C6672AE
:1059C000656572746F732D7465656E73795C73723F
:1059D000635C7461736B732E630000002E70696FDB
:1059E0005C6C6962646570735C7465656E73793450
:1059F000315C6672656572746F732D7465656E7364
:105A0000795C7372635C7461736B732E6300000066
:105A10002E70696F5C6C6962646570735C74656537
:105A20006E737934315C6672656572746F732D7450
:105A300065656E73795C7372635C7461736B732EEE
:105A4000630000002E70696F5C6C6962646570733E
:105A50005C7465656E737934315C66726565727409
:105A60006F732D7465656E73795C7372635C7461BA
:105A7000736B732E630000002E70696F5C6C69623B
:105A8000646570735C7465656E737934315C6672DD
:105A9000656572746F732D7465656E73795C73726E
:105AA000635C7461736B732E630000002E70696F0A
:105AB0005C6C6962646570735C7465656E7379347F
:105AC000315C6672656572746F732D7465656E7393
:105AD000795C7372635C7461736B732E6300000096
:105AE0002E70696F5C6C6962646570735C74656567
:105AF0006E737934315C6672656572746F732D7480
:105B000065656E73795C7372635C7461736B732E1D
:105B1000630000002E70696F5C6C6962646570736D
:105B20005C7465656E737934315C66726565727438
:105B30006F732D7465656E73795C7372635C7461E9
:105B4000736B732E630000002E70696F5C6C69626A
:105B5000646570735C7465656E737934315C66720C
:105B6000656572746F732D7465656E73795C73729D
:105B7000635C7461736B732E630000002E70696F39
:105B80005C6C6962646570735C7465656E737934AE
:105B9000315C6672656572746F732D7465656E73C2
:105BA000795C7372635C7461736B732E63000000C5
:105BB0002E70696F5C6C6962646570735C74656596
:105BC0006E737934315C6672656572746F732D74AF
:105BD00065656E73795C7372635C7461736B732E4D
:105BE000630000002E70696F5C6C6962646570739D
:105BF0005C7465656E737934315C66726565727468
:105C00006F732D7465656E73795C7372635C746118
:105C1000736B732E630000002E70696F5C6C696299
:105C2000646570735C7465656E737934315C66723B
:105C3000656572746F732D7465656E73795C7372CC
:105C4000635C7461736B732E630000002E70696F68
:105C50005C6C6962646570735C7465656E737934DD
:105C6000315C6672656572746F732D7465656E73F1
:105C7000795C7372635C7461736B732E63000000F4
:105C80002E70696F5C6C6962646570735C746565C5
:105C90006E737934315C6672656572746F732D74DE
:105CA00065656E73795C7372635C7461736B732E7C
:105CB000630000002E70696F5C6C696264657073CC
:105CC0005C7465656E737934315C66726565727497
:105CD0006F732D7465656E73795C7372635C746148
:105CE000736B732E630000002E70696F5C6C6962C9
:105CF000646570735C7465656E737934315C66726B
:105D0000656572746F732D7465656E73795C7372FB
:105D1000635C7461736B732E630000002E70696F97
:105D20005C6C6962646570735C7465656E7379340C
:105D3000315C6672656572746F732D7465656E7320
:105D4000795C7372635C7461736B732E6300000023
:105D50002E70696F5C6C6962646570735C746565F4
:105D60006E737934315C6672656572746F732D740D
:105D700065656E73795C7372635C7461736B732EAB
:105D8000630000002E70696F5C6C696264657073FB
:105D90005C7465656E737934315C667265657274C6
:105DA0006F732D7465656E73795C7372635C746177
:105DB000736B732E630000002E70696F5C6C6962F8
:105DC000646570735C7465656E737934315C66729A
:105DD000656572746F732D7465656E73795C73722B
:105DE000635C7461736B732E630000002E70696FC7
:105DF0005C6C6962646570735C7465656E7379343C
:105E0000315C6672656572746F732D7465656E734F
:105E1000795C7372635C7461736B732E6300000052
:105E20002E70696F5C6C6962646570735C74656523
:105E30006E737934315C6672656572746F732D743C
:105E400065656E73795C7372635C7461736B732EDA
:105E5000630000002E70696F5C6C6962646570732A
:105E60005C7465656E737934315C667265657274F5
:105E70006F732D7465656E73795C7372635C7461A6
:105E8000736B732E630000002E70696F5C6C696227
:105E9000646570735C7465656E737934315C6672C9
:105EA000656572746F732D7465656E73795C73725A
:105EB000635C7461736B732E630000002E70696FF6
:105EC0005C6C6962646570735C7465656E7379346B
:105ED000315C6672656572746F732D7465656E737F
:105EE000795C7372635C7461736B732E6300000082
:105EF0002E70696F5C6C6962646570735C74656553
:105F00006E737934315C6672656572746F732D746B
:105F100065656E73795C7372635C7461736B732E09
:105F2000630000002E70696F5C6C69626465707359
:105F30005C7465656E737934315C66726565727424
:105F40006F732D7465656E73795C7372635C7461D5
:105F5000736B732E630000002E70696F5C6C696256
:105F6000646570735C7465656E737934315C6672F8
:105F7000656572746F732D7465656E73795C737289
:105F8000635C7461736B732E630000002E70696F25
:105F90005C6C6962646570735C7465656E7379349A
:105FA000315C6672656572746F732D7465656E73AE
:105FB000795C7372635C7461736B732E63000000B1
:105FC0002E70696F5C6C6962646570735C74656582
:105FD0006E737934315C6672656572746F732D749B
:105FE00065656E73795C7372635C7461736B732E39
:105FF000630000002E70696F5C6C69626465707389
:106000005C7465656E737934315C66726565727453
:106010006F732D7465656E73795C7372635C746104
:10602000736B732E630000002E70696F5C6C696285
:10603000646570735C7465656E737934315C667227
:10604000656572746F732D7465656E73795C7372B8
:10605000635C7461736B732E630000002E70696F54
:106060005C6C6962646570735C7465656E737934C9
:10607000315C6672656572746F732D7465656E73DD
:10608000795C7372635C7461736B732E63000000E0
:106090002E70696F5C6C6962646570735C746565B1
:1060A0006E737934315C6672656572746F732D74CA
:1060B00065656E73795C7372635C74696D65727328
:1060C0002E6300002E70696F5C6C6962646570738A
:1060D0005C7465656E737934315C66726565727483
:1060E0006F732D7465656E73795C7372635C74692C
:1060F0006D6572732E6300002E70696F5C6C69624F
:10610000646570735C7465656E737934315C667256
:10611000656572746F732D7465656E73795C7372E7
:10612000635C74696D6572732E6300002E70696F15
:106130005C6C6962646570735C7465656E737934F8
:10614000315C6672656572746F732D7465656E730C
:10615000795C7372635C74696D6572732E630000A1
:106160002E70696F5C6C6962646570735C746565E0
:106170006E737934315C6672656572746F732D74F9
:1061800065656E73795C7372635C74696D65727357
:106190002E6300002E70696F5C6C696264657073B9
:1061A0005C7465656E737934315C667265657274B2
:1061B0006F732D7465656E73795C7372635C74695B
:1061C0006D6572732E6300002E70696F5C6C69627E
:1061D000646570735C7465656E737934315C667286
:1061E000656572746F732D7465656E73795C737217
:1061F000635C74696D6572732E6300002E70696F45
:106200005C6C6962646570735C7465656E73793427
:10621000315C6672656572746F732D7465656E733B
:10622000795C7372635C74696D6572732E630000D0
:106230002E70696F5C6C6962646570735C7465650F
:106240006E737934315C6672656572746F732D7428
:1062500065656E73795C7372635C74696D65727386
:106260002E6300002E70696F5C6C696264657073E8
:106270005C7465656E737934315C667265657274E1
:106280006F732D7465656E73795C7372635C74698A
:106290006D6572732E6300002E70696F5C6C6962AD
:1062A000646570735C7465656E737934315C6672B5
:1062B000656572746F732D7465656E73795C737246
:1062C000635C74696D6572732E6300002E70696F74
:1062D0005C6C6962646570735C7465656E73793457
:1062E000315C6672656572746F732D7465656E736B
:1062F000795C7372635C74696D6572732E63000000
:106300002E70696F5C6C6962646570735C7465653E
:106310006E737934315C6672656572746F732D7457
:1063200065656E73795C7372635C74696D657273B5
:106330002E6300002E70696F5C6C69626465707317
:106340005C7465656E737934315C66726565727410
:106350006F732D7465656E73795C7372635C7469B9
:106360006D6572732E6300002E70696F5C6C6962DC
:10637000646570735C7465656E737934315C6672E4
:10638000656572746F732D7465656E73795C737275
:10639000635C74696D6572732E6300002E70696FA3
:1063A0005C6C6962646570735C7465656E73793486
:1063B000315C6672656572746F732D7465656E739A
:1063C000795C7372635C74696D6572732E6300002F
:1063D0002E70696F5C6C6962646570735C7465656E
:1063E0006E737934315C6672656572746F732D7487
:1063F00065656E73795C7372635C74696D657273E5
:106400002E6300002E70696F5C6C69626465707346
:106410005C7465656E737934315C6672656572743F
:106420006F732D7465656E73795C7372635C7469E8
:106430006D6572732E6300004556454E5400000092
:106440006576656E745F74005949454C44000000E0
:106450000A0000000D0A537461636B20747261635B
:10646000653A0D0A00000000097078456E644F66B9
:10647000537461636B3D307825780D0A000000008D
:10648000097078537461636B3D307825780D0A008C
:10649000097078546F704F66537461636B3D307848
:1064A00025780D0A0000000009737461636B5F6159
:1064B0007267733D307825780D0A00000A000000ED
:1064C0000D0A537461636B2074726163653A0D0A3F
:1064D00000000000756E6B6E6F776E00416374692B
:1064E0007665207461736B2028737461636B293A3D
:1064F0002025730D0A0000000A4163746976652047
:106500007461736B2028544342293A2025730D0A85
:1065100000000000205F4D4D41523A2020202020F5
:106520002020307825780D0A00000000205F4246C8
:1065300041523A20202020202020307825780D0A52
:1065400000000000205F414653523A2020202020C6
:106550002020307825780D0A00000000205F444696
:1065600053523A20202020202020307825780D0A10
:1065700000000000202028464F5243454429202097
:1065800020202020466F7263656420486172642079
:106590004661756C740D0A002020285645435454FA
:1065A000424C292020202020427573204661756CC2
:1065B00074206F6E20566563205461626C652052B2
:1065C0006561640D0A000000205F484653523A207E
:1065D000202020202020307825780D0A000000009F
:1065E00020202844495642595A45524F29202020FC
:1065F000446976696465206279207A65726F0D0A54
:1066000000000000202028554E414C49474E45448B
:1066100029202020556E616C69676E656420616376
:10662000636573732055736167654661756C740D9E
:106630000A0000002020284E4F435029202020200F
:10664000202020204E6F20436F70726F636573733C
:106650006F720D0A00000000202028494E5650435A
:106660002920202020202020557361676520666145
:10667000756C743A20696E76616C69642045584384
:106680005F52455455524E0D0A0000002020284903
:106690004E5653544154452920202020496E73748E
:1066A00072756374696F6E206D616B657320696CC0
:1066B0006C6567616C20757365206F66204550536B
:1066C000520D0A00202028554E444546494E535449
:1066D00052292020556E646566696E656420696E76
:1066E000737472756374696F6E0D0A0020202842FE
:1066F00046415256414C494429202020427573207E
:106700004661756C742041646472657373205661D0
:106710006C69640D0A0000002020284C535045523B
:106720005229202020202020427573204661756C5C
:1067300074206F6E204650206C617A7920737461EA
:10674000746520707265736572766174696F6E0D21
:106750000A00000020202853544B45525229202083
:1067600020202020427573204661756C74206F6E66
:1067700020737461636B696E6720666F7220657841
:1067800063657074696F6E20656E7472790D0A00AE
:10679000202028554E53544B45525229202020206A
:1067A000427573204661756C74206F6E20756E7330
:1067B0007461636B696E6720666F72206120726519
:1067C0007475726E2066726F6D2065786365707483
:1067D000696F6E0D0A000000202028494D50524577
:1067E00043495345525229204461746120627573B4
:1067F000206572726F7220627574206164647265C4
:106800007373206E6F742072656C6174656420749C
:106810006F20696E737472756374696F6E0D0A0010
:1068200020202850524543495345525229202020C8
:106830004461746120627573206572726F722028E2
:106840006164647265737320696E20424641522907
:106850000D0A000020202849425553455252292054
:1068600020202020496E737472756374696F6E20E6
:10687000427573204572726F720D0A002020284DF8
:106880004D415256414C4944292020204D656D4DC3
:10689000616E6765204661756C7420416464726541
:1068A00073732056616C69640D0A00002020284D26
:1068B0004C53504552522920202020204D656D4DCB
:1068C000616E6765204661756C74206F6E2046505E
:1068D000204C617A792053746174650D0A000000C0
:1068E0002020284D53544B4552522920202020204F
:1068F0004D656D4D616E6765204661756C74206FE6
:106900006E20737461636B696E670D0A000000008E
:106910002020284D554E53544B45525229202020BB
:106920004D656D4D616E6765204661756C74206FB5
:106930006E20556E737461636B696E670D0A00009B
:106940002020284441434356494F4C2920202020F1
:1069500044617461204163636573732056696F6C91
:106960006174696F6E0D0A00202028494143435627
:10697000494F4C2920202020496E7374727563742E
:10698000696F6E204163636573732056696F6C6134
:1069900074696F6E0D0A0000205F434653523A201F
:1069A000202020202020307825780D0A00000000CB
:1069B00020737461636B65645F7073723A20307822
:1069C00025780D0A0000000020737461636B656414
:1069D0005F70633A2020307825780D0A00000000AF
:1069E00020737461636B65645F6C723A2020307849
:1069F00025780D0A0000000020737461636B6564E4
:106A00005F7231323A20307825780D0A000000009C
:106A100020737461636B65645F72333A2020307851
:106A200025780D0A0000000020737461636B6564B3
:106A30005F72323A2020307825780D0A000000007D
:106A400020737461636B65645F72313A2020307823
:106A500025780D0A0000000020737461636B656483
:106A60005F72303A2020307825780D0A000000004F
:106A7000206C723A202020202020202020203078F6
:106A800025780D0A000000002073703A2020202095
:106A9000202020202020307825780D0A00000000DA
:106AA0004661756C74204952513A2020202030787C
:106AB00025780D0A0000000000000042C8801F4039
:106AC000B8821F400800000000000042C4801F4040
:106AD000B4821F400400000000C0004224801F4018
:106AE00014821F401000000000C0004228801F4098
:106AF00018821F402000000000C000422C801F4070
:106B00001C821F404000000000C0004234801F4033
:106B100024821F40000100000040004264811F40A9
:106B200054831F40000400000040004280811F4049
:106B300070831F4000000200004000427C811F4023
:106B40006C831F40000001000040004268811F402C
:106B500058831F4000080000004000423C811F4055
:106B60002C831F40010000000040004244811F4070
:106B700034831F40040000000040004240811F4059
:106B800030831F40020000000040004248811F4047
:106B900038831F40080000000000004204811F40AD
:106BA000F4821F40000004000000004208811F40E2
:106BB000F8821F40000008000000004218811F40BA
:106BC00008831F40000080000000004214811F4025
:106BD00004831F40000040000000004200811F406D
:106BE000F0821F400000020000000042FC801F40B5
:106BF000EC821F40000001000000004224811F4081
:106C000014831F40000000040000004228811F4040
:106C100018831F4000000008000000421C811F4034
:106C20000C831F40000000010000004220811F4033
:106C300010831F400000000200000042EC801F4053
:106C4000DC821F400010000000000042F0801F4066
:106C5000E0821F40002000000000004234811F40FD
:106C600024831F40000000400000004238811F4084
:106C700028831F40000000800080004294801F4055
:106C800084821F400000040000C0004290801F402A
:106C900080821F400000008000800042A8801F40CA
:106CA00098821F400000800000800042A4801F40A6
:106CB00094821F4000004000004000426C811F4051
:106CC0005C831F400010000000C0004230801F4065
:106CD00020821F408000000000400042B0811F4021
:106CE000A0831F400000002000400042AC811F40F4
:106CF0009C831F40000000100040004284811F4020
:106D000074831F40000004000040004288811F403F
:106D100078831F4000000800000000422C811F40C3
:106D20001C831F40000000100000004230811F4003
:106D300020831F4000000020000000420C811F4003
:106D4000FC821F40000010000000004210811F4024
:106D500000831F400000200000800042C8811F40C7
:106D6000B8831F400080000000800042C4811F40A3
:106D7000B4831F400040000000800042C0811F40DB
:106D8000B0831F400020000000800042BC811F40F3
:106D9000AC831F400010000000800042D0811F40E3
:106DA000C0831F400000020000800042CC811F40D1
:106DB000BC831F400000010000C0004274801F40DF
:106DC00064821F400000000100C0004280801F401C
:106DD00070821F400000000800C0004284801F40F5
:106DE00074821F400000001000C000426C801F40F1
:106DF0005C821F400000400000C000427C801F40B9
:106E00006C821F400000000400C0004278801F40D8
:106E100068821F400000000200C0004288801F40BE
:106E200078821F400000002000010000FC210020AB
:106E30001200000000060000A86F00600A000000B9
:106E400000020000446F00606200000000070000C4
:106E5000E06E006062000000EE03000038220020B7
:106E600012000000000004EE1022002028000000A4
:106E700000030000DC6E0060000000000103090454
:106E8000C46E00600000000002030904AC6E0060E4
:106E900000000000030309044C2200200000000051
:106EA0000000000000000000000000001603550074
:106EB0005300420020005300650072006900610029
:106EC0006C00000018035400650065006E0073003C
:106ED00079006400750069006E006F000403090406
:106EE00009026200030100C032080B000202020125
:106EF0000009040000010202010005240010010540
:106F0000240101010424020605240600010705826C
:106F10000310001009040100020A00000007050325
:106F2000024000000705840240000009040200023C
:106F3000FF6AFF00070581024000010705010240CA
:106F40000001000009026200030100C032080B00CA
:106F500002020201000904000001020201000524EE
:106F60000010010524010101042402060524060085
:106F7000010705820310000509040100020A000050
:106F80000007050302000200070584020002000951
:106F900004020002FF6AC700070581020002010720
:106FA00005010200020100000A060002EF02014092
:046FB00001000000DC
:106FB400764C697374496E736572740076506F729F
:106FC4007456616C6964617465496E746572727536
:106FD40070745072696F726974790000764C6973C9
:106FE40074496E73657274456E64000076506F72F6
:106FF4007445786974437269746963616C00000054
:10700400785175657565526563656976650000003C
:10701400785461736B5072696F72697479446973DF
:10702400696E6865726974007854696D6572476544
:107034007454696D65724461656D6F6E5461736BF0
:1070440048616E646C650000785461736B507269BA
:107054006F72697479496E68657269740000000022
:1070640075785461736B476574537461636B4869D5
:10707400676857617465724D61726B007854696D0D
:10708400657247656E65726963436F6D6D616E64A9
:1070940046726F6D5461736B000000007851756522
:1070A400756547656E6572696353656E64000000BB
:1070B400707276496E697469616C6973654E65773F
:1070C40054696D6572000000785175657565546189
:1070D4006B654D7574657852656375727369766511
:1070E40000000000785461736B436865636B466FFE
:1070F4007254696D654F75740000000078517565B0
:107104007565476976654D75746578526563757202
:10711400736976650000000070727650726F636563
:1071240073735265636569766564436F6D6D616EF3
:107134006473000078517565756547656E6572699D
:107144006343726561746500765461736B52656D57
:107154006F766546726F6D556E6F726465726564A5
:107164004576656E744C69737400000078546173DD
:107174006B52656D6F766546726F6D4576656E749C
:107184004C697374000000007854696D6572437231
:107194006561746554696D65725461736B000000B8
:1071A400784576656E7447726F757053657442697D
:1071B4007473000076506F7274456E746572437216
:1071C40069746963616C0000765175657565446521
:1071D4006C657465000000007851756575654765D8
:1071E4006E65726963437265617465537461746931
:1071F40063000000765461736B506C6163654F6E7D
:107204004576656E744C6973745265737472696300
:107214007465640078517565756547656E65726956
:107224006352657365740000765461736B506C61CE
:1072340063654F6E4576656E744C69737400000027
:10724400765461736B537769746368436F6E7465C6
:1072540078740000785461736B496E6372656D6570
:107264006E745469636B0000785461736B47657482
:1072740049646C655461736B48616E646C650000AD
:10728400784576656E7447726F7570436C6561728C
:1072940042697473000000007072765461736B4528
:1072A4007869744572726F720000000070635461F3
:1072B400736B4765744E616D6500000078546173AB
:1072C4006B526573756D65416C6C00007654617327
:1072D4006B53746172745363686564756C65720092
:1072E40076506F7274456E645363686564756C653B
:1072F40072000000765461736B44656C6179000020
:1073040070727641646443757272656E745461730D
:107314006B546F44656C617965644C6973740000E7
:10732400785461736B44656C6179556E74696C0053
:1073340070727644656C65746554434200000000C5
:10734400765461736B44656C657465007072764144
:1073540064644E65775461736B546F5265616479EC
:107364004C6973740000000078506F727453746138
:1073740072745363686564756C65720078546173E4
:107384006B47656E657269634E6F746966794672A0
:107394006F6D495352000000707276496E697469CA
:1073A400616C6973654E65775461736B000000000E
:1073B4007072764372656174655374617469635461
:1073C40061736B00785461736B47656E65726963B2
:1073D4004E6F746966790000785461736B47656E0B
:1073E400657269634E6F74696679576169740000E8
:1073F4007851756575655065656B000078517565E4
:10740400756553656D6170686F726554616B650075
:10741400765461736B5072696F72697479446973DD
:10742400696E6865726974416674657254696D65E4
:047434006F757400FC
:10744000000000000000000000000000000000003C
:10745000000000000000000000000000000000002C
:10746000F0B40D4A4FF0010C0C4F0D4E0D4D52E88B
:10747000003F39683468686842E800C3002BF6D1E1
:10748000094D001B4FF47A722C68A4FB0040F0BC3D
:10749000E1FB020319467047F4A80020F0A8002081
:1074A000ECA80020001000E0E8A8002009480A49E4
:1074B0000A4A0B4B126810B40468486800211B6824
:1074C000001B5DF8044BA3FB00304FF47A73E2FB22
:1074D00003017047ECA80020001000E0F0A8002095
:1074E000E8A800202DE9F0434E4D83B04E4C40F209
:1074F000EE284E4FDFF888912E680CF059F923786A
:10750000002B00F081803B78DB077DD52B68D9F814
:1075100000209B1A0E2B77D90A20052506F06EFF56
:10752000012003F05BFD424B024601201A6003F08C
:1075300055FD404B04460022182108201C6003F032
:10754000C9FB3D4B044600220C2101201C6003F0C6
:10755000C1FB3A4B3A4C186003F03EF8394BA4F1AA
:107560001C06186000F050FD00234FF400623649FD
:107570003648CDE90054042504F0DEFB00234FF427
:10758000006233493348CDE90056A4F118060325BB
:10759000203C04F0D1FB00234FF400622E492F4819
:1075A000CDE90056022504F10C0604F0C5FB0023CA
:1075B0004FF400622A492B48CDE9005404F0BCFB8B
:1075C00000234FF4006228492848CDE9005604F111
:1075D000100604F0B1FB1C3400234FF40062244970
:1075E0002448CDE90056012504F0A6FB00234FF402
:1075F000006221492148CDE9005404F09DFB03B00D
:10760000BDE8F04304F056BC2B6822789B1B2AB1DE
:10761000B3F5FA6F80D80CF0CBF86EE74345FAD992
:107620007AE700BFF0A8002057AB002056AB00203F
:1076300014A7002010A700209CA8002098A80020D4
:10764000E45C002018A70020700A0020DD2900005B
:10765000740A0020F1270000780A0020511F000062
:10766000800A0020A51D0000880A0020C108000033
:107670008C0A002065300000940A0020C526000016
:10768000ACA90020704700BF00207047034B18686A
:1076900010B103681B681847704700BF5CA000204A
:1076A0002DE9F04100F5005090B0554C9646554BF1
:1076B0000094C0F810191B6A5348C3F301230468EF
:1076C000403304F080746B4413F8406C4F4B03FB61
:1076D00006F60368B6FBF1F2B6FBF2F543F0A04301
:1076E0004D1B03600368DF01FCD5052A4FF0000C39
:1076F00022D96046831C0130B2FBF3F7192F07FB38
:1077000003F3F7D84FF00108B6FBF3F3CB1A002BC5
:10771000B8BF5B42AB426DDB18BF4FF00008A7F16A
:107720000C03062B02D8B8F1000F66D1052FE1D863
:107730000CF10103B2FBF3F2053A142A4DD8B5F56A
:10774000967F4ADC02EB4202314F6E46DFF8B8808A
:1077500002F14003BEF1020F0DEB03050FCF0FC680
:107760000FCF0FC60FCF0FC697E80F0007C626F83A
:10777000023B4FEA1343337015F83F3C15F83E2C9B
:107780004FEAC34315F8401C4FEA024203F460136A
:1077900001F0070102F4E02243EA020343EA010395
:1077A00043F4800343EA0C6343F48043C8F8043095
:1077B000D8F8043014BF23F0080343F00803C8F8D6
:1077C00004303CB9104A136823F0805313601368E7
:1077D000DB01FCD410B0BDE8F081002CFAD10A4ADC
:1077E000136823F0805313601368D901FCD410B0E0
:1077F000BDE8F08184461D4691E784467AE700BFE4
:107800003C18500000C00F4000801D4040420F0057
:1078100070030020406808B503681B69984700386A
:1078200018BF012008BD00BF00207047002070472E
:107830000820704710490B68486B0A68496B02F0D2
:107840007F02C1F3036101320431B2EB410F10D367
:1078500003F07F03C0F30360053B0130A3EB40035B
:10786000DBB2054A106800F07F000130C01AC0B2D8
:1078700070470023F5E700BF00801D40632970B505
:107880000446154611D001F51C6100EB81014B68DF
:107890000BB11046984704F50054D4F804381BB1D6
:1078A0002846BDE87040184770BD00F50054D4F874
:1078B0000437002BF1D010469847EEE75F4A2DE9D8
:1078C000F84314680546136804F0807443F0A0433D
:1078D00013601368D801FCD511680023584821F0C3
:1078E00000519C46554E116053625649936213688D
:1078F0006246CA600CF1010C8A604A6041F8102BA4
:1079000040F8042B336803F07F0301336345F0D85C
:10791000B2643261F26A336BF26233633368002D12
:1079200047D1DFF81C814FF00069464F434E1BE002
:10793000336803F07F030133B5EB930F2CBF4FF097
:107940008C634FF080633B60736BC3F300439B0712
:10795000C8F8003033680135103708F1040803F027
:107960007F030133AB4219D9336803F07F0301333E
:10797000B5EB530FDCD3C7F8009033689A0004D5F9
:10798000FFF758FFEBB28342E4D31F2D2B4A41D8B7
:107990000123916AAB400B439362DBE73CB9274A72
:1079A000136823F0805313601368DB01FCD4BDE837
:1079B000F88343F000533360356815F000553AD032
:1079C000FFF738FF3368054603F07F030133834236
:1079D000E4D9DFF870804FF00067184E0BE0FFF736
:1079E00029FFEBB298420CD93368013503F07F03CD
:1079F0000133AB42D2D92B0143F8087033689900A8
:107A0000EDD401231F2D03FA05F30CD8B26A1343FA
:107A1000B362E9E7094AA5F1200101238B40516ACD
:107A20000B43536296E7A5F120010123726A8B4054
:107A300013437362D8E73368CBE700BF00801D4073
:107A400080881D4080801D401F281B4A10B423D809
:107A50000123146B834023431363184B4FF00064DE
:107A60000A7A0344C87912051B011C60E8B1086852
:107A700042F4C00220F060405860C8685DF8044BD2
:107A800000BA9860086900BAD860C97A42EA01422F
:107A900042F040621A607047A0F1200C0123D46AC2
:107AA00003FA0CF32343D362D7E70C68044800EAD7
:107AB00084405860E1E700BF00801D4008D8010401
:107AC0000000FC1F2DE9F04300F500578DB004467F
:107AD00097F8003713B9012387F80037238B9BB23F
:107AE000002B57D1D7F80C2904F580566E4B02F0C5
:107AF0001F0103EB521301229B008A401A60B6F863
:107B00001E3B9BB283B3B6F81A3B1A2206ADEC4675
:107B100003F00F03AE4602FB034341F6323203EBA0
:107B200002089858D8F80410D8F80820D8F80C3073
:107B30000FC5D8F81000D8F8141003C5BEE80F0020
:107B4000ACE80F009EE803008CE803009DF91400E8
:107B5000431C51D0554B03441B011B6803F0706359
:107B6000B3F1006F00F08580D7F80C29504B02F07C
:107B70001F0103EB521301229B008A4000211A606F
:107B8000208BB6F81E3B80B29BB243EA00300DB0AA
:107B9000BDE8F083A68A1A23B4F814C006ADF6B285
:107BA0000CF1010C03FB0646CCF3080CD6F81C01C3
:107BB000D6F82011D6F82831D6F824210FC5D6F8EA
:107BC0002C01D6F83011A4F814C0238B9BB203C546
:107BD0001BB1238B013B9BB2238306AD6E460FCDB9
:107BE0000FC695E803006A4686E8030020469DF824
:107BF0001410FFF743FE75E72E4D286810F0005073
:107C00004FD0FFF717FE2B6803F07F030133984234
:107C1000AAD20130DFF8A090DFF89880C5B208E062
:107C2000D8F800306A1C03F07F030133AB421546DD
:107C30009AD92B0153F8093003F07063B3F1006F48
:107C4000EED1681E6946C0B2FFF7FEFEB6F81A3BD9
:107C5000013303F01F03A6F81A3BB6F81E3B9BB294
:107C6000002BDDD0B6F81E3B013B9BB2A6F81E3BB5
:107C7000D6E76946C0B2FFF7E7FEB6F81A3B013314
:107C800003F01F03A6F81A3BB6F81E3B9BB2002B6D
:107C90003FF46AAFB6F81E3B013B9BB2A6F81E3B11
:107CA00062E72B68B5E700BF6038003808D80104E8
:107CB0004038003800801D4070801D4070B50E4E69
:107CC00005460C464FF0FF31306803F069FA00B901
:107CD00070BD2A460A21094805F0DEFD22460B2127
:107CE000064805F0D9FD002330681A461946BDE85C
:107CF000704003F023B800BFC0A0002058640020EB
:107D00002DE9F04FDFF868B195B0DFF868A104F015
:107D1000ABFA514E039006F0F7FB504B80464FF004
:107D2000FF31186803F03CFA002840F08A804C4F7D
:107D300004AC0DF1500917F8015B30462946257057
:107D400005F0CEFD034600286CD16370294630460D
:107D5000203405F0C5FD03462946304604F81E3C94
:107D600005F0CCFD03462946304644F81C3C05F09E
:107D7000D3FD294604ED060A304605F0C5FD294627
:107D800004ED050A304605F0DFFD294604ED040A3E
:107D9000304605F0E1FD294604ED030A304605F0C2
:107DA000C3FD294604ED020A304605F0C5FD4C45E9
:107DB00004ED010ABFD106F0A7FB4FF0FF310446E6
:107DC000DBF8000003F0ECF910B3A4EB08030DF1AD
:107DD000100C244C0CAF07EE903ABCE80F000FC417
:107DE0009CE80F0004F11005F8EE677A84E80F00B4
:107DF0000FCF0FC597E80F0085E80F0000231A4A40
:107E00001946C2ED007ADBF800001A4602F096FF30
:107E1000DAF80C30052103A80133CAF80C3004F05D
:107E20009DF978E7114B294630461B68019305F010
:107E30005FFD019B1B1AB3F5FA7F2CBF00230123C2
:107E400083E7304605F008FD002304481A4619462A
:107E5000006802F073FF6AE758640020C0A00020A9
:107E600074060020485C0020885C0020F0A80020F8
:107E700014A70020E85C0020F0B55A4B83B05A49A3
:107E80000022019305460B6AC3F3012308336B44B8
:107E900013F8043CC0E90122C0E90322002B00F0E2
:107EA000888005F5005550499A22504B1920C5F895
:107EB0000C290027D1F884204D4E42F470724D4CAD
:107EC000C1F88420032241F2B00185F815294A4AFD
:107ED000C3F8A400C3F89412C6F88C73C3F8A800C2
:107EE000C3F89812136823F000431360136843F03B
:107EF000A0431360414BC4F8A8321368DC01FCD5E1
:107F000053683D4943F008035360136843F08043CE
:107F100013600B68D802FCD40B68374A43F0007337
:107F20000B6013689901FCD4334C2368DA01FCD54B
:107F30002368002043F400332360236843F4803334
:107F40002360236843F480532360236843F4005381
:107F50002360236843F480032360236843F40023F1
:107F60002360236823F408432360636B43F4E02316
:107F70006363236843F400132360236843F0806342
:107F80002360FFF79BFC23681B4A23F08053236088
:107F90001368DB01FCD4D5F80C290121184B03EB45
:107FA000521302F01F029B0001FA02F21A6003B0A2
:107FB000F0BD0B6A134A23F47F73106843F4807397
:107FC0000B6200283FF46DAF0B4A05F500550368BE
:107FD0005268D5F81019C2F3C0025B685200984786
:107FE00061E700BF3C18500000C00F4000801F40F8
:107FF00000841F400024002000801D404D0200002E
:10800000403800385CA000202DE9F04101203C4CB4
:1080100002F0E4FF3B4B02463B481A60FFF72CFF9F
:1080200000223A493848FFF73BFB236843F0A0435E
:1080300023602368D901FCD500202568FFF73EFCAA
:10804000E26A236BE262AA002363236823F07F03C2
:108050002360236843F01F0323604DD4284B1A6824
:1080600022F080521A601C6814F08074FBD1DFF893
:10807000A4800127224D244E09E0FFF7DBFBE3B289
:10808000984207D9013408F11008102C2ED02B6823
:108090009B00F2D4A86A07FA04F200214FF08C6C1E
:1080A00020EA020004EB4403013408F11008A8623E
:1080B00006EBC30358F8100C48F80C1C03F50453E6
:1080C00048F8081C48F8041C48F810CCA968296B2B
:1080D0000A432A6358F8102C12F4C00F14BF01226F
:1080E0000022102C4FEAC2621A60D0D1074908481A
:1080F000BDE8F04105F0AABB0120FFF7DFFBADE7CB
:1081000000801D40C0A00020182B002090D003004C
:108110005864002080801D4000F58053D3F8003E55
:10812000DB0068D5364B2DE9F0435C6B4FF0000E59
:1081300041F60465C4F30364E40008340AE0DCF8A3
:108140000020520F052A33D00EF1010E5FFA8EF394
:108150009C4252D90EEB4E0300EBC30606F5F05CD1
:10816000DCF80020520F012A0FD0DCF80020520F5B
:10817000022AE4D173598B42E6D841F60863F358DA
:108180008B42E1D30120BDE8F0835E000023DCF8E0
:108190000020C2F3C2129A4203F1010306EB03026C
:1081A000D2D902F5F06250F822208A42EFD1E9E7F5
:1081B000DCF8002012F4607FC6D041F614675B0043
:1081C0003744012606E0DCF80020C2F3C212013277
:1081D000B242B9D99A19D7F80080013602F5F06297
:1081E00008EA010850F82220D7F8009002EA0902B4
:1081F0009045E8D1C6E7012070470020BDE8F08334
:1082000000801D402DE9F04F8C468DB00F4605468D
:108210006C46064600F110084FF00109DFF810A186
:10822000BCE80F000FC49CE8030084E8030056F884
:10823000044F5CB19DF91420A36809FA02F11942B8
:1082400056D02368D3F800B0D3454CD1B045EED119
:1082500005F5005393F80037002B60D0EE8A4FF0FD
:108260001A0C386806AC7968F6B2BA68FB680CFB81
:1082700006560FC4002338697969182286F81A3126
:10828000EB8A0DEB0206DBB20CFB035303C483F84D
:108290001B21EC8AE4B20FCE0CFB0454C4F81C0181
:1082A000C4F82011C4F82421C4F8283103CEC4F83E
:1082B0002C01C4F83011EA8AAB8A92B29BB283F4E3
:1082C00080739A4225D0EB8A0133C3F30803EB8213
:1082D0002B8B9BB2FF2B03D82B8B01339BB22B83B1
:1082E0000DB0BDE8F08F9DF8153069462046D8479F
:1082F000237C0F4A002BA9D02368D3F800B09DF847
:1083000015309345A2D020464FF0FF326946D8473A
:108310009CE7AB8A0133C3F30803AB82D3E73A4649
:10832000397D2846FFF7AAFA0DB0BDE8F08F00BFEF
:108330004902000001EB410170B500EBC10505F5F4
:10834000045EDEF80030DB0045D5DEF800305B0F60
:10835000012B0BD0DEF800305B0F022B3DD0DEF896
:1083600000305B0F052B15D0002070BD00234C00A2
:1083700005E00CF5046C50F82C1091422BD0DEF87F
:108380000010C1F3C21C9C4503F1010304EB030C74
:10839000EFD8E9E7DEF8003013F46073E4D042F27E
:1083A000141449004FF0010C2C4406E0DEF80030B4
:1083B000C3F3C21301336345D6D901EB0C0325681F
:1083C0000CF1010C03F50463154050F823302668C6
:1083D00033409D42EAD1012070BD42F20413EB58B4
:1083E0009342C1D842F20813E858904234BF0020AB
:1083F000012070BD00F5005393F80137002B00F009
:10840000D380DFF854C22DE9F04F0D4689B00646FF
:108410000F4602AC0FCD0FC495E8030084E80300BB
:10842000DCF800309B0050D5DCF834300024C3F376
:10843000036A4FEACA0A0AF1080A0CE05B0F022B32
:108440002B6800F094805B0F052B00F0D580013481
:10845000E3B2534539D297F91430632B35D004EB8E
:10846000440806EBC80909F5F0552B68B3F1005F25
:10847000EDD32B685B0F012B2B68DFD1C3F30043D7
:10848000FA799A42E3D12B6813F4607FDFD04FEA88
:1084900048084FF000094FF0630B04E02B68C3F36A
:1084A000C2134B45D3D909F10109029A08EB09031C
:1084B00003F5F06356F823309A42EFD102A9304613
:1084C0008DF81CB0FFF79EFEE8E70023624D8DF8A3
:1084D0000E302C6814F0005435D0FFF7ABF92B6840
:1084E000044603F07F030133984229D2DFF8688104
:1084F00097F91430A3421BD004EB440106EBC102F0
:1085000002F504552B68B3F1005F11D32B68F8799D
:10851000C3F3C06398420BD12B685B0F012B2B6810
:1085200043D05B0F022B10D02B685B0F052B5BD069
:10853000D8F80030013403F07F030133A342D7D8C9
:1085400009B0BDE8F08F2B68D0E742F20413D15890
:10855000029B8B42ECD342F2081152589342E7D867
:1085600002A930468DF81C40FFF74CFEE0E7C3F34C
:108570000043FA799A427FF46AAF41F6046359F8EE
:108580000320029B9342FFF462AF41F6086259F860
:10859000022093423FF65BAF632302A930468DF879
:1085A0001C30FFF72FFE52E7704713F4607FBFD0F7
:1085B0004FEA41094FF0000A04E02B68C3F3C213ED
:1085C0005345B5D90AF1010A029A09EB0A0303F5EA
:1085D000046356F823309A42EFD102A930468DF851
:1085E0001C40FFF70FFEE8E7029AE1B23046FFF7C2
:1085F000A1FE00289CD0B3E72B6813F4607F3FF402
:1086000026AF41F61465E3B24FF0010B4D440193E0
:108610000AE009F5F0530BF1010B1B68C3F3C21319
:1086200001335B457FF613AF0BEB480329680298D3
:1086300003F5F063014056F823302868034099425F
:10864000E7D1019B02A930468DF80E3063238DF8E7
:108650001C30FFF7D7FDDCE700801D402DE9F04F0F
:10866000954D9BB0954E08AC03900FCD0FC495E887
:10867000030084E80300D6F824A0B16AD6F82C9051
:10868000306B3368019113F40043029003D13268D8
:10869000940000F11B81029B43F00103B9F1000F2C
:1086A00000F00581B9FA89F3844DC3F140032C68C9
:1086B000DBB214F00054009300F06E82FFF7BAF8BA
:1086C0002B68044603F07F030133984280F0C38097
:1086D000009B834240F2BF80039B04F60226DFF832
:1086E000DCB1A4F1200703F5005203EB86060492E7
:1086F00018E0B1F1806F00F05D81B1F1006F00F022
:10870000F081DBF8003001340137043603F07F03D9
:108710000133A34240F29F800135009BEDB2AB4292
:1087200040F29980C4F12001019BA4F12002E5B23E
:108730000AFA01F0E34003432AFA02F00343D807A0
:10874000DFD5029B09FA01F129FA02F2E3400B435B
:108750001343D907D5D55A4B4FEA041803EB04123B
:1087600058F8033003F0306003F07061B0F1007F1F
:10877000BFD1506803F4001C20F06040BCF1000F32
:1087800012BF4FF0010E4FF0000E800CB1F1C06F20
:108790008DF827E0089002D101218DF82910ADF85D
:1087A0002430C3F303438DF83440BCF1000F8DF83F
:1087B0002B30049B93F815398DF8353093688DF87C
:1087C0002F3093684FEA13238DF82E3093684FEAC9
:1087D00013438DF82D3093684FEA13638DF82C30D6
:1087E000D3688DF83330D3684FEA13238DF83230D5
:1087F000D3684FEA13438DF83130D368304A4FEADB
:1088000013638DF830300CBF4FF080634FF08C63F2
:108810001F2C48F80230DBF808304FF0010334D841
:10882000DBF83020A340294603981343CBF83030BF
:10883000089AFFF77FFD002834D108A90398FFF7B5
:10884000D9FD08A8AFF3008008A8AFF3008008A8FE
:10885000AFF3008055E7194A1A48116A02681A4BAB
:108860004A40134043B1039B03F58053B3F8D42C23
:1088700092B20F2A40F29481104A136A0B4313629A
:10888000BFF34F8F1BB0BDE8F08FDBF82C20BB404F
:10889000294603981343CBF82C30089AFFF74AFD7A
:1088A0000028CAD008A90398FFF7ACFCC5E7B3FAC3
:1088B00083F32033F8E600BFB003002000801D40A2
:1088C00080801D40C8A20020BFFF07008A067FF5F8
:1088D000E2AE87067FF5DFAED6F88020AF4C02F41B
:1088E0000011C2F30050ADF824200029C2F3034167
:1088F0004FEAD2528DF82B10D6F884108DF828004C
:1089000018BF012021F0604108BF00208DF826200B
:108910004FF0000208BF890C8DF827000CA80891C1
:10892000D4F88810D1400832202A00F8011DF7D170
:108930000DA89A49D1F88C20DA400833202B00F892
:10894000012DF7D1039B03F5005393F815398DF8EA
:10895000353063238DF834308B680B6B43F0200384
:108960000B63029B5D0603D50B6B43F040030B6367
:10897000029B1C0604D5894A136B43F080031363E2
:10898000039C08A92046FFF735FD08A8AFF3008037
:1089900008A8AFF3008008A8AFF30080089920462C
:1089A000FFF7BAFB00283FF476AE08A90398FFF75B
:1089B00029FC70E603F4001100295168ADF8243059
:1089C000C3F3034321F060418DF834408DF82B3020
:1089D00018BF0120039B04BF890C002003F500533E
:1089E00008918DF8270019460593336891F81519F9
:1089F0008DF8351091688DF82F109168090A8DF85F
:108A00002E109168090C8DF82D109168090E8DF8C3
:108A10002C10D1688DF83310D168090A8DF8321006
:108A2000D168090C8DF83110D268120E8DF8302003
:108A30000BB108A89847059BD3F808390BB108A8D3
:108A40009847039901F58052B2F81E3B07929BB2FA
:108A5000002B00F00081B2F81A3B1A220DF1500CE5
:108A600003F00F03E04602FB031341F632320EA976
:108A70000591991898580B464968DDF814E09A68F2
:108A80000693DB68ACE80F00069B18695969ACE8EF
:108A90000300B8E80F00AEE80F0098E803008EE886
:108AA00003009DF94C305A1C02D09C427FF429AE41
:108AB00005992846FEF7C8FF079AB2F81A3B01331A
:108AC00003F01F03A2F81A3BB2F81E3B9BB2002B27
:108AD0003FF417AEB2F81E3B013B9BB2A2F81E3B1F
:108AE0000FE603F4001100295168ADF82430C3F3F8
:108AF000034321F060418DF834408DF82B3018BFCE
:108B00000120039B04BF890C002003F5005308914A
:108B10008DF8270019460593336891F815198DF8DB
:108B2000351091688DF82F109168090A8DF82E1074
:108B30009168090C8DF82D109168090E8DF82C1094
:108B4000D1688DF83310D168090A8DF83210D168D8
:108B5000090C8DF83110D268120E8DF830200BB14F
:108B600008A89847059BD3F808390BB108A898477F
:108B7000039901F58052B2F81E3B07929BB2002B7D
:108B80007FF469AF1F2C054A4FF0010377D8116BB2
:108B9000A3400B431363B4E52B689DE500801D40A3
:108BA000B3F8D42C92B20F2A05D8B3F8D42C0132E2
:108BB00092B2A3F8D42CB3F8D22CB3F8D24C02F072
:108BC0000F02A4B203EB8202C2F8D81CB3F8D02C77
:108BD00092B282F01002944206D1B3F8D02C013246
:108BE00002F01F02A3F8D02CB3F8D22C264C01328D
:108BF00002F01F02A3F8D22CE469B3F89C2DA4B2B2
:108C000092B20F2A05D8B3F89C2D013292B2A3F884
:108C10009C2DB3F89A2D02F00F0203EB4202A2F84A
:108C20009E4DB3F89A4DB3F8982DA4B292B282F04B
:108C30001002944206D1B3F8982D013202F01F02BF
:108C4000A3F8982DB3F89A2D0160013202F01F02AB
:108C5000A3F89A2D10E61F2C0B4A4FF0010309D8F8
:108C6000116BA3400B4313634FF00063074A48F8AE
:108C7000023046E5D16ABB400B43D362F4E7D16AC8
:108C8000BB400B43D3623CE500801D4080801D400B
:108C900070B50C46054686B0086805F5805C4968E5
:108CA000A268EE46E3681A26AEE80F00BCF81C3B4B
:108CB0000022206903F00F03616941F6303406FB9E
:108CC00003C383F8302B1822BCF81C3B03F00F03BE
:108CD00006FB03C383F8312BBCF81C3B03F00F03E6
:108CE000AEE8030006FB0355EE462C44BEE80F0039
:108CF000C4F80200C4F80610C4F80A20C4F80E3004
:108D0000BEE80300C4F81200C4F81610BCF81C2B0F
:108D1000BCF81A3B92B29BB283F010039A4206D180
:108D2000BCF81A3B013303F01F03ACF81A3BBCF844
:108D30001C3B013303F01F03ACF81C3BBCF81E3B8B
:108D40009BB20F2B05D8BCF81E3B01339BB2ACF88D
:108D50001E3B06B070BD00BF8B7D70B50D4686B062
:108D600004463B4E002B3DD1336813F0005324D012
:108D7000FEF760FD3268034602F07F020132904246
:108D80001DD201333348324EDAB206E0336803F0C5
:108D90007F03013393420A4611D91301511C1B581A
:108DA00003F07063B3F1006FF0D1501E2946C0B2DA
:108DB000FEF74AFE012006B070BD3268E1E76E465C
:108DC0004FF0FF0C0FCD0FC695E8030086E80300B7
:108DD000204669468DF814C0FFF75AFF4FF0FF3068
:108DE00006B070BD306810F000502FD0FEF722FDA5
:108DF000336803F07F030133984218D2164A144EA9
:108E000006E03368013003F07F03013383420ED95B
:108E1000030102EB00119B581B01F2D50B6884463D
:108E200003F07063B3F1006F0AD06E46CAE70949D8
:108E30004FF0FF3C0B6803F07063B3F1006FF4D1A7
:108E400029465FFA8CF0FEF7FFFDB3E73368D5E7FC
:108E500000801D4070801D4080801D40264A38B52E
:108E6000136813F0005345D0136805460C4613F4FD
:108E7000004302D1926A92063CD41F4A136B13F04E
:108E8000200337D0D2F88030C3F30341C3F300503E
:108E9000A380E172D2F8841003F400122072DB0D7B
:108EA000002A21F0604112BF01220022890CE271E8
:108EB000114A216005F50051D2F8880000BAE0603F
:108EC000D2F88C0000BA206191F81519A3716323C0
:108ED0006175237513681B0403D4136B43F02003DF
:108EE000136321462846FFF785FA21682846FFF7D5
:108EF00013F938BD184638BD00801D407C4B2DE964
:108F0000F0471F6881468A4617F0005702D0FEF7E7
:108F100091FC0746764C09F50056236896F814092B
:108F200003F07F030133984200F2DD800325DFF870
:108F3000C48156E0002A5CD0B2FA82F3C3F1400348
:108F4000984253DB206810F0005001D0FEF772FC0D
:108F5000013D86F8140915F0FF0500F0C480236870
:108F60009A0005D5874203D9781EC0B286F8140945
:108F7000236803F07F03013398420CD3206810F07C
:108F8000005001D0FEF756FC013D86F8140915F09B
:108F9000FF0500F0A880D4F824C0C0F12001A36A26
:108FA000A0F120020CFA01F1C3402CFA02F20B43AB
:108FB0001343DB070AD400EB08031B011A681101F5
:108FC00004D402F03061B1F1007F16D00130C0B29C
:108FD00086F81409236803F07F030133984200F2F6
:108FE0008280E26A236B53EA0201A3D196F8140946
:108FF000B5E7B3FA83F32033A0E7C2F300518AF850
:10900000081002F40011002914BF012100218AF880
:109010000710596821F0604108BF890CCAF8001098
:1090200002F07061B1F1C06F02D101218AF809101C
:10903000C2F303418AF80B1096F81419481C86F8FD
:1090400014098AF81410AAF8042096F815299AF839
:1090500007108AF815209A6800298AF80F2008BF9F
:109060004FF080619A6818BF4FF08C61120A8AF83D
:109070000E209A68120C8AF80D209A68120E8AF84F
:109080000C20DA688AF81320DA68120A8AF81220AB
:10909000DA68120C8AF81120DA68120E8AF81020A9
:1090A00019609AF91420A368D3B21F2B13D8012397
:1090B0009340226B1343236351464846FFF79AF9C6
:1090C000DAF800209AF814104846FFF733F968B927
:1090D00096F814097AE70122203B02FA03F3E26AC8
:1090E0001343E362E8E70020BDE8F0870120FBE7D7
:1090F00000801D4008D801040246002038B50C4607
:109100000221556805F0EEF818B90B4B1A6891006A
:1091100007D421462846FFF7F1FE003818BF01208A
:1091200038BD9A6A9206F4D41B6B9B06F1D5214692
:109130002846FFF793FEF0E700801D4010B41A4A5E
:1091400000231A4C42F6101C194902F58050146095
:10915000184C938242F80C309444D38222601383DB
:109160004A6002F50052144C82F81439A0F81A3BF8
:109170000C60A0F81C3B5DF8044BA0F81E3BA0F867
:10918000D03CA0F8D23CA0F8D43CA0F8983DA0F880
:109190009A3DA0F89C3D094882F800374CF8043C01
:1091A00082F8013704F046BB182B0020800600200F
:1091B000C85D00205CA00020A406002058640020A8
:1091C00008B5054804F0D0FB044804F0CDFB044882
:1091D000BDE8084004F0C8BBD05D0020E05D002081
:1091E000DC5D00202DE9F04F02218BB02620DFF856
:1091F00098B105F0C5F902212820DFF890A105F00B
:10920000BFF90221132005F0BBF90221272005F048
:10921000B7F903F029F803903CE08146064605467D
:109220004FF00003504A04A909948DF81030002330
:1092300010681A46CDE90579CDE9076501F07EFD94
:1092400005F062F9494B80464FF0FF31186801F094
:10925000A7FFB0B101990023444AA8EB0108444993
:1092600010681A4607EE908ACBF80860F8EE677A25
:10927000CBE90079C1ED007A1946CBE9035401F03E
:109280005DFDDAF80030142103A80133CAF800307C
:1092900002F064FF05F038F901902620002705F060
:1092A0005DF90646282005F059F90546132005F01A
:1092B00055F90446272005F051F9B6FA86F1B5FABA
:1092C00085F2B4FA84F34909B0FA80F0520961F3E7
:1092D00007075B0940094FF0FF3162F30F2763F383
:1092E0001747244B60F31F67186801F059FF0446C5
:1092F000002892D01B2005F029F800231D4A814642
:10930000194610681A4601F019FDB9F5967F27DD58
:10931000B9F52F7F1EDAA9F59676174B45F2B86599
:1093200040F69802C6EB86261449154CA3FB063678
:10933000F609731E03FB05F502FB03F36D085B08DA
:10934000A1FB0525A1FB03232D0AA4EB132405F59E
:10935000E16565E745F6C0550A4C40F2FF365FE728
:109360000026354634465BE79CA8002014A7002061
:10937000A45C002010A700201F85EB511120408025
:10938000F8F8FFFF60F0FFFF905C0020E85C002031
:109390002DE9F04FDFF898A1DFF898915A4EDFF8E9
:1093A00098815A4F2DED048B9FED599A85B0DFEDD2
:1093B000599A02F059FFDFED588A9FED588A0090C4
:1093C00005F0A2F80022834601A9DAF8000001F0B6
:1093D000DFFF012800F0818000250021D9F800007E
:1093E00001F00AF9C4056BD4410508D544F2506375
:1093F0009D42A8BF1D464A4B9D42B8BF1D46002D49
:109400005ED0D6ED007AF5EE407AF1EE10FA13D088
:10941000F5EEC07AF1EE10FACCBF01220022002D49
:10942000D4BF002301239A420BD0B0EEE77AB4EE0A
:10943000E87AF1EE10FA04D8002D78FEA97AC6ED8C
:10944000007A07EE105AB8EEC77AB4EEE77AF1EE7A
:1094500010FA3ADD77EE897A87FE677AF1EE477A7D
:1094600086ED007AFDEEE77A17EE901A0846FEF7D1
:1094700025FC05F049F84FF0FF310446D8F800000C
:1094800001F08EFEA0B1A4EB0B04264B264A07EE9A
:10949000904A26491D600023F8EE677AD8F800004C
:1094A000C2ED007A32680A601A46194601F046FC9D
:1094B000BB68142168460133BB6002F04FFE7FE7B2
:1094C000002186ED008A0D46D0E70FD4F1EE677AD1
:1094D000FDEEE77A17EE901AC8E702F0C5FE039B8F
:1094E000C01AC8283FF678AF029D76E777EEC97AB2
:1094F00087FE277AF1EE477A86ED007AFDEEE77A6D
:1095000017EE901AB2E700BFD45D0020E85C00209F
:109510000000A0420000E1C40000E144000000009F
:10952000B0B9FFFFAC5C0020B05C0020A85C00205C
:1095300098A8002018A7002014A700200FB410B589
:10954000134C40F2FE5382B02168994204DD02B010
:10955000BDE8104004B070470E4805AB049A0844BB
:10956000C1F5C061019308F04BF900280DDD2368B7
:1095700018442060B0F5C06FE9DB40F2FF53236070
:1095800002B0BDE8104004B070472068F2E700BFA9
:10959000505E0020545E00202DE9F04F2DED108B21
:1095A000F9B0DFF868A300214FF4A87224A808F0EE
:1095B0004FF94FF0FF31DAF8000001F0F1FD00281B
:1095C00040F0AC819FEDC2AA0446DFF844B30646E2
:1095D000F0EE4AAADFF83CA3B0EE4ACADBF800106E
:1095E000F0EE4ACA8046B0EE4A9A0746B94ACAF82F
:1095F00000001E901F909FEDB2DBCDE92200CDE967
:109600001600B0EE4DEBB0EE4DFB8DED20DBCDE95D
:109610001800CDE91A00CDE91C00AF4B009424AC32
:10962000DFF8F4922546CDE90106AC480026FFF7A5
:1096300085FFAB4913948DED0EEB8DED10FB8DED99
:1096400014DB9FEDA18BF0EE6CDAF0EE49EAF0EE60
:109650004CCAF0EE4AFAB0EE6ACA9FED99BB95ED9E
:109660000A2A484695ED0B3A2035B7EEC22A95ED09
:10967000044AB7EEC33A95ED055AB7EEC44A95EDE4
:10968000066AB0EEC20B95ED077AB0EEC31B6C68AC
:10969000B7EEC55A6B78B4EEC80B2A78B0EEC49B0F
:1096A0000094B0EEC5ABF1EE10FAB4EEC81BB7EE05
:1096B000C66A88BFB0EE4B2BF1EE10FAB4EEC89B31
:1096C000B0EEC60B88BFB0EE4B3BB7EEC77AF1EEFB
:1096D00010FAB4EEC8ABB0EEC71B88BFB0EE4B4B70
:1096E000F1EE10FAB4EEC80B88BFB0EE4B5BF1EEB2
:1096F00010FAB4EEC81B88BFB0EE4B6BF1EE10FA57
:109700008DED022B88BFB0EE4B7B8DED043B8DEDD4
:10971000064B8DED085B8DED0A6B8DED0C7BFFF735
:109720000DFF70490EB9012699E741466E48F0EEEB
:109730004CAA139CB0EE6E9A6C4EB0EE6CCA6EAD35
:10974000F0EE6DCA0DF1D808B0EE6FAA9DED0EEBEC
:109750009DED10FB9DED14DBFFF7F0FE199B1E99AC
:1097600002931A9B624801931B9B0093DDE91C3214
:10977000FFF7E4FEB7EEC94AB7EEEC5A9FED5D7A0B
:10978000B7EECCCA179BB0EEC43B18992AEE877A85
:109790000693DBF800205848B7EEC77AD21B574F24
:1097A0009FED499B9FED468BB0EEC76BB4EEC93B76
:1097B000B0EEC53BF1EE10FAB4EEC93B88BFB0EE97
:1097C000484BF1EE10FA8DED004B88BFB0EE485BD0
:1097D0008DED025BB0EECC5BB4EEC95BF1EE10FA3E
:1097E000B4EEC96B88BFB0EE48CBF1EE10FA8DED48
:1097F00004CB88BFB0EE487BC82A8CBF0022012270
:109800008DED087BFFF79AFEB4EEC9DBB7EECAAA6E
:10981000229B1699F1EE10FA3948B0EECA6B02930A
:109820009DED207B88BFB0EE48FBB4EEC97B53ECC6
:109830001F2BF1EE10FAB4EEC96B88BFB0EE48EB07
:10984000F1EE10FA8DED00EB88BFB0EE48AB8DED78
:1098500004ABFFF773FE239A1F992A48FFF76EFEA9
:1098600094F8D8303846ABB195ED007AD4F8DC30B6
:10987000B7EEC77A94F8D9203168B0EEC76BB4EE72
:10988000C96BF1EE10FA88BFB0EE487B8DED007B1E
:10989000FFF754FE0834043604354445E0D11A4835
:1098A000FFF74CFE40F2FE53DAF80010994240F305
:1098B000E98079B0BDEC108BBDE8F08FAFF300808C
:1098C0000000000000000000FFFFFFFFFFFFEF7F30
:1098D0000000000080040020880400209004002084
:1098E000F8120020480500204C05002050040020FC
:1098F0005805002066666640980500204C0600204A
:10990000F0050020300600207006002014A700207B
:10991000F0A80020505E0020DC0400205D4B0DF11B
:109920009C0C5D490DF1B00E93F8008034AF5B4B99
:109930005B4A1C68DFF8C0B15A4B0D7892F8009072
:1099400093ED008A584E09F1FF39BBE80F00ACE8EF
:109950000F00DBF800305FFA89F9DFF8A0B1CCF82E
:1099600000300FCEAEE80F0006F1100C96E80F00A5
:109970008EE80F00BCE80F000FC79CE80F0087E8D7
:109980000F00482249493CA804F030FE48224849CB
:109990005AA804F02BFE474B474A1B6812686E9387
:1099A000464B1F921B68464A6F93464B16781B68BE
:1099B000454A7093454B17781B68DAF8000071939D
:1099C000434BDFF83CA11B687293424B1B687393B7
:1099D000414B1B687493414B1B687593404B1B684C
:1099E0007693002319461A4601F0A8F90023012DA9
:1099F0002397CAF800309DF89C309DED3C9A1E9349
:109A00009DF89D30DDED3DCA1D939DF89E309DED86
:109A10003ECA1C939DF89F30DDED49AA1B93299BFC
:109A20009DED44AA1A93289BDBF8001019939DF82A
:109A3000FC304C9F18939DF828319DED42EB179315
:109A40009DF81431B0EECE7B16939DF815319DED47
:109A500040FB8DED207BFDEEC87A2293B0EECFDB8C
:109A600017EE900A08D11F4AB9F1020F3FF6D5ADA3
:109A70001D4B53F82930D1E51C4A1D4B022D18BF50
:109A80001A46F1E71B4879B0BDEC108BBDE8F04FEA
:109A900005F02CBF42AB002043AB0020AC5C0020A3
:109AA00044AB0020A85C0020485C002080280020F7
:109AB0000C5D0020A45C0020C05C0020B85C00208D
:109AC00046AB0020B05C002045AB0020885C002045
:109AD000585D0020BC5C00208C5C0020D85D00201C
:109AE000545D002074040020E0030020780400206E
:109AF00080040020545E0020905C0020F0A800202C
:109B0000505E00202DE9F04F3C4C85B03C4E0025C6
:109B1000DFF8109102F0A8FBDFF80CB1DFF80C8140
:109B2000039004F0F1FC074605F076FE80B105F0E5
:109B3000B7FEC0B20D28F7D00A28237821D05E2BBB
:109B400021D8F0540133237005F066FE0028EED1D1
:109B500099F800304BB3FFF71FFD04F0D5FCC01B94
:109B6000D8F81C30322107EE900A03A80133F8EE32
:109B7000677AC8F81C30234BC3ED007A02F0EEFA86
:109B8000CFE7F5540BB92570CEE71F491C4807F005
:109B900067FE82460028F6D01C4907F061FEE0B15E
:109BA0000123257089F80030BEE7194ADBF8001060
:109BB0001268521AB2F5FA7FCFD3164A14491360CD
:109BC0000B6815480968CBF80030FFF7B7FC114A5D
:109BD0001248116805F08AFEBFE70190504610490F
:109BE00007F03EFE0028CED0019B257089F800309A
:109BF000074B1B68CBF8003096E700BF48AB00204E
:109C000060A00020D85D0020EC030020F4030020B9
:109C1000F0A80020505E002004040020545E0020C4
:109C2000FC03002049AB00205C5D0020E85C0020C4
:109C30002DE9F04F002791B0DFF8D8813E46DFF8DC
:109C4000D8916B4C0397CDE9047749E04FF00002BF
:109C5000684B02254FF0000A1A700023ADF81C5023
:109C6000D346089302F000FB09902B46624800227D
:109C700007A9006801F062F80321D9F8000000F09C
:109C8000BBFC0421D9F8000000F0E0FC04F03CFC2F
:109C90004FF0FF310190D8F8000001F081FAE0B1F7
:109CA0005649D8F80000DDE901329B1A544A157074
:109CB00007EE903A534AF8EE677A534B82F800B0B9
:109CC000524AC3ED007A0023C2F800A0494A127834
:109CD0000A701A46194601F031F86368013363606F
:109CE0004B4B64220AA9186801F096F9012854D058
:109CF00000273E460397CDE9047704F005FC4FF0BA
:109D0000FF310290D8F8000001F04AFA002853D140
:109D10000021D9F8000000F06FFCC30596D426B3EB
:109D2000344A1378002B4FD1049BB3F5967F01DCA6
:109D3000012313704FF0000AD34601258DF81DB0A2
:109D4000CDF820A08DF81C5002F08EFA0990022365
:109D50002948002207A9006800F0F0FF0621D9F881
:109D6000000000F049FC29468CE7224BB246ADF8D2
:109D70001C60B3461E703546089602F075FA0990CD
:109D800002231D48324607A9006800F0D7FF0721CB
:109D9000D9F8000000F030FC78E79DF82830002B5F
:109DA000ABD19DF82D309DF82C6003930C9B0F9F39
:109DB00004930E9B0593A0E70023D8F800001A46F1
:109DC000194600F0BBFFA3E7039B3BB9059BB3F12A
:109DD000000B9A4618BF4FF0010BAEE7B7F1000B2E
:109DE000BA4618BF4FF0010B4FEA4B0BA5E700BF77
:109DF000E85C002047AB002098A8002042AB002080
:109E000043AB002044AB0020B85C0020B45C0020D1
:109E10009CA8002014A7002018A70020A34AA44B48
:109E20009968D36FC1F3C01143F030032DE9F04FAF
:109E30002DED028BBDB00591D36772B69D4B1A68AC
:109E4000920440F194819C4A5A609A4B00244FF44A
:109E5000FA4146F2A012DC6099601A6062B62422D0
:109E6000214623A8DFF89CB207F0F2FC934A234670
:109E700019A9146810AA5BF82300013341F8044FB4
:109E8000092B42F8040FF6D100249FED8D8ADFEDF7
:109E90008D8A0125DFF87082ADF8184002F0E4F9F0
:109EA00001940790029404F02FFB874C0023834A0F
:109EB00004901AA91668A44608AA10A89A469946BA
:109EC00003945BF8234050F8047FA74201D00E6052
:109ED00004605CF8044F15706CB17C4C54F823405E
:109EE0004CB10F6805FA03FEF71BBC4203D24AEAE5
:109EF0000E0A82F80090013301320431092BE0D1BF
:109F0000019A734B039C02FB03F3724AB2EB730F8B
:109F100080F01D81019B4FF0FF31013301936E4BA7
:109F2000186801F03DF9002840F0F0809DF8B2304B
:109F300023B19DF8B1300BB94AF4803A9DF8D23084
:109F400023B19DF8D1300BB94AF4003A2CAB06AAE4
:109F50003CA85978D9B1D3ED067A93ED077AF4EE9F
:109F6000C87AF1EE10FA80F28D80B4EEC87AF1EE84
:109F700010FA80F28780F4EEE87AF1EE10FA06D556
:109F8000B4EEE87A0021F1EE10FA48BF11702033E8
:109F900001328342DDD19DF818700FB99DF8197018
:109FA000C82E4E4E4E4A88BF4AF4802A4D490AEACE
:109FB00006060AEA02020868331E18BF01231B02C4
:109FC000002A61D043F40079002F67D183F4A061A7
:109FD00000F012FB434B4946186800F037FB029B28
:109FE000B34208D04048012300220BA900688DF835
:109FF0002C5000F0A3FE04F087FA374B81464FF057
:10A00000FF31186801F0CCF870B3384B0DF11F0028
:10A0100022A954F8042F0833003A18BF01224445FE
:10A0200003F8082C10F8012F03F8072C51F8042F1F
:10A0300043F8042CEDD1049B059AA9EB03092C4BA2
:10A04000C3F800A007EE909A2A4BF8EE677A1F70CB
:10A05000294B1A70294B204AC3ED007A002310685F
:10A0600019461A4600F06AFE124B6421244A07A8DA
:10A070005A60DBF820300133CBF8203002F06EF864
:10A08000029610E7157082E74FB983F4E06100F0A3
:10A09000B3FA002EA3D04FF480799BE74B4683F4AC
:10A0A000407143F4806900F0A7FA93E700C00F40C5
:10A0B00000800F4000C00B4020C528D9F0A8002028
:10A0C0000000964200009042C05C00202C0400205A
:10A0D000CDCCCCCC9999991914A700200F0003007E
:10A0E0007000040018A700209CA800200C5D002030
:10A0F000C05C002046AB002045AB0020545D002032
:10A1000002A680B4E85C0020E45C00201B4F0DF147
:10A11000B0090DF1D00C0FCFA9E80F0007F1100E18
:10A1200097E80F0089E80F00BEE80F00ACE80F00C9
:10A130009EE80F008CE80F00114A0023176C1946A7
:10A14000104AF61B10681A4600F0F8FDEEE60DF115
:10A150008C090D4F57F8040F20B102F00DFB800061
:10A16000C9F80000474509F10409F3D1D2E64CF2E1
:10A1700020514DF6281259605A6066E6485C00206E
:10A180008028002014A70020C05C002000000000F0
:10A190009FED137B4FF0000CC0E900120022C0F8C5
:10A1A00008C0C0F80CC0C0F810C00275C0F828C0C4
:10A1B0008285C0F830C0C0F834C0C0F838C0C0F8DC
:10A1C0003CC0A0F8402080F842204264C0F84822F9
:10A1D000A0F84C2280ED067B80ED087B704700BF25
:10A1E000000000000000000038B5054600220024F1
:10A1F000D0E900010368DB69984705E058B1286899
:10A20000013403685B699847286803681B699847AD
:10A21000B4F5807FF2D138BD00B5002383B04FF68E
:10A22000FA7200688DF80330C1F10103ADF8002027
:10A2300005228DF8021069468DF8043003685B68CA
:10A24000984703B05DF804FB022A7DD9002345F24C
:10A25000300C2DE9F0474DF2100742F2300E45F276
:10A2600020061FE0744554D0B44218D10F2D16D9E2
:10A2700051F80990D8F804A099FA89F59AFA8AF465
:10A28000C0E90645D8F80890D8F80C8099FA89F505
:10A2900098FA88F4C0E90845012480F82C409C1CF9
:10A2A000944234DACD1811F803A003F103096C7855
:10A2B000AD7801EB090844EA0A2405F1030A644574
:10A2C000534437D0CED9BC42E9D10B2DE7D951F850
:10A2D000094024BA07EE904A0463D8F8044024BA2F
:10A2E00007EE104A4463D8F8084067EE076A24BABC
:10A2F000B0EE667A84630124A7EEA77A80F8404026
:10A300009C1C9442F1EEC77AC0ED0F7ACADBBDE81F
:10A31000F0870B2DC3D951F8094024BA8460D8F8CE
:10A32000044024BAC460D8F8084024BA0461012467
:10A330000475B4E7032DB2D951F8094024BA8462F8
:10A34000012480F82D40AAE7704700BF90F84C32F6
:10A35000362B10B510D03E2B06D0312B15D1102145
:10A36000BDE81040FFF758BF01231021BDE81040A1
:10A3700080F84130FFF750BF90F84D2200F14C01BA
:10A38000FFF762FF012380F8423010BD436C10B527
:10A390000446052B1CD8DFE803F01C253542540386
:10A3A000D0F84802431C2218012BC4F8483282F826
:10A3B000481056DD04F148020023104412F8011F32
:10A3C0000B449042DBB2F9D1002B4AD000236364E6
:10A3D00010BDFA29FCD1012380F84810C0F848329A
:10A3E000436410BDA1F1FF02D0F84832B2FA82F204
:10A3F000581C23445209C4F8480283F848105200FC
:10A40000626410BDD0F84832032280F84C12581C08
:10A410002344C4F8480283F84810626410BDD0F8A1
:10A420004832002980F84D1208BF052203F10100CF
:10A4300018BF04222344C4F8480283F84810626419
:10A4400010BDD0F848325A1C0344C0F8482283F8A3
:10A45000481090F84D3204339A42B9D10523436431
:10A4600010BD2046FFF772FFB0E700BF38B50023EC
:10A4700004461D4680F842300AE080B1206801356C
:10A4800003685B69984701462046C9B2FFF77EFF23
:10A49000206803681B699847B5F5807FEDD194F873
:10A4A000420038BD2DE9F04F0A24404FDFF80C81FF
:10A4B00083B03E48FFF798FE3846FFF7D7FFD8F83D
:10A4C000103097F84120102101333848C8F8103077
:10A4D00052B997F842303BB9FFF79EFE4FF4FA703D
:10A4E00001F098FE013CE7D1DFF8D49001F0BCFE0A
:10A4F0002F4DDFF8B8A0019004F006F8064650464C
:10A50000FFF7B4FF834603F0FFFF0446BBF1000FE3
:10A5100042D04FF0FF31D9F8000000F041FE002892
:10A520003AD03B7D2B732BB1B968FA683B6929603F
:10A530006A60AB60BB8DC3F30022AB84DB0707D539
:10A54000D7E90601C5E90401D7E90801C5E9060113
:10A550000AB1BB6A2B6297F8403085F838303BB1BE
:10A560007B6B396BBA6BEB62FB6BA9622A636B6323
:10A57000A41B104A0023D9F8000007EE904A166881
:10A580000D4C1A46F8EE677A19462E64C5ED0F7A1F
:10A59000C4ED007A00F0D2FBD8F810300A2101A8EF
:10A5A0000133C8F8103001F0D9FDA5E7C828002014
:10A5B00080280020F0A80020585D0020E85C0020E2
:10A5C00014A700204FF4E13201490248FFF7E0BD33
:10A5D0006C1F0020C828002038B52C2006F0A8FAEF
:10A5E000044630B1002540F8045B00F07DF884F8A3
:10A5F0002850204638BD00BF70B570B1B1F1807FE2
:10A600000C4611D2054600F04FF92E6826EA0404E4
:10A610002C6000F06FF9304670BD074B4FF4F171BC
:10A62000064A074809F0C8F8064B40F2E311034A0E
:10A63000054809F0C1F800BFB00C0020847200602A
:10A6400084380060BC0C0020483800602DE9F041DF
:10A6500088B3B1F1807F0D4634D2064600F1100870
:10A6600001F086FC3368B4691D43A04535601CD0F9
:10A6700000270AE039B1DB0145F0007148BF1743FC
:10A6800001F082FF3568A0450DD02046A4684368DC
:10A6900023F07F4213F0806F02EA0501EAD08A427C
:10A6A000E9D0A045F1D125EA0705356001F068FC45
:10A6B0002846BDE8F081074B40F23221064A0748A0
:10A6C00009F07AF8064B40F23321034A054809F0B5
:10A6D00073F800BFB00C0020A47100600C3800605B
:10A6E000E8100020D03700604FF05A3300F10C0220
:10A6F0000021036082604160C36110B44FF0FF34F9
:10A70000C0E90522C0E903345DF8044B704700BF7F
:10A710004FF05A330022036042618361704700BFEB
:10A7200002688368B2F15A3F10B515D1C269B2F11F
:10A730005A3F11D10A68B2F15A3F13D18A69B2F176
:10A740005A3F0FD14268DC6801328B60CC60A16057
:10A75000D9604861426010BD054B7321054A064827
:10A7600009F02AF8054B7421024A054809F024F83B
:10A77000F40C0020E06F0060783B0060640D002066
:10A78000443B006038B503684D68B3F15A3F20D1AF
:10A79000C369B3F15A3F1CD10B68B3F15A3F1ED1C4
:10A7A0008B69B3F15A3F1AD16B1C0FD000F10C0327
:10A7B0001C469B685A68AA42FAD942688B600132EB
:10A7C000D960CC60A1604861426038BD8469A368EB
:10A7D000F3E7064B9621064A064808F0EDFF064BC4
:10A7E0009721034A054808F0E7FF00BFF40C00205A
:10A7F000B46F0060103B0060640D0020DC3A006024
:10A80000426903468068D96810B49468C1609C426C
:10A810008860506808BF9160002101385DF8044BE2
:10A8200059615060704700BF064B19680868B0E86E
:10A83000F04F80F30988BFF36F8F4FF0000080F373
:10A840001188704744A70020EFF30980BFF36F8F92
:10A85000144B1A681EF0100F08BF20ED108A20E973
:10A86000F04F10602DE909004FF0200080F31188AF
:10A87000BFF34F8FBFF36F8F01F03CFD4FF000002F
:10A8800080F3118809BC19680868B0E8F04F1EF021
:10A89000100F08BFB0EC108A80F30988BFF36F8FE8
:10A8A0007047000044A7002008B54FF0200383F351
:10A8B0001188BFF36F8FBFF34F8F0A4A13680133BC
:10A8C000012B136000D008BD4FF0E023D3F8043D06
:10A8D000DBB2002BF7D0044B40F2F711034A0448D7
:10A8E00008F06AFF64220020E80D0020B8710060C3
:10A8F000603C0060084A08B513682BB1013B136047
:10A900000BB983F3118808BD044B4FF4FF71044A5F
:10A91000044808F051FF00BF642200202C0E0020E4
:10A92000F06F0060243C006008B54FF0200383F313
:10A930001188BFF36F8FBFF34F8F01F0C7FC28B1B1
:10A940004FF0E0234FF08052C3F8042D002383F32F
:10A95000118808BD08B5EFF305830F2B05D90F4902
:10A960000F4A5B5C12789A420AD84FF0E0230D4AF6
:10A97000D3F80C3D126803F4E063934207D808BD96
:10A98000094B4FF46271094A094808F015FF094B59
:10A990004FF46671054A084808F00EFFF0E300E046
:10A9A00055AB002098A90020400E0020C06F006029
:10A9B000E83B00606C0E0020AC3B006070B5FFF718
:10A9C00073FFFCF74DFD164A002305F07BF80446A3
:10A9D0000D46164603F08EFF844275F1000315DA2A
:10A9E000001B104BC6F1000265EB45051860C3E97A
:10A9F00001523EB101380A4A45F1FF35921BC3E9C5
:10AA000000059A60BDE87040FFF774BF201A054B3F
:10AA100065F1000583E86100BDE87040FFF76ABF9B
:10AA200040420F0030540020074B186850B10023FB
:10AA300000B583B01A461946009302F0DDF803B062
:10AA40005DF804FB704700BF00A10020704700BF05
:10AA50000A4610B5EFF3108C72B60A490A4C086822
:10AA60008318A34206D2094CA34203D30B608CF394
:10AA7000108810BD8CF310880549064808F0C0FE08
:10AA800008F092FEA821002000E0062080AB002004
:10AA90007C3E0060B1160060FCF7E2BC70B5164663
:10AAA000826D0446056D2AB9066801352EB310463D
:10AAB000256570BD7EB94068013503F097FD636878
:10AAC000A16DA2680B449342636024BF2368636056
:10AAD0000020256570BDC06803F088FDA26DE368A5
:10AAE00051429B1A22689342E36002D2A3680B444E
:10AAF000E360022E06D00135EAE7806801F0EEFE41
:10AB0000A660D5E7012D4FF0000038BF0125CFE743
:10AB100070B50546FFF7C8FE95F85D305CB2002CB5
:10AB200014DD05F1300603E0631EDAB25CB26AB1EF
:10AB30006B6B304653B101F067FC0028F4D001F094
:10AB400015FE631EDAB25CB2002AF1D1FF2385F84C
:10AB50005D30FFF7CFFEFFF7A7FE95F85C305CB2E3
:10AB6000002C14DD05F1100603E0631EDAB25CB2BE
:10AB70006AB16B69304653B101F046FC0028F4D04D
:10AB800001F0F4FD631EDAB25CB2002AF1D1FF23BA
:10AB900085F85C30BDE87040FFF7ACBE70B540B3DF
:10ABA000456D0446F5B1826DA2FB0525D5B90E466B
:10ABB000FFF77AFE226825656260D4E9153000FB54
:10ABC00003F3181A13440244A360FF23E26084F8DD
:10ABD0005C3084F85D3026BB63698BB9FFF78AFE71
:10ABE000012070BD134B4FF4B671134A134808F09F
:10ABF000E3FD134B40F237110F4A124808F0DCFD19
:10AC000004F1100001F000FC0028E7D04FF0E02331
:10AC10004FF08052C3F8042DBFF34F8FBFF36F8FF7
:10AC2000DCE704F11000FFF75FFD04F13000FFF7EF
:10AC30005BFDD3E75C11002018720060984800604B
:10AC400054110020CC48006030B583B09DF81850F6
:10AC500023B3E0B11C46C2B1C9B1B2B168230193BC
:10AC6000019B682B21D1002908BF2246A165012143
:10AC700060652260204684F85E10019BFFF78EFF1E
:10AC8000204684F8645003B030BD0029E6D00A4B5A
:10AC90004FF4D871094A0A4808F08EFD094B4FF469
:10ACA000C271064A084808F087FD084B4FF4CB7183
:10ACB000024A074808F080FD48110020DC7100605E
:10ACC000FC4700601C110020644800602C1100202B
:10ACD000304800602DE9F04110B3A1FB00370E466B
:10ACE0000546EFB901FB00F010F1690F18D8683084
:10ACF000904605F01DFF044668B180F85E706EB1A5
:10AD000000F16803012120462360C4E91556FFF7CE
:10AD100045FF84F864802046BDE8F0810346F1E7F2
:10AD2000034B40F22D21034A034808F045FD00BFC4
:10AD30004811002038710060604700602DE9F04341
:10AD400085B00192002800F0948089460446984618
:10AD5000002900F09580B8F1020F00F09C8001F00E
:10AD600037FD002800F0A280A8F102060025B6FAFF
:10AD700086F62F46760907E0FFF7BCFD2046FFF771
:10AD8000C7FE01F0FDF80125FFF78EFD226D606D15
:10AD9000824243D3002E41D1019B002B5DD0002D78
:10ADA00038D0FFF7A7FD01F0E3F8FFF77DFD94F839
:10ADB0005C30FF2B01D184F85C7094F85D30FF2B80
:10ADC00001D184F85D70FFF795FD01A902A801F09B
:10ADD00079FC002847D1FFF767FD226D636D9A4229
:10ADE000CAD1FFF787FD019904F1100001F090FA34
:10ADF0002046FFF78DFE01F0C3F80028C3D14FF0C5
:10AE0000E0234FF08052C3F8042DBFF34F8FBFF300
:10AE10006F8FB8E702A801F049FCC2E742464946F5
:10AE20002046FFF73BFE636B33B958B9FFF762FD6D
:10AE3000012005B0BDE8F08304F1300001F0E4FA30
:10AE40000028F3D04FF0E0234FF08052C3F8042DD8
:10AE5000BFF34F8FBFF36F8FE8E7FFF74BFD002085
:10AE600005B0BDE8F0832046FFF752FE01F088F8F8
:10AE7000F5E7144B40F2B931134A144808F09CFC32
:10AE8000836D002B3FF467AF114B40F2BA310E4A8D
:10AE9000104808F091FC636D012B3FF460AF0E4B3E
:10AEA00040F2BB31084A0D4808F086FC019B002B9C
:10AEB0003FF45AAF0A4B40F2BE31034A094808F04A
:10AEC0007BFC00BF54110020A07000605C46006055
:10AED0008011002028460060D8110020F445006051
:10AEE00028120020C0450060F0B583B0002939D099
:10AEF00068230193019B682B3BD1002701230C465B
:10AF0000096081F85E300646019AC1E91537FFF7FE
:10AF1000CBFCA56D626DFF23216804F1100005FBD9
:10AF200002F26160551B0A442765294484F85C30AD
:10AF300084F85D30C4E90221FFF7D6FB04F130004C
:10AF4000FFF7D2FBFFF7D6FC3B463A463946204690
:10AF500084F86460A7602760E760FFF7EFFE204693
:10AF600003B0F0BD064B4FF4C271064A064808F024
:10AF700023FC064B4FF4CB71024A054808F01CFC39
:10AF80001C110020DC710060644800602C1100205E
:10AF90003048006038B598B18568044601F012FC6D
:10AFA000854201D0002038BDE368013BE3600BB16E
:10AFB000012038BD1A4619462046FFF7BFFEF7E7C5
:10AFC000034B40F2FE21034A034808F0F5FB00BFA3
:10AFD000FC120020007100602C47006070B505462F
:10AFE000682005F0A5FD044698B1002601212060E7
:10AFF00080F85E60C0E91516FFF7D0FD3346324693
:10B000003146204684F86450A6602660E660FFF76B
:10B0100095FE204670BD00BFF0B585B001920028B6
:10B020007ED00E460446002900F0818001F0D0FB5E
:10B03000002800F08780FFF737FC256D002D5BD1DD
:10B04000019BA3B32F4602A801F030FBFFF752FC8F
:10B0500000F08EFFFFF728FC94F85C30FF2B01D145
:10B0600084F85C7094F85D30FF2B01D184F85D703A
:10B07000FFF740FC01A902A801F024FBE0B9FFF7AB
:10B0800013FC236D2BBBFFF735FC019904F1300055
:10B0900001F03EF92046FFF73BFD00F071FF00B3E1
:10B0A000FFF702FC256D3DBB019B002BCED1FFF7C6
:10B0B00021FC002005B0F0BD2046FFF729FD00F07F
:10B0C0005FFFFFF7F1FB236D002BF0D0FFF712FCC1
:10B0D000E6E7FFF70FFC2046FFF71AFD00F050FFF0
:10B0E000DEE74FF0E0234FF08052C3F8042DBFF3AA
:10B0F0004F8FBFF36F8FD3E7A26D42B1E168A368B2
:10B1000011449942E16028D2304603F06FFA013DC4
:10B110006369256523BBFFF7EDFB012005B0F0BD9A
:10B12000184B40F2EC51184A184808F045FB836D63
:10B13000002B3FF47BAF164B4FF4BE61124A15480B
:10B1400008F03AFB019B002B3FF475AF124B40F225
:10B15000F5510D4A114808F02FFB2168E160D3E753
:10B1600004F1100001F050F90028D4D04FF0E02392
:10B170004FF08052C3F8042DBFF34F8FBFF36F8F92
:10B18000C9E700BF0413002004700060EC430060B6
:10B1900010130020B8430060281200208443006090
:10B1A000F0B585B00191002800F08880866D0446D6
:10B1B000002E40F0948001F00BFB0546002800F0C3
:10B1C000958035460027FFF76FFB236D002B7CD160
:10B1D000019B002B61D0002D47D0FFF78BFB00F0C7
:10B1E000C7FEFFF761FB94F85C30FF2B01D184F8B8
:10B1F0005C7094F85D30FF2B01D184F85D70FFF72F
:10B2000079FB01A902A801F05DFAF8B9FFF74CFB40
:10B21000236D73BBFFF76EFB2368002B45D00199AC
:10B2200004F1300001F074F82046FFF771FC00F0E3
:10B23000A7FE48B94FF0E0234FF08052C3F8042D29
:10B24000BFF34F8FBFF36F8F0125BCE72046FFF799
:10B250005FFC00F095FEFFF727FB236D93B9FFF726
:10B2600049FB9EB9002005B0F0BD02A801F01EFA0E
:10B27000B3E7FFF73FFB2046FFF74AFC012500F04C
:10B280007FFEA0E70125FFF735FB9CE7FFF70CFBEE
:10B29000616B29B9A06801F0A3FBFFF72BFBE1E785
:10B2A000636C5968C1F10A01F4E7FFF7FDFAA06881
:10B2B00001F09EFA0646FFF71DFBB0E71B4B40F27C
:10B2C00085611B4A1B4808F077FA013B2268236519
:10B2D0000AB3636973B9FFF70DFB0120C3E7164B8F
:10B2E00040F28961124A154808F066FA019BB3B929
:10B2F0002E4667E704F1100001F086F80028EAD036
:10B300004FF0E0234FF08052C3F8042DBFF34F8F6E
:10B31000BFF36F8FDFE701F0E7FBA060D9E7084BD1
:10B3200040F28E61024A074808F046FA04130020F2
:10B3300000740060504300607C1200201C430060D9
:10B3400028120020E842006070B5A0B1866804466B
:10B350000D4601F037FA864208D029462046FFF70D
:10B360001FFF10B1E3680133E36070BDE3680120A3
:10B370000344E36070BD034B40F23A31024A034894
:10B3800008F01AFAFC120020CC700060F846006049
:10B3900070B584B0019200287BD00D460446002988
:10B3A0007ED001F015FA002800F08580FFF77CFAC6
:10B3B000266D002E5AD1019B9BB302A801F076F9AD
:10B3C000FFF798FA00F0D4FDFFF76EFA94F85C30BE
:10B3D000FF2B01D184F85C6094F85D30FF2B01D124
:10B3E00084F85D60FFF786FA01A902A801F06AF906
:10B3F000E0B9FFF759FA236D2BBBFFF77BFA0199F0
:10B4000004F1300000F084FF2046FFF781FB00F0DC
:10B41000B7FD00B3FFF748FA236D3BBB019B002B40
:10B42000CED1FFF767FA002004B070BD2046FFF7C9
:10B430006FFB00F0A5FDFFF737FA236D002BF0D06E
:10B44000FFF758FAE6E7FFF755FA2046FFF760FBEB
:10B4500000F096FDDEE74FF0E0234FF08052C3F896
:10B46000042DBFF34F8FBFF36F8FD3E7A26DE66854
:10B470003AB1B118A3689942E16027D2284603F097
:10B48000B5F8636BE66023BBFFF734FA012004B024
:10B4900070BD184B40F26471174A184808F08CF9D7
:10B4A000836D002B3FF47DAF154B4FF4ED61124AD5
:10B4B000144808F081F9019B002B3FF477AF124B41
:10B4C00040F26D710C4A114808F076F92168E1608C
:10B4D000D4E704F1300000F097FF0028D4D04FF0FB
:10B4E000E0234FF08052C3F8042DBFF34F8FBFF31A
:10B4F0006F8FC9E704130020F4730060B44200604A
:10B500001013002080420060281200204C4200608E
:10B5100008B538B190F85E3003B108BDBDE8084009
:10B5200005F00EBB034B40F6D701034A034808F071
:10B5300043F900BF54110020CC710060444000600A
:10B5400070B504460E461546FFF7AEF994F85C3028
:10B55000FF2B02D1002384F85C3094F85D30FF2B80
:10B5600002D1002384F85D30FFF7C4F9236D23B1C5
:10B570002046BDE87040FFF7CBBA04F130002A4600
:10B58000314600F0E3FE2046BDE87040FFF7C0BA48
:10B59000436830B54FF00A0E23B9BEF1010EFCD15D
:10B5A000002030BD054600F10C0CAB689B6863457C
:10B5B00008BF6B691C699B689C4508BF6B6918696B
:10B5C00028B1026C8A4202D8026D8A4207D28442B4
:10B5D000F1D1BEF1010EAB60E7D10020E1E7AB6035
:10B5E00030BD00BF2DE9F0410446FFF75DF9464A42
:10B5F000464D1368013313602B68002B4BD0444A2F
:10B60000E36B1268002A3FD0424E4348012243496F
:10B610009A4007683A4302600A6801320A6062652C
:10B620005A0106EB4313B1589A68B1F15A3F39D128
:10B63000D969B1F15A3F35D16168B1F15A3F38D17A
:10B64000E169B1F15A3F34D15968201DD668013102
:10B65000C4E90326B060D060A3615960FFF74AF9DE
:10B660002B4B1B6873B12A68E36BD26B9A4209D2E9
:10B670004FF0E0234FF08052C3F8042DBFF34F8FFB
:10B68000BFF36F8FBDE8F0812A68224ED26B9A42D9
:10B69000BBD82C60B9E72C601368012B10D0E36B8A
:10B6A0001C4EB2E71E4B40F633011E4A1E4808F0FE
:10B6B00083F81E4B40F633011A4A1D4808F07CF807
:10B6C000144E374606F5A07838462037FFF70CF8B9
:10B6D0004745F9D1DFF87480164F4046FFF704F86C
:10B6E0003846FFF701F81448FEF7FEFF1348FEF74F
:10B6F000FBFF1348FEF7F8FF124BC3F80080124B14
:10B700001F60E36B81E700BFB8A9002044A70020B9
:10B7100080AA002058A70020C8A90020C4A90020A2
:10B7200080080020507300608C5F0060500900208A
:10B73000585F00602CAA002060AA00200CAB0020FB
:10B74000ECAA00204CA7002050A700200CAA002043
:10B750002DE9F843344C0546344A0F462668344BED
:10B76000344CD2F800800022D3F80090236820687F
:10B7700083F8D9200430FFF743F840B92368012249
:10B780002D49DB6B9A400B6823EA02030B606B1CAC
:10B7900026D12FB3294B19689A68B1F15A3F35D198
:10B7A000D969B1F15A3F31D121684968B1F15A3FA5
:10B7B00033D12168C969B1F15A3F2ED12168266879
:10B7C000CA6020682168256804305C68043101344F
:10B7D0005C60D4683461A060D160AB61BDE8F8837F
:10B7E0002368761921689E6005D348460431BDE878
:10B7F000F843FEF7C7BF40460431FEF7C3FF104BC6
:10B800001A68B242EAD91E60BDE8F8830D4B42F2D5
:10B81000A8110D4A0D4807F0CFFF0D4B42F2A811B9
:10B82000094A0C4807F0C8FF2CAB00204CA70020A9
:10B8300050A7002044A70020C8A90020ECAA00209F
:10B8400054AA00203C0700200473006034490060C3
:10B85000CC0700200049006010B50446783006F09F
:10B8600029F894F8D83023B1012B11D0022B08D13C
:10B8700010BD206C05F064F92046BDE8104005F0CD
:10B880005FB9064B41F66911054A064807F094FF77
:10B890002046BDE8104005F053B900BF040A00205F
:10B8A0003473006054510060F8B50D4C2368B3B197
:10B8B0000C4F0D4EFEF7F8FF7B691D69281DFEF742
:10B8C0009FFF3368013B33602368013B2360FFF730
:10B8D00011F82846FFF7C0FF2368002BEAD1F8BD16
:10B8E000BCA900200CAB0020B8A90020094C4FF0E7
:10B8F000E0264FF0805508B5FFF7D6FF6368012BAF
:10B9000005D9C6F8045DBFF34F8FBFF36F8FFFF704
:10B910009DF8F1E758A700202C4B002270B51A6063
:10B92000FFF7BAF82A4B2B4A1860156819682A4C99
:10B93000A94205D91E682068416F491B31444167FF
:10B94000186823681060216822680968126C1B6CF3
:10B95000914203D91A68B2F1A53F20D0216820682E
:10B96000443107F049FF1D4B1B68B3FA83F3DBB288
:10B970001B48C3F11F0300EB43125B015168F1B197
:10B9800091680C33896803449942916014D00B6923
:10B99000144A2360236823687833136070BD5A68A3
:10B9A000B2F1A53FDAD19A68B2F1A53FD6D1DB68F2
:10B9B000B3F1A53FD2D1D6E751699160E7E70A4BD1
:10B9C00041F22F41094A0A4807F0F6FE38AB002041
:10B9D000A0A900209CA9002044A70020C8A90020FD
:10B9E00058A70020F8210020A01000204472006019
:10B9F000685600602DE9F0470A9C4FEA820A074624
:10BA00000D465246A521206C9846AAF1040A089ECC
:10BA1000DDF8249005F01CFF236C534423F0070A43
:10BA2000C4F850A07DB105F1FF3C05F1090104F116
:10BA3000430E1CF8015F0EF8015F0DB18C45F8D183
:10BA4000002384F84D30092E29D8201DE663E665D1
:10BA5000C6F10A06FEF75CFE04F12000FEF758FE70
:10BA60004C22002104F1780066626461246305F0D1
:10BA7000EFFE0E4B4246394603F16805E367D033CB
:10BA80005046C4F88050C4F8843007F0C5FE2060EA
:10BA9000B9F1000F01D0C9F80040BDE8F087044BB0
:10BAA00040F27A71034A044807F086FED4A50020CC
:10BAB000380A00209C730060C05F0060634B1A6806
:10BAC00001322DE9F04F1A6083B0002A75D060482A
:10BAD00003689A42C0F08A805E4E33685D68002D2C
:10BAE00067D00025DFF8A4C14FF0010B5A4FA846DC
:10BAF0009146AE46019033685B691B699968894538
:10BB0000C0F09F809969181DD3E90324D460A26016
:10BB10008A6882424A6802F1FF3208BF8C60C3F82B
:10BB200018804A60596B79B103F12004D3E90A25E2
:10BB3000D560AA608A68A2424A6802F1FF3208BF53
:10BB40008D60C3F834804A60D96BDCF800400BFA92
:10BB500001F22243CCF800204A01BD5807EB411204
:10BB6000B5F15A3F94684ED1D569B5F15A3F4AD1E3
:10BB70005D68B5F15A3F5AD1DD69B5F15A3F56D1EA
:10BB8000D4F80CA05568DC60C3F810A00135CAF8E1
:10BB90000800E0609A61314B55601B68DB6B99428D
:10BBA00088BF4FF0010E33685B68002BA3D1754648
:10BBB00001984FF0FF33036019E0264B196849687C
:10BBC00000292DD126491C680868186025480C609A
:10BBD00001680131016019684968D9B91C484FF002
:10BBE000FF33036003689A42BFF476AF00251E4B13
:10BBF0001B681BB31D4B1B68002B0CBF2846012084
:10BC000003B0BDE8F08F1A4B41F2D621194A1A4809
:10BC100007F0D2FD1B680E485B695B68036057E75D
:10BC2000164B41F29221134A154807F0C5FD154BFA
:10BC300041F2D6210F4A144807F0BEFD01F02AFD5B
:10BC4000D8E7019875460160D1E700BF2CAB002012
:10BC500054AA00204CA7002058A7002044A7002089
:10BC600050A7002058AA00205CAA002038AB002072
:10BC7000EC15002058720060D0560060741500204A
:10BC800004570060B41600209C560060C8A900202C
:10BC90002DE9F04387B00E460021DDF83C80109C72
:10BCA0000491B8F1000F23D04CB39946DC2317461A
:10BCB0000593059A9A4229D105462046059B05F031
:10BCC000C7FD28460E9DC4F840804B4600950225CE
:10BCD00002943A4684F8D85004AD31460195FFF7F6
:10BCE00089FE2046FFF77EFC049807B0BDE8F0838C
:10BCF0000A4B40F207510A4A0A4807F05DFD0A4B19
:10BD00004FF4A161064A094807F056FD084B4FF46D
:10BD1000A261034A074807F04FFD00BF7C130020D3
:10BD2000B47300605C6000609C13002028600060B9
:10BD3000B8130020F45F00602DE9F043074685B09A
:10BD4000900016468846994604F0F2FEE0B105469A
:10BD50000121DC2004F0D0FE044690B105644B467E
:10BD60000D9D32464146384601950C9D0294009542
:10BD7000FFF740FE2046FFF735FC012005B0BDE887
:10BD8000F083284604F0DCFE4FF0FF30F6E700BFFA
:10BD9000F8B50446374EFEF787FD002C3ED0271D30
:10BDA0003846FEF72DFD68B9E26B334B03EB4213C7
:10BDB0005B683BB93149012303FA02F20B6823EABD
:10BDC00002030B60636B1BB104F12000FEF718FD4A
:10BDD0002B4A2C4D1368013313603368A3422B6840
:10BDE00026D0294A1368013B1360284B1A68526811
:10BDF0007AB11A68264B526952681A60FEF77AFDCA
:10BE00002046FFF729FD2B6813B13368A3421CD0ED
:10BE1000F8BD1F4B4FF0FF321A60EFE73468002C7B
:10BE2000BDD11C4B40F6B2011B4A1C4807F0C4FCB4
:10BE3000002BD6D039461A48FEF772FC194A13680F
:10BE400001331360FEF756FDDDE7174B1B6853B94E
:10BE50004FF0E0234FF08052C3F8042DBFF34F8F13
:10BE6000BFF36F8FF8BD114B40F62B110A4A1048F3
:10BE700007F0A2FC44A7002058A70020C8A9002072
:10BE8000C4A9002080AA0020B8A900204CA7002047
:10BE900054AA0020C80E002044730060245F006094
:10BEA0000CAB0020BCA90020C0A90020E00E00209F
:10BEB000F05E006010B58AB00024214B06AA05A9E7
:10BEC00004A807930894ADF82440CDE9044407F092
:10BED0007BFC234607A90094DDE90402CDE901209B
:10BEE000069A1848FFF7D4FE174B186018B9174B7D
:10BEF0001B680AB010BD01F0A3FA012808D0013078
:10BF0000F5D1134B40F6C361124A134807F054FCB5
:10BF10004FF0200383F31188BFF36F8FBFF34F8F70
:10BF20000E4B0F4A1B680F49783313604FF0FF33F5
:10BF30000D4A0B600D4B10601C6007F071FCD6E7DA
:10BF400049444C45AD4400004CAA0020AC0C0020F4
:10BF50008C100020D0720060445A006044A700207A
:10BF6000F821002054AA002080AA00202CAB002039
:10BF7000024A136801331360704700BFC0A9002054
:10BF80002DE9F84F644CFEF78FFC2368002B00F07E
:10BF90009C802368013B23602268002A40F088804F
:10BFA0005E4B1B68002B00F083805D4E7368002B96
:10BFB00067D0DFF8A4C14FF001085A4F914673696A
:10BFC0001B695A6B03F12005D3E90A01C16088603F
:10BFD0009068A84208BF91605168C3F83490013955
:10BFE00051609D69181DDCF800E0D3E90321D160A0
:10BFF0008A60AA6882426A6808BFA960013AD96B60
:10C00000C3F818906A6008FA01F242EA0E02CCF80E
:10C0100000204A01BD5807EB4112B5F15A3FD2F852
:10C0200008E04BD1D569B5F15A3F47D15D68B5F10C
:10C030005A3F51D1DD69B5F15A3F4DD15568C3F82A
:10C040000CE005F1010B384D2D68D5F83CA0DEF869
:10C050000C5051451D61A860CEF80C009A61C2F8E1
:10C0600004B002D9314BC3F800807368002BA6D10D
:10C070002F4B1A685268002A48D12E4B4FF0FF32DE
:10C080001A602D4EDFF8A48035686DB3012706E0F5
:10C09000FFF714FD08B1C8F80070013D23D02368F4
:10C0A000002BF5D033680133336001F0F3FAF4E785
:10C0B0000024FEF71FFC2046BDE8F88F1F4B40F61A
:10C0C000D5711F4A1F4807F077FB1F4B40F6C1711F
:10C0D0001B4A1E4807F070FB1D4B40F6D571184AED
:10C0E0001C4807F069FB3560D8F80030002BDFD022
:10C0F0004FF0E0234FF080520B490968C3F8042D3C
:10C10000BFF34F8FBFF36F8F0124D2E71A68094B3B
:10C11000526952681A60B4E7C0A90020B8A900208B
:10C1200060AA002058A7002044A7002038AB0020B8
:10C130004CA7002054AA00205CAA0020EC15002087
:10C14000C0720060DC590060341C0020105A00608E
:10C15000B4160020A8590060C8A9002010B588B303
:10C16000002936D0224B0246186801301860214859
:10C1700000681B68012B33D1146863182CBF0121A0
:10C180000021844209D8984200D339B10021181AFD
:10C1900013600124FFF7DCFA02E081B90024136088
:10C1A000FFF7EEFE48B94FF0E0234FF08052C3F89E
:10C1B000042DBFF34F8FBFF36F8F204610BD984201
:10C1C000E4D3EBE70C4B40F646110C4A0C4807F061
:10C1D000F3FA0C4B40F64711084A0B4807F0ECFA0B
:10C1E0000A4B40F64F11054A094807F0E5FA00BF2F
:10C1F000C0A900202CAB0020D413002024730060C1
:10C20000BC5E0060E8130020885E0060001400201F
:10C21000545E006008B560B10F4B1A6801321A60B5
:10C220001B68012B10D10021FFF792FAFFF7A8FE3F
:10C2300048B94FF0E0234FF08052C3F8042DBFF30C
:10C240004F8FBFF36F8F08BD044B40F6A511044A12
:10C25000044807F0B1FA00BFC0A900200014002074
:10C26000F8720060205E0060014B1868704700BFE4
:10C270002CAB002008B14430704708B5054B186856
:10C2800008B1443008BD044B41F28B01034A044815
:10C2900007F092FA44A70020C80E0020B072006098
:10C2A0007459006008B5054B186800B108BD044B0F
:10C2B00041F2AE11034A044807F07EFA4CAA00206E
:10C2C000481500206C7200607058006008B5074B7C
:10C2D0001B681BB9BDE80840FFF7F0BB044A1368B0
:10C2E0000133136001F0D6F9002008BDC0A9002079
:10C2F0005CAA0020044B1B681BB1044B01221A608E
:10C300007047FFF709BB00BFC0A9002038AB002071
:10C3100010B558B1094B0C4619682031FEF732FAB6
:10C3200020460121BDE81040FFF712BA044B41F24C
:10C33000B541044A044807F03FFA00BF44A7002073
:10C34000FC0E00202C72006034560060F8B5002806
:10C3500043D0034600688C461146B0F15A3F9A68B4
:10C360002DD1D869B0F15A3F29D11F4C2068006AFD
:10C37000B0F15A3F2AD12068806BB0F15A3F25D1E5
:10C3800025680029D4F800E0AA6208BF60465D680D
:10C3900018BF4FF0FF302768266801352037D4F8E2
:10C3A00000C006F12004D668CEF82C60B760D460D7
:10C3B000CCF834305D60BDE8F840FFF7C9B90B4BED
:10C3C00041F2FF410A4A0B4807F0F6F90A4B41F2E5
:10C3D000FF41074A094807F0EFF9094B41F2F341E1
:10C3E000034A084807F0E8F944A70020340F00206A
:10C3F000F8710060FC540060B40F0020C854006065
:10C40000FC0E00203055006043691B6970B5002B9D
:10C4100074D05A6B03F120040025D3E90A01C160EE
:10C4200088609068A042474808BF916051680068E2
:10C4300001395D63516028B3434A10689168B0F1D7
:10C440005A3F69D1D069B0F15A3F65D1186AB0F14D
:10C450005A3F6FD1986BB0F15A3F6BD1C868C3E9AE
:10C460000A108460CC60D96B5A63384B50681B68E3
:10C470000130DB6B506099423ED90123344A1846A3
:10C48000136070BD9A691C1D0026324DD3E903016B
:10C49000C16088609068A042506800F1FF3008BF1A
:10C4A0009160D96B9E615060012228688A400243E6
:10C4B00048012A60284A155802EB4112B5F15A3F4B
:10C4C000906822D1D569B5F15A3F1ED15D68B5F1AA
:10C4D0005A3F28D1DD69B5F15A3F24D1C668556865
:10C4E000D8601E610135B460C4609A61174B556015
:10C4F0001B68DB6B9942C0D8002070BD174B41F21E
:10C500002A51174A174807F057F9174B41F2305193
:10C51000134A164807F050F9154B41F24451104A9E
:10C52000144807F049F9144B41F230510C4A1348B2
:10C5300007F042F9124B41F24451094A114807F001
:10C540003BF900BFC0A9002060AA002044A700203A
:10C5500038AB0020C8A9002058A7002038190020B7
:10C5600070710060945400604819002060540060AD
:10C57000E41A0020F8530060241A00202C540060B4
:10C580007C1B0020C4530060F8B53A4B1B68002B9D
:10C5900062D041F0004103694160002B63D04169E2
:10C5A0000026D0E90242E26094608C68DD68844233
:10C5B0004C6808BF8A600022013C42619A694C6065
:10C5C0001C1D90681969A042D86BE9608D6008BF96
:10C5D00091605168284D01399E610126D5F800C04F
:10C5E00051604101254A575806FA00F102EB40120A
:10C5F00041EA0C01B7F15A3F296091681ED1D56913
:10C60000B5F15A3F1AD15D68B5F15A3F1DD1DD69C8
:10C61000B5F15A3F19D11A4DCF682D68D960D5F8B8
:10C620003CC0556860451F6105F10105BC60CC60E8
:10C630009A61556001D9134B1E60F8BD124B41F24F
:10C640009851124A124807F0B7F8124B41F298512C
:10C650000E4A114807F0B0F8104B41F278510B4ADE
:10C660000F4807F0A9F80F4B41F28351074A0E48D3
:10C6700007F0A2F8C0A90020C8A9002058A70020F0
:10C6800044A7002038AB0020481900204C710060FE
:10C6900028530060241A0020F4520060080F002084
:10C6A00090530060381900205C530060034A044B2B
:10C6B00012681B68C0E90023704700BF58AA002019
:10C6C0002CAB0020F8B5002832D00D46002936D01A
:10C6D0000446FEF7E9F81D4A1D4B166819686068A4
:10C6E00091F8D91041B11B68002283F8D9200124A8
:10C6F000FEF700F92046F8BD2B68591C16D0DFF86C
:10C7000068C02168DCF80070B94204D0B04202D899
:10C7100000232B60EBE7371ABB42F9D99B1BDCF8EF
:10C720000010126803442B60C4E900120024DFE704
:10C73000084B41F2DA51084A084807F03DF8084B27
:10C7400041F2DB51044A074807F036F82CAB0020D1
:10C7500044A7002080100020E87000608C52006028
:10C760006C1300205852006058AA0020014B01228F
:10C770001A60704738AB002008B570B1006C0378C0
:10C78000A52B15D103469C4613F8012FA52AFAD0F4
:10C79000C0F101006044800808BD064B18680028FD
:10C7A000ECD1054B41F62611044A054807F004F880
:10C7B000002008BD44A70020C80E0020647000605F
:10C7C00088510060014B1868704700BF44A70020E3
:10C7D000054B1B6833B1054B1868B0FA80F040096F
:10C7E000400070470120704780AA0020C0A90020A7
:10C7F000F8B50446B8B1314DC36B2A68D26B934289
:10C8000012D2426A002A04DB2A68D26BC2F10A0201
:10C8100042622B4EA26906EB43139A420CD02B685E
:10C82000DB6BE3630120F8BD2B68C06DDB6B9842C6
:10C830002CBF00200120F8BD271D3846FDF7E0FF82
:10C84000204928B32B6801220868DB6B9A40E36318
:10C8500002430A605A0106EB4313B1589A68B1F1DA
:10C860005A3F1DD1D969B1F15A3F19D16168B1F16F
:10C870005A3F1CD1E169B1F15A3F18D1D168C4E9DE
:10C8800003218F605968D7600131A3615960C9E7FE
:10C89000E36B01229A400B6823EA02030B60D1E7A5
:10C8A000094B41F61D21094A094806F085FF094B4D
:10C8B00041F61D21054A084806F07EFF44A70020E6
:10C8C00058A70020C8A90020941700204C700060D1
:10C8D0002051006074180020EC50006088B1F8B559
:10C8E000334B04461B68834245D11B6E002B49D055
:10C8F000C16B013BC26D0366914200D01BB10020A9
:10C90000F8BD00207047051D2846FDF779FF29492D
:10C9100030B90122E06B0B68824023EA02030B600E
:10C92000E36D01200F68C3F10A025E01E3636262F6
:10C93000214A965902EB431200FA03F3B6F15A3F2B
:10C9400043EA07030B60936823D1D169B1F15A3FE1
:10C950001FD16168B1F15A3F22D1E169B1F15A3F6B
:10C960001ED15168DE680131E3602661B560DD608B
:10C97000A2615160F8BD114B41F66321104A114884
:10C9800006F01AFF104B41F664210D4A0F4806F0DD
:10C9900013FF0F4B41F68521094A0E4806F00CFFA4
:10C9A0000D4B41F68521064A0C4806F005FF00BFF5
:10C9B00044A70020C8A9002058A700206417002021
:10C9C00014700060B85000607C1700208450006034
:10C9D000EC15002050500060B41600201C50006080
:10C9E00070B1036E70B50446002B49D0C06DE26B88
:10C9F000814238BF0146012B01D18A4201D170BD6D
:10CA000070472D4B1B68A34241D0636AE163002B42
:10CA100002DBC1F10A016162284DA36905EB4212F4
:10CA20009342ECD1261D3046FDF7EAFEE36B01226E
:10CA300023499A4018B9086820EA0200086008688B
:10CA400002430A605A0105EB4313A9589A68B1F1F1
:10CA50005A3F23D1D969B1F15A3F1FD16168B1F171
:10CA60005A3F22D1E169B1F15A3F1ED1D168C4E9E0
:10CA700003218E605968D6600131A361596070BD91
:10CA8000104B41F6C121104A104806F095FE104B9C
:10CA900041F6DC210C4A0F4806F08EFE0E4B41F6A3
:10CAA0000431094A0D4806F087FE0D4B41F604316A
:10CAB000054A0C4806F080FE44A7002058A7002035
:10CAC000C8A900207C17002014740060E84F0060A3
:10CAD00068100020B44F0060EC150020804F00600B
:10CAE000B41600204C4F0060034B186810B1036E61
:10CAF00001330366704700BF44A7002003282DE9D7
:10CB0000F047089F62D8374D1E46044690462B6872
:10CB1000034493F8D430DBB20FB1022B25D1FDF7DB
:10CB2000C3FE36B12B6804F1300203EB82035B686D
:10CB300033602B68234493F8D430022B0AD00026AC
:10CB40002B680022234483F8D420FDF7D3FE30461F
:10CB5000BDE8F0872B68012603EB8403D3F8C420DB
:10CB600022EA0802C3F8C420EAE71F4A894613688C
:10CB700001331360FDF798FE2B68234493F8D430FB
:10CB8000022B2AD02B684FF0010A03EB8403D3F861
:10CB9000C42022EA0902C3F8C4202B68234483F886
:10CBA000D4A0FDF7A7FE51463846FEF7D1FDFFF7AA
:10CBB000E7F90028B3D14FF0E0234FF08052C3F8DB
:10CBC000042DBFF34F8FBFF36F8FA8E7074B41F6DC
:10CBD0007B61074A074806F0EFFDFDF78BFEFFF784
:10CBE000CFF99CE744A70020C0A90020980C0020A2
:10CBF000DC730060E44E006003292DE9F041DDF8AC
:10CC0000188000F28E800446002800F091800D46C6
:10CC100017461E46FDF748FEB8F1000F06D005F195
:10CC2000300304EB83035B68C8F80030631902210A
:10CC300093F8D42083F8D410D3B2042E00F2968057
:10CC4000DFE806F0095964050300022B77D0303580
:10CC500004EB85056F60012B05D00124FDF74AFE2A
:10CC60002046BDE8F081A369201D0026454DD4E98A
:10CC70000312CA60916099688142596801F1FF31DD
:10CC800008BF9A60E26BA66159600123296893404E
:10CC90000B4351012B603C4B5D5803EB4213B5F144
:10CCA0005A3F996854D1DD69B5F15A3F50D1656852
:10CCB000B5F15A3F45D1E569B5F15A3F41D15D68BB
:10CCC000CE68E16001352661B060C860616BA36128
:10CCD0005D60002943D12D4B1B68DB6B9A42BCD9A8
:10CCE0004FF0E0234FF08052C3F8042DBFF34F8F75
:10CCF000BFF36F8FB1E704EB8505012BD5F8C42096
:10CD000042EA0702C5F8C420A7D1ACE704EB8505C9
:10CD1000012BD5F8C42002F10102C5F8C4209CD132
:10CD2000A1E71B4B41F6EF611A4A1B4806F044FD90
:10CD30001A4B41F6F061174A194806F03DFD0024F0
:10CD40008CE7184B41F63171124A174806F034FD52
:10CD5000164B41F631710F4A154806F02DFD154B63
:10CD600041F634710B4A144806F026FD134A126846
:10CD7000002A3FF470AF124B41F62571054A114865
:10CD800006F01AFDC8A9002058A7002044A70020DB
:10CD90001C140020C8730060B04E006030140020E6
:10CDA0007C4E0060B4160020E04D0060EC150020C1
:10CDB000144E006060140020AC4D00602CAB0020CD
:10CDC00040140020484E00602DE9F041DDF8188045
:10CDD000002800F0BE8003290F4600F2C1801646ED
:10CDE0001D460446FDF7B6FDEFF3118C4FF020030E
:10CDF00083F31188BFF36F8FBFF34F8FB8F1000F2C
:10CE000006D007F1300304EB83035B68C8F80030F9
:10CE1000E319022193F8D42083F8D410D3B2042D5F
:10CE200000F2CA80DFE805F00B4A55060300022B2A
:10CE300000F09D8007F1300104EB81014E60012B71
:10CE400004D001208CF31188BDE8F081636B002BC6
:10CE500040F08F805E4B1B68002B45D05D4B1968FE
:10CE60009A68B1F15A3F40F09280D969B1F15A3FC6
:10CE700040F08D80216AB1F15A3F40F08F80A16B64
:10CE8000B1F15A3F40F08A805968D0680131596049
:10CE900004F12001C4E90A208160D160E26B636380
:10CEA0004D4B1B68DB6B9A42CBD9079B13B1012317
:10CEB000079A1360494B01221A60C2E704EB87010D
:10CEC000012BD1F8C42042EA0602C1F8C420B8D12F
:10CED000BCE704EB8701012BD1F8C42002F1010269
:10CEE000C1F8C420ADD1B1E7A369D4E903129868B1
:10CEF000CA609160211D8842394808BF9A600022AB
:10CF00000568A2615A68013A5A600123E26B9340B6
:10CF10002B4303605001334B1D5803EB4213B5F113
:10CF20005A3F98682CD1DD69B5F15A3F28D1656820
:10CF3000B5F15A3F39D1E569B5F15A3F35D15D6850
:10CF4000C6680135E0602661B160C160A3615D60C3
:10CF5000A6E7254B41F66971244A254806F02CFCCA
:10CF6000244B41F66A71214A234806F025FC002033
:10CF700068E7224B41F6BF711C4A214806F01CFCB1
:10CF8000204B41F6C471194A1F4806F015FC1F4B8F
:10CF900041F6DA71154A1E4806F00EFC1D4B41F6AB
:10CFA000DA71124A1C4806F007FC1C4B41F6C471AA
:10CFB0000E4A1B4806F000FC1A4A1268002A3FF489
:10CFC0003EAF194B41F6B471084A184806F0F4FB1D
:10CFD000C0A9002060AA002044A7002038AB002090
:10CFE000C8A9002058A700203014002080730060DA
:10CFF000784D00601C140020444D00606014002037
:10D00000DC4C0060EC150020A84C0060E41A002005
:10D01000404C0060A01400200C4C0060B4160020AE
:10D02000744C00602CAB002040140020104D0060B8
:10D03000254B1A6870B5064682B01AB11A68126C90
:10D04000824219D94FF0E023D3F8043DDBB2002B24
:10D0500036D01E4D0A24013C28463146203DFEF7BD
:10D0600097FA84B10028F6D04FF0E023D3F8043DBE
:10D07000DBB2FBB102B070BD1A68126D8242E1D31F
:10D08000186802B070BD0028EED1114B1868FEF789
:10D090007FFA0028E8D10F4B1868FEF779FA0028CC
:10D0A000E2D10D48FEF774FA0028DDD10B48FEF7F7
:10D0B0006FFAD9E70190FDF71DFC019802B070BD31
:10D0C000FDF7F2FBC5E700BF44A7002078A80020C9
:10D0D0004CA7002050A700200CAB0020ECAA002099
:10D0E000F0B5124C83B0FDF7DFFB256825B103B026
:10D0F000BDE8F040FDF7FEBB0D4F0E4E3846FDF784
:10D10000F3FA3046FDF7F0FA0B4A0095102117604C
:10D110000A200A4A0A4B16600A4AFDF795FD20606C
:10D1200003B0BDE8F040FDF7E5BB00BF30AB002029
:10D13000CCA90020ECA9002048A7002054A700207B
:10D1400084AA0020F8A800202DE9F047DFF8849099
:10D1500005460F46D9F800305B691C6904F10408E4
:10D160004046FDF74DFB94F830305A070DD423F0BC
:10D170000103204684F83030A36ABDE8F047184721
:10D1800093421BD83546A36A9847236A7A1B2046E8
:10D190006461EE182CBF01210021B742A660EFD2D6
:10D1A000AF4201D20029EDD0D9F800004146FDF789
:10D1B000E9FAA36A2046BDE8F0471847044B414608
:10D1C0001868FDF7DFFAA36A2046BDE8F047184764
:10D1D00054A7002048A700202DE9F04F914E85B0BC
:10D1E000DFF854824FF0000A8F4FDFF85092336817
:10D1F0005D68002D00F0D7805B695D68FEF7B8FEC2
:10D20000FFF732F8D8F80030044698426AD38542D6
:10D21000C8F8000000F2F680FEF7B2FE214628466C
:10D22000FFF792FFCDE900AACDE902AA00226946E4
:10D230003868FDF7F1FE0028D9D0009B002BC0F222
:10D24000A080029C002CF1D0A36913B1201DFDF732
:10D25000D7FAFFF709F8D8F800300546984212D3FC
:10D26000009BC8F80050013B082BDFD8DFE803F033
:10D27000151579638015157963005B694FF0FF31EF
:10D280005868FFF761FF33685A68002AF5D1D9F86A
:10D290000020C9F800303260E2E794F830C0019A0B
:10D2A000216A4CF001006461531884F830002CBFEF
:10D2B00001200020AB42A3606CD8AA1A914200F270
:10D2C000A3801CF0040F23D12CF0010384F830302C
:10D2D000A36A20469847A9E75B694FF0FF31586879
:10D2E000FFF732FF33685A68002AF5D1D9F80020D9
:10D2F000C8F80040C9F800303260FEF741FE91E7FF
:10D30000EB1A994278D8A36A20469847216A5B466F
:10D3100011EB030B64612CBF012200225D45C4F8B0
:10D3200008B0EDD29D4201D2002AECD0211D306818
:10D33000FDF728FACCE794F83020019B42F0010277
:10D34000236284F83020002B64D02B44211D6461BB
:10D35000AB42A36094BFD9F800003068FDF712FA21
:10D3600064E794F8303023F0010384F830305DE74F
:10D3700094F830309A073BD523F0010384F830301D
:10D3800054E7019BDDE902019847009B002BFFF663
:10D390004DAF56E7AA4201D9002892D0211D30682E
:10D3A000FDF7F0F942E7FEF7E3FDFEF75DFFD8F881
:10D3B00000300446834295D8D9F80030C8F80040C0
:10D3C0005A68B2FA82F25209291B3868FEF7B8F897
:10D3D000FEF7D6FD00287FF425AF4FF0E0234FF095
:10D3E0008052C3F8042DBFF34F8FBFF36F8F19E73F
:10D3F000204603F0A5FB19E7211DD9F80000FDF731
:10D40000C1F965E70022DFE7211DD9F80000FDF72B
:10D41000B9F90BE7054B40F20E41054A054806F005
:10D42000CBF900BF48A7002030AB0020480A0020FD
:10D430001C7100606061006050AA002054A70020A9
:10D4400030B589B0FFF74CFE114B1B68CBB10024FF
:10D4500007AA06A905A80925CDE9054406F0D8F9CB
:10D460002346079A0095DDE90501CDE90110094938
:10D470000948FEF70DFC094B186010B1012009B0F6
:10D4800030BD074B4FF4A371064A074806F094F9E4
:10D4900030AB00206C1C0020995D000034AB0020F4
:10D4A000741C00208C710060046400602DE9F04160
:10D4B000804634200D4616461F4603F039FB0446CD
:10D4C000A8B1002380F83030A5B1FFF709FE069B14
:10D4D000201DC4F80080A362C4E90857FDF718F9BD
:10D4E0002EB194F8303043F0040384F830302046F5
:10D4F000BDE8F081034B40F2A911034A034806F04E
:10D500005BF900BF501C0020B470006068630060CD
:10D5100010B5144C84B0236893B188B105290290EA
:10D52000CDE9001216DCFFF753F902284FF0000393
:10D5300009D069461A462068FDF700FC04B010BD0A
:10D54000002004B010BD069A69462068FDF7F6FB7E
:10D5500004B010BD044B4FF4EB71044A044806F0CC
:10D560002BF900BF30AB00207C1C002080700060D5
:10D570003463006008B5054B186800B108BD044B62
:10D5800040F22121034A044806F016F934AB00208A
:10D59000A01C00202C700060CC62006000F09ABAE1
:10D5A00000B54FF0FF3483B0002300941A461946AB
:10D5B0001846FFF7A3FA00F0DBF9F5E700B50A24F7
:10D5C00083B0002300941A4619461846FFF796FACE
:10D5D00006F00EF9F5E700BF30B5154883B000241A
:10D5E0004FF4807201902346124900941248FEF7CE
:10D5F000A3FB012211492346114800911146FFF770
:10D6000055FF0546FEF730FE234602460121284617
:10D610000094FFF77DFF0B4D082023464FF48072E6
:10D620000949CDE900050948FEF786FB03B030BD86
:10D63000FCA00020486400607D6100005D61000086
:10D640004064006000A10020386400606161000057
:10D65000EFF311814FF0200383F31188BFF36F8F35
:10D66000BFF34F8F044A13780133DBB2012B1370E1
:10D6700008BF5170704700BFCC1F0020044A1378C8
:10D68000013BDBB2137013B9537883F311887047F1
:10D69000CC1F00200449054A4968054B19601368EE
:10D6A00001331360704700BF001000E0F0A80020B5
:10D6B000ECA800200B6830B5DDB25A4CC3F3072349
:10D6C0004FF0010EC5EB051C2468093B2A0100EB55
:10D6D0008C0CCCF83C408CF838E0122B3AD8DFE8C0
:10D6E00003F04D393939396C860A393939393939C4
:10D6F000393939393A008B89B2EE047A521BDFEDA1
:10D700004A6ADBBA00EB820207EE903AF8EEE77A5B
:10D7100087EE876A82ED086ACB89DBBA07EE903A1A
:10D72000F8EEE77A87EE876A82ED096A0B8ADBBA40
:10D7300007EE903AF8EEE77A87EE876A82ED0A6A9A
:10D740004B8ADBBA07EE903AF8EEE77A87EEA67AD4
:10D7500082ED0B7A30BDCB68521BF2EE046A00EB0F
:10D7600082001BBA03630B8ADBBA07EE903AF8EE2D
:10D77000E77A87EEA67A80ED0D7A30BDCB68521B32
:10D78000B2EE046ADFED296A00EB82021BBA536035
:10D790000B8ADBBA07EE903AF8EEE77A87EE867AE4
:10D7A00082ED027A4B8ADBBA07EE903AF8EEE77A1E
:10D7B00087EEA67A82ED037A30BDCB68521B9FEDCF
:10D7C0001C7A1BBA00EB820207EE903AF8EEE77A79
:10D7D000C7EE876AC2ED046A0B691BBA07EE903A7E
:10D7E000F8EEE77AC7EE876AC2ED056A30BDCB680E
:10D7F000521B9FED0F7A1BBA00EB820207EE903AA4
:10D80000F8EEE77AC7EE876AC2ED066A0B691BBAC3
:10D8100007EE903AF8EEE77AC7EE876AC2ED076A3C
:10D8200030BD00BFF0A800200000484200007A444C
:10D8300000401C460B464FF47052002110B50446C0
:10D8400040F8043B04F004F8204610BD4FF4705239
:10D850000021043003F0FCBF30B50E4D87B0044604
:10D86000EC460FCDACE80F0095E803008CE8030010
:10D870002068694603681B68984703466946204646
:10D8800033B19DF80730002BF2D0FFF713FFEFE71D
:10D8900007B030BDC80300202DE9F0410F4C86B021
:10D8A000076816BA41F44075EC464FF004084FF093
:10D8B000010E0FCCACE80F0094E803008DF80B804C
:10D8C000039600958DF807E08CE803003B686946F5
:10D8D00038465B68984706B0BDE8F081C803002071
:10D8E000C1EB011100EB810090F83800704700BFD8
:10D8F000C1EB011100EB8100C06B7047C1EB01115E
:10D9000000EB810040687047C1EB011100EB810022
:10D9100090ED020A704700BFC1EB011100EB8100DE
:10D9200090ED030A704700BFC1EB011100EB8100CD
:10D9300090ED080A704700BFC1EB011100EB8100B8
:10D9400090ED090A704700BFC1EB011100EB8100A7
:10D9500090ED0A0A704700BFC1EB011100EB810096
:10D9600090ED0D0A704700BF4FF6FF7303807047BC
:10D9700070B5EFF3108272B60C4C206880B10C4E7B
:10D9800000254369236073B19D6102B962B6836863
:10D9900045779847EFF3108272B620680028F0D1DF
:10D9A00002B962B670BD3360EFE700BFD4A00020BB
:10D9B000D0A00020FFF7DCBF10B41A4C2368F3B1ED
:10D9C000026819688A420FD2891A00228360C260F5
:10D9D0001960D860206002235DF8044B037570471E
:10D9E0001C68A2420FD321461C4694469B68521ADB
:10D9F0000260002BF4D1C0E90234A060EBE7C0E97B
:10DA000002332060E7E7A1EB0C018360022221448E
:10DA1000DC68C460D860C468A06019605DF8044B1D
:10DA200002757047C4A000200449054A4968054BA7
:10DA30001960136801331360704700BF001000E0E5
:10DA4000F0A80020ECA8002038B5EFF3108572B6DE
:10DA5000437F3BB9027F0446012A06D0032A0ED039
:10DA60000123637705B962B638BD10490A6892B1DF
:10DA70000F4A43611368106083615861F0E70D48F5
:10DA80000D4A016869B163611368A3615C61146048
:10DA9000FCF7CAFFE4E7064B08601860C0E90522FE
:10DAA000DEE7C4E905110460F1E700BFCCA0002067
:10DAB000D8A00020D4A00020D0A0002090F81CC046
:10DAC0004160BCF1020FC26001D183681847FFF7C3
:10DAD000BBBF00BFF8B5224D2C6834B30026214FE0
:10DAE00005E0836898476368C3B92C68ECB1226885
:10DAF000002A32D1A36803B1DA6020692B60036881
:10DB000026751B68BB4222D1037F4660022BC4608E
:10DB1000E7D0FFF799FF6368002BE6D0204623602B
:10DB2000FFF74AFF2C68002CE1D10F4B1A686AB14D
:10DB3000EFF3108272B600211C6819605AB12CB143
:10DB40002046A468FFF738FF002CF9D1F8BD224623
:10DB500000219847C7E762B6F1E7013A2260E4E79F
:10DB6000C4A000207D660000C8A0002001207047EE
:10DB7000B0F84630B0F848209BB292B2934202D23D
:10DB8000013AD01A7047416B01390A44D01A7047E4
:10DB9000016972B6B0F84A20B0F84C3092B29BB22C
:10DBA0009A423CBF806B1218C86AD31A62B6C0F39F
:10DBB00002601844704700BFB0F84A100246B0F83F
:10DBC0004C3089B29BB2994210B4046914D001332D
:10DBD000906B116B984298BF0023994206D85B1A4C
:10DBE000526AD05CC0B25DF8044B7047126A5DF8AF
:10DBF000044BD05CC0B2704772B6B0F84A0080B235
:10DC0000814201D062B6E2E7E36A13F0E06F03D12C
:10DC10004FF0FF3062B6E6E7E36901200024116AA5
:10DC2000A2F84A00C3F30900DBB2A2F84C404B70E3
:10DC3000F0E700BFB0F84A100246B0F84C3089B2A5
:10DC40009BB2994230B4046925D00133946B9C4255
:10DC500016D9106B1FFA83FC984217D9106AC05C62
:10DC6000C0B2956DA2F84CC045B199421CD3CB1AF5
:10DC7000D16B994202D3D36DC5F8883030BC704760
:10DC80004FF0000C106B63469842E7D8181A556A9B
:10DC9000285CC0B2E5E7084672B6B2F84A1089B20D
:10DCA000884204D062B6D0E70C44E31AE0E7E36AA6
:10DCB00013F0E06F03D14FF0FF3062B6DEE7E069AA
:10DCC000C0F30900F9E700BF90F8443043B110B544
:10DCD000044605F06DFD94F84430002BF9D110BDD9
:10DCE000704700BF38B5D0E90453D3E9031209687F
:10DCF000114228D090F84420044632B105F058FD76
:10DD000094F84430002BF9D1636900210E4AA961CF
:10DD1000207E03EB0010007D02EB0010456805201B
:10DD20002860657E03EB051393F8343002EB031291
:10DD3000A36D52681060A4F84A10A4F84C1013B1F7
:10DD4000E26DC3F8842038BDB86A006007EE901A0F
:10DD50009FED997A0421B6EE005AF8EE677A9FEDAE
:10DD6000976A41F6FF7CC7EE275A2DE9F047144623
:10DD70008E460569012207EE901AF8EEE77A85EEE5
:10DD8000A77A77EE057AFDEEE77A17EE903A6345CB
:10DD9000A8BF6346012BB8BF012307EE903AF8EE07
:10DDA000E76A76EEC76AC6EE877AF5EEC07AF1EEDC
:10DDB00010FA48BFF1EE677AF4EEC67AF1EE10FA87
:10DDC00003D8B0EE676A8E461A4601312129D2D1B6
:10DDD0000023416904F40076A0F84A30B1F85AC033
:10DDE0009E42A0F84C30B1F85860A0F84630A0F838
:10DDF000483080F84430836BCF68A3EB0606A3EB72
:10DE00000C03C0E90F633B680E6943EA06033B60FD
:10DE100014BF01230023837640F0A980037E684E5F
:10DE200001EB0318DFF8BC9198F81470D8F81CA027
:10DE300006EB0717BB68C3F800907B68D8F818702A
:10DE40001F60BAF1000F03D0D8F82030CAF80030B4
:10DE5000477ED92301EB071898F834C006EB0C1C59
:10DE6000DCF808703B60DCF80430D8F838701F60CC
:10DE7000437E01EB0313DF6B0FB11B6C3B60BEF104
:10DE8000080F0EF1FF3CCCBF4FF0000E4FF0010E1B
:10DE900042EA4E434FEA0C6202F0F852134300226A
:10DEA0002B614B7849681033EA60464A42F82310E8
:10DEB000BFF34E8F42694FF0010E434904F0030C4B
:10DEC000577892F85620414B7A544FF00217416927
:10DED0004A7803EB521302F01F029B000EFA02F283
:10DEE0001A60EF62AB6A43F08803AB6263073AD40F
:10DEF0004CF4701304F00F02042A827E08BF43F032
:10DF00008043A7062AD543F08053002A36D126073E
:10DF1000AB6103D52B6943F000532B616B69E206BB
:10DF200023F0805348BF43F080536B61E30503D572
:10DF30002B6943F400532B618B686BB1244D2C7813
:10DF4000002C37D0234B03EB840101E08B4224D01B
:10DF500053F8042F9042F9D1BDE8F087002AD6D0BB
:10DF600043F0A003D3E71C4B4CEA0303C2E7477E10
:10DF70004FF2D903124E01EB07186DE7427E43F0D2
:10DF8000A00301EB021292F8342006EB0216B668E9
:10DF9000326822F440423260B9E7621CD2B20F49C3
:10DFA0000F4B2A7043F824000B7843F002030B70E8
:10DFB000BDE8F0870122F2E7001BB74BEC78AD60BB
:10DFC000B86A00600024002000E400E04038003817
:10DFD0004BAB0020D8A0002010003C005AAB002022
:10DFE000DCA0002038F00100EFF31380C0B9EFF39C
:10DFF00010834BB9EFF305823AB94FF48073EFF316
:10E00000118058B1984209D270470F2A03D8EFF314
:10E01000118218467047044B9B5CF0E71846704726
:10E020004FF0FF30F0E700BFF0E300E0036D2DE9B3
:10E03000F04104460F46066913B1426DC3F88420CF
:10E04000A37E2BB172B6B36943F00053B36162B6DD
:10E05000B4F84650636BADB20135AB424CD84FF0CB
:10E0600000084546B4F848309BB29D4219D028E0DC
:10E0700073691B0210D5B4F84830626B9BB2013350
:10E080009A4236D99AB2E16A99422DD9E169CB5CBC
:10E09000DBB2F361A4F84820B4F848309BB2AB423D
:10E0A0000FD1FFF7A1FF6369B3F856308342DFDA7F
:10E0B000FF28F1DD05F07CFBB4F848309BB2AB42A1
:10E0C000EFD0E36AFFB2AB4219D9E3695F5572B68C
:10E0D000012084F84400A4F84680B36943F40003A7
:10E0E000B36162B6BDE8F0815B1AA16ACB5CDBB2BA
:10E0F000CFE700221346C6E71FFA85F8B2E7ED1A0C
:10E10000A36A5F55E3E700BFFFF790BF0269536959
:10E1100013F4401F70B537D0D16A11F0E06FC1F32E
:10E12000026C2ED0B0F84A30B0F84CE09DB21FFA25
:10E130008EFED1696E1C846BB0F84C30C9B2B4420B
:10E1400098BF00269BB2B34207D0046BB442A6EB43
:10E15000040465D9046AA15535460CF1FF3313F068
:10E16000FF0CE6D1ABB2816DA0F84A3049B17545DC
:10E1700059D3A5EB0E03046C9C4202D8C36DC1F8C1
:10E1800084305369D90246D495692B0229D5536945
:10E190001E0226D5B0F846C0B0F848301FFA8CFCF5
:10E1A0009BB206E0C169C95CC9B2D161D16A4C05B4
:10E1B00012D463453CD0446B0133C16A9C4298BF82
:10E1C00000239942A3EB0104ECD8816A095DC9B22E
:10E1D000D161D16A4C05ECD599B26345A0F84810DD
:10E1E00028D0690216D553695B0213D50021036D4F
:10E1F00080F8441013B1416DC3F88810837E2BB1B1
:10E2000072B6936923F00053936162B6936923F465
:10E210008003936170BD536943F480135361B3E786
:10E22000456A295598E7836BA3EB0E032B44A2E7BD
:10E23000A0F84830936923F400039361936943F491
:10E2400080039361CDE700BF0148FFF75FBF00BFC8
:10E250006C1F0020084601F033BB00BF2DE9F041E0
:10E260000C46D1B1EAB180468E1800250E4F04E06D
:10E2700001F026FBB44205440CD0D8F8003014F865
:10E28000010B1B68BB42F3D0014640469847B4429D
:10E290000544F2D12846BDE8F0810D462846BDE888
:10E2A000F0811546F6E700BF156E000000B5036863
:10E2B00083B040F60D2C022201A95B68ADF804C0C2
:10E2C000984703B05DF804FB054B022888BF03465E
:10E2D00010B41C68184663685DF8044B184700BF0B
:10E2E0005C1F0020884200DB704730B4124C091AD2
:10E2F0002368EBB1114A124D82FB032CDA179C44C0
:10E30000C2EB2C4244F2A71C05FB12330D4D05FB5A
:10E3100002F20CFB0322002A0CDA6FF000431344D4
:10E320002360B3FBF1F201FB123330BC1844704799
:10E33000054BF5E71346F3E7546400205F0B4E836B
:10E340001DF30100ECF4FFFF42CE0C1F2A2849D830
:10E35000F8B5254F04463B78E3B9244B1B5DFF2BF2
:10E3600029D0234A02EB041291680A6802F4405053
:10E37000B0F5805F30D01C061FD41E4C2360236A8A
:10E38000D80704D405F014FA236AD907FAD5194B33
:10E39000586AF8BD174D184E01E005F009FAAB6C4C
:10E3A0001B06FAD4B36C13F08003F6D13B700F4B0D
:10E3B0001B5DFF2BD5D10020F8BD0F4C03F07F0370
:10E3C0002360236ADA0704D405F0F2F9236ADB0735
:10E3D000FAD5094B586AF8BD22F480521C060A602F
:10E3E000EBD4CAE7002070474DAB00201007002097
:10E3F000B86A006000400C4000800C40082830B42F
:10E4000022D00A2814BF4FF446714FF40571104C06
:10E41000104D636C626C2B400F4802F003021A43EC
:10E42000636C03F0E00313430B436364436C426C7F
:10E430002B4002F003021A43436C03F0E003134342
:10E44000194330BC416470474FF44071DFE700BFAF
:10E4500000400C4000FCFFFF00800C4000B97047FA
:10E460002DE9F84F01218146224C234D234E54E8DB
:10E47000003F2A68306844E80013002BF7D1204998
:10E480004B684FF47A7BDFF87CA01B1A01270BFB4B
:10E4900002F8DAF80020A2FB03235B4594BF9844FE
:10E4A000D84454E8003F2A68306844E80073002BE1
:10E4B000F7D14B68DAF800C01B1A0BFB02F2ACFB79
:10E4C00003C3B3F57A7F94BFD21802F57A72A2EB38
:10E4D0000802B2F57A7F08D3B9F1010F08F57A780E
:10E4E00009F1FF39DDD1BDE8F88F05F061F9044984
:10E4F000D7E700BFF4A80020F0A80020ECA8002077
:10E50000001000E0E8A8002030B40F4B4FF0010CE1
:10E510000E4D0F4C53E8002F2868216843E800C2D5
:10E52000002AF7D10B4B5B680B4A5B1A4FF47A71E8
:10E53000126801FB00F0A2FB032330BC8B4294BFA6
:10E54000C0184018704700BFF4A80020F0A80020B1
:10E55000ECA80020001000E0E8A8002036280BD826
:10E56000064B020103EB00109A58C36892681A42E6
:10E5700014BF01200020704700207047B86A006077
:10E58000362827D80201154B012903EB00109B58B0
:10E5900030B45A68D0E902540DD004290BD022EAD5
:10E5A00004025A6099B1022915D003290CBF0C4B03
:10E5B0000C4B2B6006E0224301295A6007D040F63D
:10E5C00038032B604368152230BC1A60704738232B
:10E5D0002B60F7E77047044B2B60F3E7B86A0060E5
:10E5E000383001003800010038F00100844641EA6B
:10E5F000000313F003036DD1403A41D351F8043BBB
:10E6000040F8043B51F8043B40F8043B51F8043B0C
:10E6100040F8043B51F8043B40F8043B51F8043BFC
:10E6200040F8043B51F8043B40F8043B51F8043BEC
:10E6300040F8043B51F8043B40F8043B51F8043BDC
:10E6400040F8043B51F8043B40F8043B51F8043BCC
:10E6500040F8043B51F8043B40F8043B51F8043BBC
:10E6600040F8043B51F8043B40F8043B51F8043BAC
:10E6700040F8043B51F8043B40F8043B403ABDD21B
:10E68000303211D351F8043B40F8043B51F8043BBD
:10E6900040F8043B51F8043B40F8043B51F8043B7C
:10E6A00040F8043B103AEDD20C3205D351F8043B4C
:10E6B00040F8043B043AF9D2043208D0D2071CBF18
:10E6C00011F8013B00F8013B01D30B880380604641
:10E6D000704700BF082A13D38B078DD010F00303B7
:10E6E0008AD0C3F10403D21ADB071CBF11F8013B27
:10E6F00000F8013B80D331F8023B20F8023B7BE776
:10E70000043AD9D3013A11F8013B00F8013BF9D2A0
:10E710000B7803704B7843708B788370604670473A
:10E7200001F1FF3C70B5864666460846002100E0D0
:10E730000131BEFBF2F502FB15E4E3B2092C03F153
:10E74000370403F130038CBFE3B2DBB29645AE462B
:10E7500006F8013FECD24B1C0022C418C25479B118
:10E7600062461CF8015F14F8016DA0EB0C03023245
:10E770008CF80060013B121A25700B449A42EFDBC3
:10E7800070BD00BF00230F2248F2B82C194610B507
:10E790004FF470444FF4806EA0F88C414FF4604405
:10E7A000A0F88E210A46A0F89031B0F888319BB2CB
:10E7B00043F0F003A0F8883101EB4103013100EB95
:10E7C000431304299C80A3F806E05A841A865A80D1
:10E7D0005A81A3F80EC05A82DA825A83DA83EBD1C7
:10E7E000B0F888319BB243F00F03A0F88831B0F83D
:10E7F00088319BB243F47063A0F8883110BD00BF2C
:10E80000374B384A996F384841F47F0170B59967A2
:10E810000F26D3F8801041F2010545F6C0540A4393
:10E82000C3F88020FFF7AEFF00F58040FFF7AAFF96
:10E8300000F58040FFF7A6FF00F58040FFF7A2FF3C
:10E840000022A0F5031043F2260E114600EB4213FE
:10E850004FEA421C01329981042A5981DE819D824E
:10E86000DC8020F80C101982A3F80CE0EED1002215
:10E870001E484FF00F0E41F20106114645F6C055F5
:10E8800043F2260400EB42134FEA421C0132998105
:10E89000042A5981A3F80EE09E82DD8020F80C1036
:10E8A00019829C81EED1002211484FF00F0E41F2E7
:10E8B0000106114645F6C05543F2260400EB42130B
:10E8C0004FEA421C01329981042A5981A3F80EE0D3
:10E8D0009E82DD8020F80C1019829C81EED170BDE3
:10E8E00000C00F40000003FC00C03D4000001E407F
:10E8F00000401E40074A506A936A19468446506A8F
:10E90000936A9942F9D18445F7D1DB0B43EA404041
:10E91000704700BF00400D40836BF0B41BB15368DB
:10E9200043F40043536072B6446B3CB31A4B22600D
:10E93000D3F8B0410C421DD1184E776804E07468DA
:10E94000E41BB4F5166F0BD2D3F8404144F4804475
:10E95000C3F84041D3F8B851D3F840416404EED530
:10E960000D4007D10C4CC0E90225D4F8B0310B435F
:10E97000C4F8B031426362B6F0BC7047064DC0E9DE
:10E980000224D5F8B0310B43C5F8B03102634263BD
:10E9900062B6F0BC704700BF00002E40001000E0DF
:10E9A00070B5056B95B106462B46002403E01B6845
:10E9B0000134012B0BD05A681206F8D533632CB101
:10E9C0002846B36B2D689847013CF9D170BD0022F1
:10E9D0000023C6E90C23F2E730B4D9B91F4C204B11
:10E9E0000021204A01254FF0011099601D60C4E903
:10E9F000023180245C60C2F8BC01D2F8B0311A4800
:10EA00002B43C2F8B0310160D2F8B031002BFBD1FA
:10EA100030BC70470904154B104C012541F08001B2
:10EA20009860104A596000F580511D60D96000F56A
:10EA30000051A364196100F5405100F5804059610F
:10EA400000219861E164D2F8B03143F48033C2F818
:10EA5000B031D2F8B031002BFBD1C0E7000000206C
:10EA6000C026002000002E4024A70020E026002021
:10EA7000074901220B78824023EA02030B7033B965
:10EA8000044AD2F8483123F08003C2F84831704775
:10EA900051AB002000002E402DE9F04FA24C83B076
:10EAA000D4F84461F107C4F844614ED5D4F8AC31D0
:10EAB000002B45D09D4D9E4FDFF89082DFF89C9251
:10EAC000C4F8AC31D5E90A20D4F8403143F40053FE
:10EAD000C4F84031D4F840319B04F5D5D4F8403126
:10EAE0004FF0011123F40053C4F84031C4F8B411BD
:10EAF000D4F8B43113F00113FAD191B284463B60DB
:10EB0000B1F5086F00F0518100F2988040F2023EAA
:10EB1000714500F0AD8100F2A880822900F00082EA
:10EB2000B1F5817F00F0D081802940F09980814843
:10EB300002210380FFF750FFD4F8AC31002BBFD186
:10EB4000794AD2F8BC31002B44D1720616D5764BE7
:10EB5000D3F8AC21C3F8AC21D3F8BC21C3F8BC2155
:10EB6000D3F8B041002CFBD14FF0FF32C3F8B421F1
:10EB7000D3F8843100F03EFD6F4B1C60F40103D5E7
:10EB80006E4B1B6803B19847B00103D56C4B1B68F3
:10EB900003B19847710708D5634BD3F8843113F458
:10EBA000007348D0674B01221A705F4BD3F848318D
:10EBB0001A060AD5330608D5634A13782BB1013BF0
:10EBC000DBB21370002B00F07B82BFF34F8F03B0DA
:10EBD000BDE8F08F5649C2F8BC310868034240F0E6
:10EBE000B681554A12681340AFD01C0C4F4D1FFA26
:10EBF00083F811D04FF0010994FAA4F7B7FA87F718
:10EC000005EBC71009FA07F74030FFF7C9FEBC4310
:10EC1000F2D1B8F1000F98D0012798FAA8F4B4FA0D
:10EC200084F405EBC41007FA04F4FFF7B9FE38EAE0
:10EC30000408F2D189E7434A1370B6E742F2212E65
:10EC4000714500F08D805FD8B1F5106F00F0B58090
:10EC500042F2210C614503D1010C072900F0A88183
:10EC60004FF00113C4F8C03166E7B1F5A06F00F0B2
:10EC7000E180A1F5D0610129F2D8D8F8041000296B
:10EC8000EED01FFA8CFE314B120C03E019690C33E5
:10EC90000029E5D0B3F800C09445F7D1B3F802C01D
:10ECA000F445F3D14FEA104A100A032800F0FD8121
:10ECB0001B899A4528BF9A46B2F5007F40F0E08153
:10ECC000204B234A1978234BDFF88CB0002914BF5E
:10ECD0001146194620485246FFF788FC2BF01F03C7
:10ECE0000BEB0A02BFF34F8F4FF0E021C1F8703FEA
:10ECF00020339A42FAD8BFF34F8FBFF36F8F164875
:10ED00005146FFF769FE17E742F22133994231D0AD
:10ED10004FF6C0039942A3D183B2FF2BA0D843F48E
:10ED20006E4363F30F0CA8E700002E4000000020A4
:10ED300024A70020A0A8002028A70020B0A9002018
:10ED4000B4A9002058AB002059AB0020286E006009
:10ED5000446F0060E06E006000002020C0260020AC
:10ED600080B238B9B24BC2F307421968B14B19608F
:10ED7000B14B1A700023C5F84890EB64C9F808300D
:10ED80000123C9F800308023C9F804304FF0011383
:10ED9000C4F8BC31D4F8B03143F48033C4F8B03196
:10EDA000D4F8B031002BFBD1C6E6A44B0121A44816
:10EDB0001B780370FFF710FEBEE6A049C2F30742BE
:10EDC00001934FF0800A0A709E4AC4F8C8219E4AF7
:10EDD000C4F8CC219D4AC4F8D02100F00DFC019B61
:10EDE00052469B48194602F033FD9A4A9A49C5F8A3
:10EDF000A02002F13C42019B02F56C22C1F804A064
:10EE0000EB6402F56F72A9648B60C5F8E020012203
:10EE10000A604FF00112C4F8BC21D4F8B02142F4CA
:10EE20008032C4F8B0218D4A3B60D2F8B031002B5B
:10EE3000FBD181E68849EB648B600123A9640B60F8
:10EE400080234B604FF001138449C4F8BC31D4F8DF
:10EE5000B03143F48033C4F8B031D1F8B031002B75
:10EE6000FBD1130C5B0643F08073C1F8543163E6A9
:10EE700010F0780F83B27FF4F3AE03F07F01784A8D
:10EE800013F0800F52F8213014BF43F4803343F065
:10EE9000010342F8213000216F4BE96499600121A0
:10EEA000AB64196080216D4A59604FF00113C2F8BC
:10EEB000BC31D2F8B03143F48033C2F8B031D2F86B
:10EEC000B031002BFBD137E610F0780F83B27FF41E
:10EED000C7AE03F07F01624A13F0800F52F8213071
:10EEE00014BF23F4803323F0010342F821300021C2
:10EEF000594BE96499600121AB6419608021574A3C
:10EF000059604FF00113C2F8BC31D2F8B03143F46C
:10EF10008033C2F8B031D2F8B031002BFBD10BE610
:10EF200083B210F078007FF49BAE4D4A03F07F016E
:10EF300052F82110424A1080180636D5C90301D56F
:10EF40000123137002213E48FFF746FDF4E500203F
:10EF5000086044490C88486842F221018C427FF4E1
:10EF600040AE80B200287FF43CAE3F493F4C03C91D
:10EF7000A18086284FEA11412060A1717FF431AE53
:10EF800072B63B48017841F008010170D2F848118F
:10EF90000D0605D480200143C2F84401C2F848118F
:10EFA00062B6344A502111701BE6CB07CAD5C7E7B9
:10EFB0002C49EB60304BC1E900200122AB601A60A4
:10EFC0002E4A5A60284A9A60D4F8B01141F00101E3
:10EFD000C4F8B01102F58051D96002F500511961F1
:10EFE00002F5405102F5804259619A611B4AD2F8FC
:10EFF000B031002BFBD11849EB648B600123A9646D
:10F000000B6048F280034B604FF00113C2F8BC3133
:10F01000D2F8B03143F48033C2F8B0314FF48033CA
:10F020000E4A3B60D2F8B031002BFBD184E500BF23
:10F03000F0A80020ACA9002056AB002057AB002060
:10F04000A0A800200200CC00C80002000200C800F6
:10F05000800000205DCFC6B8C026002000002E40F2
:10F06000C0012E40405C00201CA70020A4A9002065
:10F0700051AB002059AB0020E026002080000700A3
:10F08000B2F5E06F15D1114B114A1978DFF848B08D
:10F09000104B5846002914BF114619465246FFF737
:10F0A000A5FA07238BF8013018E60B789A4528BF9C
:10F0B0009A4652460848DFF820B0FFF797FA0DE667
:10F0C0000320FFF7D5FC04F083FB00BF58AB002002
:10F0D000E06E0060446F0060000020202DE9F047E2
:10F0E0001F46831E022B01D9BDE8F087DFF84C9044
:10F0F00015460C464FEAC01A09EBC0183C220646DA
:10F10000002108F10400240402F0A2FBB5FA85F204
:10F110000123520944EA427449F80A40C8F8387099
:10F12000C8F80830002FDFD0034AB34011680B4302
:10F130001360BDE8F08700BF28A700200000002072
:10F140002DE9F0470D46811E022901D9BDE8F0875F
:10F15000C701DFF84C909246044640373C2200211C
:10F160001E4607EB09082D0408F1040002F070FBAD
:10F17000BAFA8AF2520945EA427249F80720012296
:10F18000C8F83860C8F80820002EDFD0034B1034D0
:10F190001968A2400A431A60BDE8F08728A700203A
:10F1A0000000002012048160C36101F5405342F069
:10F1B000800210B40124426001F50052046001F5A0
:10F1C000805401F58041C46081615DF8044BC0E961
:10F1D00004237047831E0A46022B00D9704700F1B2
:10F1E00010014FF0010C034B0CFA01F103EBC010BE
:10F1F000FFF792BB40000020831E0A46022B00D975
:10F2000070470121024B814003EBC010FFF784BB24
:10F210000000002040687047124A134BD2F82002C9
:10F2200020F07F40984210B584B002D200EB8000FD
:10F2300040000E4C01A90A22FFF772FA01A900232F
:10F24000204611F8012B01333AB10A2B20F8022F86
:10F25000F7D11623237004B010BD5B00DBB223701E
:10F2600004B010BD00441F40809698004C2200203E
:10F2700000F0DEBA00F0AEBA00F012BB00F0CCBA7B
:10F2800000F068BB00F03EBB0846114600F02EBB04
:10F29000F8B5144C4FF0E025134E4FF4003204EB58
:10F2A0004024124F06EB40160346C5F88C21214638
:10F2B00030463A88FFF776FF3B882344BFF34F8FF1
:10F2C000C5F85C4F2034A342FAD8BFF34F8FBFF389
:10F2D0006F8F03203146FFF78FFF4FF40033C5F8DF
:10F2E0000C31F8BD80002020002700203CAB00201E
:10F2F0002DE9F843244BC5691C884368C3F30E43CA
:10F30000E41A002C25DD2149A7B221480A780078AB
:10F31000D3B2204E8242204807D010F8039036F82E
:10F320001980C8F50072A24218DA0133002226F8CB
:10F330001570082B194E88BF134626F8152098BF64
:10F34000DAB2C554164B0A701A6814441C60BDE842
:10F35000F8832846BDE8F843FFF79ABF08EB492039
:10F3600010492246B844084401EB4521FFF73EF915
:10F370000B4A284626F81980136823441360BDE819
:10F38000F843FFF785BF00BF3CAB00204FAB002028
:10F3900050AB0020ACA80020CCA80020BCA80020C6
:10F3A000A8A80020800020202DE9F8431E4B1A78E1
:10F3B000002A37D11D4B1B78A3B31D4E02F0FF0569
:10F3C00032887AB3DFF87480C2F50069194F98F873
:10F3D00000304A46184C07EB431704EBC3242B4676
:10F3E00038462146FFF7DEFE04EB0902BFF34F8FDC
:10F3F0004FF0E023C3F8704F2034A242FAD8BFF395
:10F400004F8FBFF36F8F04203946FFF7E3FE98F864
:10F410000030002201333280DBB2032B98BF1D463F
:10F4200088F80050BDE8F88354AB002057AB0020AB
:10F430003EAB0020002800208010202053AB00208D
:10F440002DE9F04F87B00490002900F0BE80002322
:10F450005F4C604F4FF00109DFF890A15E4E0293C0
:10F4600003915E4B5E4A1D783B8802EB451284F89F
:10F4700000900192002B40F0A48098461D469B46C8
:10F480000198FFF7C7FE10F0800000F08A80BFF3FC
:10F490004F8F9AF8003084F800B00DB9D6F800808C
:10F4A000002B7AD13368A3EB0803782B00F282801B
:10F4B0004C4B1B78002B70D004F07AF93B88012567
:10F4C00084F80090002BDBD0444AC3F50060157827
:10F4D0001A46039900EBC520DFF814B1ED02914202
:10F4E000584417D20593DDE903210192FFF77EF816
:10F4F000019A4FF04041059B9B1A3B803A4BC3F861
:10F500008410BFF34F8F029800231044237007B07C
:10F51000BDE8F08F5D440499FFF768F800234FF4CD
:10F52000006229460198FFF73DFEBFF34F8F05F1BA
:10F53000200205F50063934234BF012340234FF0BE
:10F54000E02205EB4313C2F8705F2035AB42FAD1DD
:10F55000BFF34F8FBFF36F8F04200199FFF73AFE7F
:10F560001E4A13780133DBB2042B28BF002313702B
:10F570003B88039AD11A029A1A4403910292049A80
:10F580001A4400230492184A3B80C2F88430BFF327
:10F590004F8F237000297FF464AF029807B0BDE855
:10F5A000F08F4FF400620D4B8AF800001D7813466F
:10F5B0003A808EE7012302988AF8003007B0BDE850
:10F5C000F08F1A46C3F5006083E70846E6E700BF00
:10F5D00054AB00203EAB0020F0A8002053AB00202D
:10F5E0000028002057AB002000002E4052AB002026
:10F5F00080102020704700BF2D4B002180222D4815
:10F6000070B51B7800242C4E8B422C4D0CBF402330
:10F610004FF4007333802B8002F01AF9284A2146F8
:10F62000284B14704FF4807227481C8002F010F9A8
:10F63000264A1021264B0220C2E90044C2E90244B6
:10F64000244AC3E900441470234AC3E90244234B0B
:10F650001C70234614602246FFF772FD204B2246A1
:10F6600031880320FFF73AFD234601222988042030
:10F67000FFF766FD20460134FFF70AFE082CF9D19A
:10F68000184B00214A221848184C0460C3F8841013
:10F69000C3F88020D3F84821154942F08072C3F89E
:10F6A000482121B1134A137843F00103137070BD50
:10F6B00058AB0020002800203CAB002040AB0020CD
:10F6C00053AB00203EAB002000270020ACA8002058
:10F6D000BCA800204FAB0020A8A8002050AB002001
:10F6E000B17E000000002E40B0A90020697F00001C
:10F6F000000000005AAB00202DE9F84F4FF4003213
:10F700004FF0E0238A46C3F88C212B4B1C7800294C
:10F7100050D08346E4B20027DFF8B490274B584618
:10F72000274AAAEB07081B78A34204F1010438D04A
:10F73000092C244B244928BF00241E5D39F81630BB
:10F7400031F8165003EB4621ED1A1144A8452A461C
:10F7500017D242465846FEF749FF1C4939F8164071
:10F7600050460B68A044A3EB0A0329F816803B44DB
:10F770000B604FF0E0234FF40032C3F80C21BDE8DA
:10F78000F88FFEF733FF114A2F4430461368AB441D
:10F790005B1B1360E3B2084A1370FFF779FDBA45AB
:10F7A000BCD84FF0E0234FF400323846C3F80C21A8
:10F7B000BDE8F88F0846DCE750AB00204FAB0020D7
:10F7C00080002020CCA80020ACA80020A8A8002001
:10F7D000BCA800200B4B0C4A12781978D3B28A428D
:10F7E0000DD0013309480A4A092B0A4928BF0023D2
:10F7F000C35C31F8131002EB4323585C70474FF0A1
:10F80000FF3070474FAB002050AB0020CCA8002049
:10F8100080002020BCA80020044B10B51C680CB14F
:10F82000204610BD03F0C4FF204610BDA8A800204C
:10F830002DE9F84F144E154D33782A78934221D094
:10F84000DCB2DFF85090DFF850B0DFF85080104F96
:10F850000134082C5FFA84FA01D90024A24619F871
:10F860000400DBF8003038F8102037F81010521A76
:10F870009B1ACBF80030FFF70BFD86F800A02B7821
:10F88000A342E5D1BDE8F88F50AB00204FAB00207C
:10F89000BCA80020CCA80020A8A80020ACA800206C
:10F8A00000B583B001210DF10700FFF725FF20B15E
:10F8B0009DF8070003B05DF804FB4FF0FF30F9E757
:10F8C000094B00B583B01B788DF807003BB10121CF
:10F8D0000DF10700FFF7B4FD03B05DF804FB03F082
:10F8E000FF0003B05DF804FB57AB0020044B1B780E
:10F8F00003F0FF020BB1FFF7A3BD1046704700BF36
:10F9000057AB00202DE9F0410024DFF844800123AB
:10F910000D4D27460D4E88F8003033782846A34217
:10F9200005D0FFF777FC030658BF07F500670134E1
:10F930002035042CF1D1BFF34F8F0023384688F8CF
:10F940000030BDE8F08100BF0028002053AB00204C
:10F9500054AB00202DE9F8431F4B1B7813B11F4D0A
:10F960002A880AB9BDE8F8831D4FC2F500691D4E0B
:10F970003B784A461C4C06EB4316DFF8708004EBDC
:10F98000C3240123304688F8003021460023FFF7C6
:10F9900009FC04EB0902BFF34F8F4FF0E023C3F8DB
:10F9A000704F2034A242FAD8BFF34F8FBFF36F8F4E
:10F9B00004203146FFF70EFC3B78002201332A80F9
:10F9C000DBB2042B28BF13463B70BFF34F8F88F880
:10F9D0000020BDE8F88300BF57AB00203EAB0020FD
:10F9E00053AB0020002800208010202054AB0020C2
:10F9F00008B5F7F777FDF7F745FE03F0D9FEFAE70C
:10FA000008B5D0E900325BB1BAB10F4BA3FB0213CA
:10FA1000DB0803EB4303B2EB83030AD1012008BDEB
:10FA2000094BA3FB0213DB0803EB4303B2EB830395
:10FA300001D0D21A4260F02AF0D801F0CFFF1C2288
:10FA4000034600201A6008BDABAAAAAA70B550B33D
:10FA5000044619B1B2FA82F676099AB9206810B351
:10FA6000626802B3154B164902FB03F3B1EBB30F07
:10FA700019D3A368EBB9002323606360A360E3603C
:10FA8000012070BD1D46049BC0E90012C360FFF752
:10FA9000B7FF60B1002DF3D0626831462068A560E1
:10FAA00001F0D6FEECE701F099FF16230360002079
:10FAB00070BD002101F0CCFEDDE700BFABAAAAAA11
:10FAC0005555551553B94AB9002908BF00281CBF20
:10FAD0004FF0FF314FF0FF3001F00CB8ADF1080CE2
:10FAE0006DE904CE00F006F8DDF804E0DDE902235C
:10FAF00004B070472DE9F04786468C460846089EBC
:10FB0000154674461946002B40F0C1808542B2FA72
:10FB100082F245D94AB1C2F1200300FA02FC9540B5
:10FB200094402EFA03F343EA0C0C4FEA154EA8B2A8
:10FB3000230CBCFBFEF80EFB18CC08FB00F943EAD3
:10FB40000C43994528D9EB1808F1FF3704D29945A1
:10FB500002D9A8F102072B44A3EB0903A4B2B3FB1B
:10FB6000FEFC0EFB1C330CFB00F044EA0344A042F5
:10FB700014D92C190CF1FF3304D2A04202D9ACF1F4
:10FB800002032C44241A43EA07401EB1D440002348
:10FB900034607360BDE8F0874746DDE76346F1E710
:10FBA00092BB431B01214FEA154EAFB2200CB3FBB1
:10FBB000FEFC0EFB1C330CFB07F840EA03439845A0
:10FBC00061D9EB180CF1FF3004D2984502D9ACF1A1
:10FBD00002002B44A3EB0803A4B2B3FBFEFC0EFB14
:10FBE0001C330CFB07F744EA0344A7424DD92C19F8
:10FBF0000CF1FF3304D2A74202D9ACF102032C442A
:10FC0000E41B43EA0040C0E7C2F120039540944062
:10FC100020FA03F12EFA03F34FEA154E9040AFB2EB
:10FC20000343B1FBFEFC0EFB1C10190C0CFB07F888
:10FC300041EA0041884522D969180CF1FF3004D20D
:10FC4000884502D9ACF102002944A1EB08019BB21E
:10FC5000B1FBFEFC0EFB1C110CFB07F743EA014352
:10FC60009F420ED9EB180CF1FF3104D29F4202D90A
:10FC7000ACF102012B44DB1B41EA004193E76046F3
:10FC8000E3E76146F7E76046A4E76346B8E78342E7
:10FC900006D916B9002108467CE7C6E900E0F9E775
:10FCA000B3FA83F78FB9834201D3724508D8BEEB0C
:10FCB000020460EB030301209C461EB9002169E7A2
:10FCC0003846FAE7C6E9004CF8E7C7F1200CBB401C
:10FCD0000EFA07F522FA0CF42EFA0CF1BA401C4386
:10FCE00020FA0CF3B8404FEA144901431FFA84FE8E
:10FCF000B3FBF9F809FB18300B0C08FB0EFA43EACA
:10FD000000439A4540D9E31808F1FF3004D29A45E0
:10FD100002D9A8F102002344A3EB0A0389B2B3FB82
:10FD2000F9F809FB183308FB0EFE41EA03418E4542
:10FD30002CD9611808F1FF3304D28E4502D9A8F1FD
:10FD40000203214443EA0040A1EB0E01A0FB02980C
:10FD50004145CE46434602D306D14D4504D2013833
:10FD6000B9EB020E68EB0403002EA7D0B5EB0E0230
:10FD700061EB030101FA0CFC22FA07F3F9404CEAAB
:10FD80000303C6E9003199E74046C5E74346D9E792
:10FD900003685A004CBF43F0004323F0004318446B
:10FDA00070472DE9F0470546164621B34F1E4FF028
:10FDB0000009B84609EB080404EBD474641005EBA1
:10FDC000C4014FEAC40A0846FFF7E2FFA74215D074
:10FDD000B04204D9A1450DD004F1FF38EAE70AF199
:10FDE00008002844FFF7D4FF0138B04203D204F1E1
:10FDF0000109DFE700210846BDE8F087B042E9D8F5
:10FE0000F9E7012806D0022806D00028034818BFC9
:10FE1000002070470248704702487047DD8F00009D
:10FE2000E18F0000E58F00001F4B37B504468D1EA3
:10FE30004BB101A92846AFF3008048B9002309203F
:10FE4000236103B030BD1948194B1B1ADB10019315
:10FE500001992A46FFF7A5FF01460028EED0FFF7DB
:10FE600097FF4B68A064012B1BD0002B01F104000D
:10FE70000EDA0123C4E913030368002B0CDAC3F381
:10FE80000360FFF7BEFF031E0CBF09200020D7E769
:10FE9000FFF77EFF0023EDE7FFF77AFF0346002020
:10FEA000CEE700230520CBE7000000007CFC2720E4
:10FEB00044FF2720036810B50446D80706D413F082
:10FEC000020F04F1500018D000F0D6FB2368590748
:10FED00003D404F1D80000F0D7FB23681A0703D439
:10FEE00004F5AC7000F0D8FB2368DB0608D404F5F9
:10FEF000EC70BDE8104000F013BC00F0B5FBE5E786
:10FF000010BD0346006800B11844704709207047CF
:10FF1000704770B505460C46216C2846FFF784FFF4
:10FF2000064608B103F080FC236C224629460120D6
:10FF30006B612B6998470828EED00728F2D130462C
:10FF4000216CFFF7E5FF201D00F082FB2DE9F04753
:10FF50000C1DADF5767DD0F80C900746D0F818A0B2
:10FF6000164603AD0DF108080FCC0FC50FCC0FC519
:10FF70000FCC0FC594E80F0085E80F000025C8F8E6
:10FF800000500936D8F840103846FFF74DFF0446B8
:10FF9000F6B268BBD8F840304FF4F47241467CA802
:10FFA0007B61FEF723FB3B697CAA394630469847C4
:10FFB0008A9B0546C8F848303A463B463146012000
:10FFC000CDE9008AC847C0B9C4B94FF4F4727CA91E
:10FFD00040462646FEF70AFB082DD2D0072D0CD14D
:10FFE0002046D8F84010FFF793FF03A800F030FB3D
:10FFF00046F01006D8F83830DCE7092420460DF525
:02000004600199
:10000000767DBDE8F087806C7047F0B5CB6BFBB0B8
:100010000D1D06460B640F4601AC0FCD0FC40FCD6E
:100020000FC40FCD0FC495E80F0084E80F004FF008
:10003000FF33009310993046FFF7F6FE78B9336925
:100040006A463146984708280446F3D06846FFF7C9
:1000500031FF062C03D139463046FFF75AFF0920FD
:100060007BB0F0BD10B48261DA6BC16019461A64CE
:10007000002210BC6AE770B543690446C6680D46A5
:100080000B6426B10122FFF761FF03F0CDFB03698A
:100090000A46014602209847072805D00828F4D1CF
:1000A00029462046FFF735FF3046296CFFF730FF21
:1000B000281D00F0CDFAC26802B9A6E7CA6B0A642F
:1000C000002243E77047836801460BB101201847BF
:1000D000704730B5039C052911D8DFE801F005030E
:1000E0001003030E012030BD4BB90F2A07D800EBD7
:1000F0008200436800202360F5E7436CFAE70220A2
:10010000F1E71FB503AB0A46009300231946FFF73A
:10011000E0FF039805B05DF804FB30B5039C0529AA
:1001200012D8DFE801F005031103030E012030BDF2
:1001300053B90F2A08D8236800EB820043600020DF
:10014000F5E723684364FAE70220F0E71FB503AB45
:1001500003920A46009300231946FFF7DEFF05B01D
:100160005DF804FBF0B5D36BADF5117D141D0646AB
:1001700013640F4617AD0FCC0FC50FCC0FC50FCCB6
:100180000FC594E80F0085E80F004FF0FF3316937A
:1001900026996846FFF748FE90B90C2116A86A46D2
:1001A000FFF7D4FF394616A8B04748B9049B16AAF2
:1001B0006946082098470528044602D00928E7D157
:1001C000092416A8FFF776FE20460DF5117DF0BD37
:1001D0002DE9F04FCD6C87B017460C4655F8042B2F
:1001E00000F003099A46049553BB12028DF81530AE
:1001F00003230392B9F1020F8DF81430236D08BF69
:10020000A56B13F0010840F0008100F00803009393
:100210002B68FBB903A9384600F015FB002840F015
:10022000F780B8F1000F00F0F5800F213846FFF796
:1002300068FF0E2102463846FFF788FF764A4AE0FB
:10024000130C12048DF81530DBB2039205EB830515
:100250000223CFE7BAF1020FA26C4FF00F0138462C
:1002600007BFD5F804B005F10806B5F802B02E1D99
:1002700018BF2B882BF0010501931544FFF741FFB0
:10028000019B854229D823F001022A44824294BF6F
:10029000002201224FEA4B0003F0010300F00200AC
:1002A00040EA0305012D1AD0022D60D0002D40F048
:1002B000AF80351DB9F1000FAAD0002AA8D0304672
:1002C000FFF766FDA56306462046AFF300800028D1
:1002D00000F09E8032460F213FE00022DAE7B9F1BC
:1002E000000F26D1002A3FD073683268991C4FEA6C
:1002F000D27200F08D8004F158010133029109D0CF
:10030000301DFFF7FEFD02AB01462046AFF3008033
:10031000054648B30D213846FFF7F3FE022D029B38
:10032000206202D1E36204F12C030620C4E90936FD
:1003300017E0256A0D213846FFF7E3FE854213D109
:10034000A36A9E4210D13046FFF722FD0F210246DC
:100350003846FFF7FBFE224600213846FFF7F6FE3F
:10036000072007B0BDE8F08F06F1080550E73568B3
:1003700025F00045B9F1000F2AD19AB1009BCBB10D
:1003800085B9CB4618E00BF1010B019B002206EB6F
:100390008B000293FFF7B5FD02AB01462046AFF399
:1003A000008060B13368002B00DA0436013506EBBB
:1003B00085052DE7DDF800B004F158030193AB4546
:1003C000E1D10D213846FFF79CFE029B2062ACE78D
:1003D000D4F820B00D213846FFF793FE8345E1D1D4
:1003E000A36A9E42DED14FF000080423A562C4E94F
:1003F0000B83F31863633368434503DA681C06EB29
:100400008000A1E74FF00108D0E74FF0000801E7B6
:100410000920A6E70820A4E7000000000023D7E693
:100420000123D5E60223D3E62DE9F0410446C2B00C
:1004300015461F4605292AD8DFE801F00320297355
:100440009D1A27BB836B92B20121043001FA07F693
:1004500016421CBF53F8046B40F827600137102F79
:10046000F4D1A90400D4A363002042B0BDE8F08118
:10047000836B62B953F8042B4264F4E7012F4FEA0F
:10048000124896B205D108EB0603102B19D90220A9
:10049000EBE7052FFBD108EB0605202DF7D8B8F1C7
:1004A0000F0F40F28D8076B335462368580740F130
:1004B000918023F00403204640F8D83B00F0E8F890
:1004C00088E0B8F1100FE2D000257CE0052F04F1A0
:1004D000500007D123F0010343F00203236000F032
:1004E000CFF874E023F00303236000F0C1F86EE05E
:1004F000B8F10F0F02D820A800F0C2F81DB168466D
:1005000000F0C6F86DE000256DE0B8F10F0F02D8DD
:1005100020A800F0B1F8002DA6D0684600F0B4F88D
:10052000A2E7032FB3D197B2160C07EB1245102D9B
:10053000ADD80368190706D523F00803036000F55A
:10054000AC7000F0CBF820A800F0C8F820ABA26B8C
:10055000790003EBC603D51A013903EB050006D277
:1005600002EBC70220A8A26300F096F87CE70068BF
:1005700043F8040BF0E7002F89D1102A87D80368CD
:10058000DA0606D523F01003036000F5EC7000F0E6
:10059000D1F820AE304600F0CDF8A36B0022012147
:1005A00001FA02F028421CBF53F8040B46F822005F
:1005B0000132042AF4D13046A36300F0B1F853E7C6
:1005C000102D81D9103D2368DA073FF57FAF002D4C
:1005D0007FF46BAF012F8BD120A800F049F8002DDC
:1005E00091D0C8F11006A06B002E03460EDD20ABA3
:1005F000720003EBC803013AA0EB030C53F80C1094
:10060000013A43F8041BF9D200EBC603A5B14246F8
:1006100042A86900102A01F1FF3138BF102200EB17
:10062000C2021846A2F5C67250F8046B013942F8AE
:10063000046FF9D203EBC503012F08BF0433012F68
:10064000A3637FF462AF20A800F00EF80CE700BFB0
:1006500000F1340191E838009C46A6464CF8045D50
:1006600090E8FF0FE54600BD90EC210B704700BFFE
:1006700080EC210B704700BF90EC200B704700BF4F
:1006800080EC200B704700BFD0EC200B704700BF00
:10069000C0EC200B704700BFF0EC0201F0EC02113F
:1006A000F0EC0221F0EC0231F0EC0241F0EC0251EE
:1006B000F0EC0261F0EC0271F0EC0281F0EC0291DE
:1006C000F0EC02A1F0EC02B1F0EC02C1F0EC02D1CE
:1006D000F0EC02E1F0EC02F1704700BFE0EC020147
:1006E000E0EC0211E0EC0221E0EC0231E0EC02412E
:1006F000E0EC0251E0EC0261E0EC0271E0EC02811E
:10070000E0EC0291E0EC02A1E0EC02B1E0EC02C10D
:10071000E0EC02D1E0EC02E1E0EC02F1704700BF56
:10072000B0FC0181B0FC0191B0FC01A1B0FC01B1B1
:10073000704700BFA0FC0181A0FC0191A0FC01A1B9
:10074000A0FC01B1704700BFEC4600B52DE9005098
:100750002DE9FF1F4FF000032DE90C0001A9FFF761
:1007600054FCDDF840E012B0704700BFEC4600B525
:100770002DE900502DE9FF1F4FF000032DE90C007B
:1007800001A9FFF778FCDDF840E012B0704700BF28
:10079000EC4600B52DE900502DE9FF1F4FF0000396
:1007A0002DE90C0001A9FFF786FCDDF840E012B04E
:1007B000704700BFEC4600B52DE900502DE9FF1F42
:1007C0004FF000032DE90C0001ABFFF74BFCDDF807
:1007D00040E012B0704700BFEC4600B52DE9005074
:1007E0002DE9FF1F4FF000032DE90C0001AAFFF7D0
:1007F000B9FCDDF840E012B0704700BF027A034652
:100800007AB9427A82B1013A42724268111D126885
:100810000260032241601A721A68100E12021A60F6
:100820007047013AD2B2F6E7B02070471FB503AB6C
:100830000C22009300231946FFF74BFC039805B0E8
:100840005DF804FBF2E72DE9F043054685B00E465E
:100850004FF000083046FFF7D1FFB028044615D10D
:10086000B8F1000F0ED102AC43460E224146284695
:100870000094FFF72EFC43460F2241462846009481
:10088000FFF74BFC002005B0BDE8F08302061DD445
:100890004FEA8009002302AF0D225FFA89F9194659
:1008A00028460097FFF715FC09F10409029B14F094
:1008B000400F14BFA3EB09034B440293002300979E
:1008C0000D2219462846FFF728FCC3E700F0F00385
:1008D000802B18D104023046FFF790FF0443B4F593
:1008E000004F01D10920CEE7240100232846A2B2FF
:1008F0001946FFF799FD0028F4D114F4004F18BFF2
:100900004FF00108A6E7902B0DD100F00D030D2B41
:10091000E8D002AF002300F00F02284619460097E6
:10092000FFF7D7FBCAE7A02B0ED1C3434FF47F627A
:1009300003F007031A41030702F47F6201D542F472
:1009400080420023194643E0B02B5DD1A0F1B103F2
:10095000042B4DD8DFE803F0030C2D39430030465B
:10096000FFF74CFF431E0246DBB20E2BE9D9B9E775
:10097000002302AC0D222846194600940227FFF7F7
:10098000A8FB3046FFF73AFF10F08003029A06D129
:10099000B84002F5017200941044029090E700F014
:1009A0007F00B8400737104402903046FFF726FF1B
:1009B000EAE73046FFF722FF0123020300F00F00B1
:1009C00002F4702201300243BCE7002305211A46DD
:1009D0002846FFF729FD00283FF43CAF82E703AB30
:1009E0000D222846009300231946FFF772FB31E7DA
:1009F00000F0FC03B42B3FF475AF00F007020123B5
:100A0000013242F400229DE7C02B44D1C6280AD10E
:100A10003046FFF7F3FE0323020300F00F0002F459
:100A200070220130CFE7C7280BD13046FFF7E6FE32
:100A3000431E0246DBB20E2B3FF654AF00230421C7
:100A4000C6E700F0F803C02B06D100F00F02032325
:100A5000013242F4202275E7C8280DD13046FFF755
:100A6000CDFE00F0F00200F00F000523103201303F
:100A700040EA02320121ABE7C9287FF433AF3046A8
:100A8000FFF7BCFE0523020300F00F0002F4702202
:100A900001300243EEE700F0F803D02B7FF422AFE1
:100AA00000F007020523013242F40022E2E71FB5FD
:100AB00003460846DA6C53680832190202921B0E8C
:100AC0000322019101A98DF80C208DF80D30FFF75C
:100AD000BAFE05B05DF804FB08B5FFF7B3FE806C05
:100AE00008BD08B5FFF7AEFEC06CC37900EB83000C
:100AF000083008BD704700BF024B0A46014618681F
:100B000000F002B8F821002070B5A1FB025434B9FE
:100B1000294600F03FF8064628B9304670BD0C2241
:100B200000260260F9E72A46214600F091FEF4E72C
:100B3000024B0146186800F02DB800BFF8210020D4
:100B4000024B0146186801F089BD00BFF821002062
:100B500070B50F4E0C460546316811B9F9F778FFAC
:100B6000306021462846F9F773FF431C03D14FF04C
:100B7000FF34204670BDC41C24F00304A042F8D00A
:100B8000211A2846F9F764FF0130F2D1EFE700BFE0
:100B9000D0A500202DE9F843CD1C064625F003051D
:100BA00008350C2D38BF0C25002D01DBA94204D9D6
:100BB0000C2333600020BDE8F883DFF8D480FCF715
:100BC00047FDD8F800301C4644BB29463046FFF7A5
:100BD000BFFF431C044658D1D8F800402746002FD9
:100BE00043D1002C4BD023683946304604EB03092F
:100BF000F9F72EFF814542D1216830466D1A29460A
:100C0000FFF7A6FF01303AD023682B442360D8F8C1
:100C100000305A6862BBC8F800700FE02268521BAF
:100C200020D40B2A17D96119A342256018BF596037
:100C3000636808BFC8F8001062514B603046FCF78B
:100C40001DFD04F10B00231D20F00700C21A1CBF7C
:100C50001B1AA350AFE76268A3420CBFC8F800207C
:100C60005A60EBE723466468AEE73C467F68B6E728
:100C70001A465B68A342FBD100235360DEE70C23D6
:100C800030463360FCF7FAFC94E70560D6E700BF16
:100C9000CCA50020034B10B50446196801F028FDCF
:100CA000204610BDF82100202DE9F04107461446EA
:100CB0000D4621B91146BDE8F041FFF76BBF2AB9D7
:100CC000254601F0CBFC2846BDE8F08102F0D6F8BD
:100CD0008442064602D8B4EB500FF4D82146384679
:100CE000FFF758FF804608B94546ECE7B442224674
:100CF000294628BF3246FDF779FC2946384601F0DF
:100D0000ADFCF1E7F0B52DED028BB0EE408B85B078
:100D100017460C460D9D18EE902A0C9E25F02005D6
:100D2000002AB6BF2D220022B1EE408B462D1A704C
:100D300004D0452D00D10134022100E0032103AB92
:100D4000B0EE480B2246019302AB0093334600F00D
:100D500037FF472D14D1FB070AD50219B5EE408B9A
:100D60003021F1EE10FA08BF0392039B934219D38E
:100D7000039B0E9A1B1A136005B0BDEC028BF0BDED
:100D8000462D00EB0402E9D10378302B07D1B5EEF4
:100D9000408BF1EE10FA1CBFC4F1010434603368DB
:100DA0001A44DBE75C1C03941970DEE7F7B50029F1
:100DB0000270BABF49422D232B230929437028DD35
:100DC0000DF107030A271D461A46013BB1FBF7F652
:100DD00007FB1614303402F8014C0C463146632CE4
:100DE000F2DC3031941E03F8011C411C2346AB4257
:100DF0000AD30DF109039B1AAC4288BF00230233CA
:100E00000344181A03B0F0BD13F8016B01F8016F29
:100E1000EDE7302330318370031DC170F1E700002E
:100E20002DE9F04F8DB00C4616461F46DDF8588070
:100E3000054600F02BFDD0F800B0584600F028FE23
:100E4000002394F818900A93D8F8003022680733EA
:100E5000059023F0070303F10801C8F8001093ED93
:100E6000000B9FED976BB0EEC07B84ED120BB4EEE0
:100E7000467BF1EE10FA24DDB5EEC00BF1EE10FA70
:100E800002D52D2384F843308F49904BB9F1470F99
:100E90008CBF8846984622F0040203234FF0000AD4
:100EA0002260236133460BAA21462846009700F0B2
:100EB000D1F9013040F089804FF0FF300DB0BDE82E
:100EC000F08FB4EE400BF1EE10FA09D710EE903A25
:100ED0007F49002BBCBF2D2384F843307D4BD5E7E1
:100EE000636809F0DF0A591C39D10623636042F4B4
:100EF000806200232846226003930AABCDE9019368
:100F000009AB00930DF123036168FFF7FBFEBAF113
:100F1000470F8046099929D1C81C02DB63689942B2
:100F200041DDA9F102095FFA89F901394A4604F164
:100F300050000991FFF73AFF0A9A82461318012AD6
:100F4000236102DC2268D20701D5013323619DF8B9
:100F50002330002BA6D02D2384F84330A2E7BAF12A
:100F6000470FC4D1002BC2D10123BFE7B9F1650FF0
:100F7000DBD9B9F1660F18D1002963680BDD216157
:100F800013B92268D00702D501330B4423614FF017
:100F9000000AA165DBE713B92268D20701D5023345
:100FA000F4E70123F2E74FF067090A9B994205DB5A
:100FB00023682161D807EAD54B1CE7E70029D4BF95
:100FC000C1F1020201221344E0E723685A0507D465
:100FD0002369424631462846B84701302AD16BE79B
:100FE000B9F1650F40F2E08094ED127BB5EE407BE5
:100FF000F1EE10FA33D10123374A31462846B8477B
:1010000001303FF459AFDDE90938434502DB23687D
:10101000D8070FD5059B5A4631462846B8470130B8
:101020003FF44AAF4FF0000908F1FF3804F11A0A03
:10103000C84509DC23689B0700F10781E0680B9B2A
:101040009842B8BF184639E7012352463146284630
:10105000B84701303FF430AF09F10109E8E7099BD7
:10106000002B3BDC01231C4A31462846B84701309F
:101070003FF422AFDDE9093959EA030302D12368BD
:10108000D907D7D5059B5A4631462846B84701307F
:101090003FF412AF4FF0000A04F11A0B099B5B42B8
:1010A000534501DC4B4694E701235A463146284616
:1010B000B84701303FF400AF0AF1010AEEE700BF84
:1010C000FFFFFFFFFFFFEF7F091F0020051F00202C
:1010D000111F00200D1F0020151F0020A36DDDF83B
:1010E00028A05345A8BF5346002B994637DC002360
:1010F00029EAE97904F11A020793A36D0799069387
:10110000A3EB09038B4231DC099B9A453BDC236846
:10111000DA0738D4099BAAEB0309069BAAEB030361
:101120009945A8BF9946B9F1000F34DC4FF000088B
:1011300029EAE97904F11A0B099BAAEB0303A3EB53
:10114000090343457FF776AF01235A4631462846C7
:10115000B84701303FF4B0AE08F10108ECE7424671
:1011600031462846B8470130C1D1A5E601233146B2
:1011700028460692B84701303FF49EAE079B069A78
:1011800001330793B9E7059B5A4631462846B847CD
:101190000130BFD190E6069A4B463146284642447C
:1011A000B8470130C2D187E6DDF82890B9F1010FC8
:1011B00001DCDB0736D50123424631462846B847D5
:1011C00001303FF479AE059B5A4631462846B84770
:1011D00001303FF471AE09F1FF3994ED127BB5EEA9
:1011E000407BF1EE10FA18D04B4608F1010231466F
:1011F0002846B84701300CD15EE601235A463146F5
:101200002846B84701303FF457AE08F10108C845F9
:10121000F3DB534604F15002DCE64FF0000804F122
:101220001A0BF4E701234246E1E701234A4631461F
:101230002846B84701303FF43FAE08F10108E368A3
:101240000B995B1A4345F0DCF8E64FF0000804F117
:101250001909F4E72DE9F047164698468A680746CB
:101260000B690C46DDF820909342B8BF13463360FB
:1012700091F843200AB1013333602368990642BFD5
:10128000336802333360256815F0060506D104F192
:10129000190AE36832689B1AAB422BDC94F843309E
:1012A0002268003B18BF0123920630D404F14302A8
:1012B00041463846C847013023D023681A3454F8D1
:1012C0000A2C03F00603042B0ABF54F80E5C002519
:1012D00033684FF0000608BFED1A54F8123C08BFFF
:1012E00025EAE5759342C4BF9B1AED18B5421AD1A1
:1012F000002008E00123524641463846C8470130E5
:1013000003D14FF0FF30BDE8F0870135C1E7E118A8
:101310005A1C30200233224481F8430094F84510CF
:1013200082F84310C2E70123224641463846C847A7
:101330000130E6D00136D9E72DE9FF470F7E91460F
:1013400080460C46782F9A460C9E01F1430207D83E
:10135000622F0AD8002F00F0D180582F00F0B880FB
:1013600004F1420684F842703AE0A7F16303152BBA
:10137000F6D801A151F823F0919F0000A59F00002D
:10138000219F0000219F0000219F0000219F00005D
:10139000A59F0000219F0000219F0000219F0000C9
:1013A000219F0000A3A00000CF9F00005DA00000CF
:1013B000219F0000219F0000C5A00000219F000088
:1013C000CF9F0000219F0000219F000065A000002A
:1013D00033681A1D1B68326004F1420684F84230FB
:1013E00001239CE033682068191D3160060601D591
:1013F0001D6803E04506FBD5B3F90050002D03DA64
:101400002D236D4284F8433058480A2311E02168A7
:101410003368080653F8045B02D4490648BFADB2EE
:101420006F2F3360514814BF0A230823002184F82A
:1014300043106668002EA66005DB21682E4321F06C
:10144000040121604BD01646B5FBF3F103FB1157A5
:10145000C75D06F8017D2F460D46BB42F4D9082B27
:101460000BD12368DF0708D5236961689942DEBF85
:10147000302306F8013C06F1FF36921B22614B46F1
:1014800003AA21464046CDF800A0FFF7E3FE013055
:101490004AD14FF0FF3004B0BDE8F087236843F035
:1014A0002003236078273248236884F845701F069C
:1014B000316851F8045B02D45F0648BFADB23160B9
:1014C000D90744BF43F0200323601DB11023ADE7CB
:1014D0002648E9E7236823F020032360F6E7164651
:1014E000BDE733682568181D616930602E061B68EA
:1014F00001D5196002E06806FBD519800023164665
:101500002361BCE7336800211A1D32601E686268DF
:10151000304600F06DFA08B1801B6060636823619B
:10152000002384F84330AAE72369324649464046FF
:10153000D0470130ADD023689B0713D4E068039BEC
:101540009842B8BF1846A6E70123324649464046AE
:10155000D04701309DD00135E36803995B1AAB4257
:10156000F2DCEBE7002504F11906F5E7171F002070
:10157000281F0020002310B504468360818119468E
:101580004366C28108228361C0E90033C0E90433A5
:101590005C3000F05DF90D4B246263620C4BA3627A
:1015A0000C4BE3620C4B23630C4B9C4206D003F1C3
:1015B0006802944202D0D0339C4205D104F1580015
:1015C000BDE8104002F008B910BD00BFDDA2000068
:1015D000FFA2000037A300005BA30000D4A50020F9
:1015E000024A0349034800F07BB800BF9C21002059
:1015F000A1C00000AC21002041680C4B994210B5FD
:10160000044601D001F06CFFA168094B994202D059
:10161000204601F065FFE168064B994204D0204660
:10162000BDE8104001F05CBF10BD00BFD4A5002094
:101630003CA60020A4A6002010B50B4B04210B4CA7
:101640000B4A20461A600022FFF794FF04F168005D
:1016500001220921FFF78EFF04F1D000022212219E
:10166000BDE81040FFF786BF0CA70020D4A50020DE
:10167000A1A10000014802F0A3B800BFD4A400203B
:10168000014802F0D9B800BFD4A4002010B5044628
:10169000FFF7F0FF236A1BB1BDE81040FFF7F0BF72
:1016A000044B2362044B1B68002BF5D1FFF7C4FFEA
:1016B000F2E700BFB9A100000CA700200EB403B5EB
:1016C00003AB0146054853F8042B0068019301F071
:1016D0006BFD02B05DF804EB03B07047F821002009
:1016E0002DE9F8430746884614460026D4E90195BB
:1016F000B9F1010905D52468002CF7D13046BDE8C1
:10170000F883AB89012B07D9B5F90E30013303D02B
:1017100029463846C04706436835E9E710B50C4608
:10172000B1F90E1000F036F90028ABBF636DA38944
:101730001B1823F48053ACBF6365A38110BD2DE952
:10174000F0411F468B8905460C46DB05164605D53C
:1017500002230022B1F90E1000F00AF9A3893246E3
:10176000B4F90E10284623F48053A3813B46BDE80C
:10177000F04100F021B910B50C46B1F90E1000F09F
:10178000F7F8431CA38915BF606523F4805343F425
:101790008053A38118BFA38110BDB1F90E1000F0D2
:1017A00079B830B514469BB005461A46002C05DAC8
:1017B0008B2303604FF0FF301BB030BD4FF402733A
:1017C000009104916946ADF80C304FF00003199375
:1017D00014BF04F1FF332346029305934FF6FF73C2
:1017E000ADF80E301E9B01F0B9FB431CBCBF8B2330
:1017F0002B60002CE0D0009B00221A70DCE7000078
:1018000007B5009313460A46014603480068FFF7F0
:10181000C8FF03B05DF804FBF8210020884210B532
:1018200001EB020402D98442234607D8431EA14299
:1018300008D011F8012B03F8012FF8E70244014604
:101840008A4200D110BD13F8014D02F8014DF7E7AF
:1018500002440346934200D1704703F8011BF9E7A5
:101860000A7870B56AB970BD9A4209D10C4605462E
:1018700014F8013F002BF6D015F8016F9E42F7D007
:1018800001300378002BEFD11846ECE70048704791
:101890002021002038B50023054D044608462B6062
:1018A00001F0C6FF431C02D12B6803B1236038BD91
:1018B0002CA700202D4B1B68834270B5044653D0E3
:1018C000C3691BB3DB6863B10025E369DB68595961
:1018D000B1B90435802DF8D1E3692046D96800F00C
:1018E000BDFEE369196811B1204600F0B7FEE36957
:1018F0009D685DB1294620462D6800F0AFFEF8E7EF
:101900000E68204600F0AAFE3146E1E7616911B198
:10191000204600F0A3FEE16911B1204600F09EFED2
:10192000216B11B1204600F099FE616B11B1204688
:1019300000F094FEA16B11B1204600F08FFEA16C67
:1019400011B1204600F08AFE616C11B1204600F012
:1019500085FEE16A11B1204600F080FE236A1BB1CA
:101960002046BDE87040184770BD00BFF821002038
:1019700038B50446064D0846114600222A601A462C
:1019800001F02EFF431C02D12B6803B1236038BD48
:101990002CA7002038B50446064D08461146002203
:1019A0002A601A4601F030FF431C02D12B6803B1B4
:1019B000236038BD2CA7002038B50446064D0846E4
:1019C000114600222A601A46FCF77EFC431C02D115
:1019D0002B6803B1236038BD2CA70020014B186889
:1019E000704700BFF8210020000000000000000048
:1019F00001F0FF01102A2BDB10F0070F08D010F8C0
:101A0000013B013A8B422DD010F0070F42B3F6D1C3
:101A1000F0B441EA012141EA014122F007047FF0DC
:101A200000070023F0E80256083C85EA010586EA33
:101A3000010685FA47F5A3FA87F586FA47F6A5FA6F
:101A400087F68EB9EED1F0BC01F0FF0102F007027B
:101A500032B110F8013B013A83EA010313B1F8D126
:101A60000020704701387047002D06BF3546033807
:101A7000073815F0010F07D1013015F4807F02BF40
:101A8000013015F4C03F0130F0BC0138704700BF91
:101A9000034613F8012B002AFBD1181A01387047AE
:101AA0002DE9F74F036907460C69A342C0F2838012
:101AB000013C00F1140501F11408A30055F824209D
:101AC00008EB8409009305EB8403019358F8243054
:101AD00001339A42B2FBF3F631D34FF0000AC44609
:101AE000AE46D3465CF8043B98B2E1454FEA134357
:101AF00006FB00A04FEA104280B206FB0323DEF88B
:101B0000002092B24FEA134AA2EB00029BB2DEF829
:101B100000005A44C3EB224392B203EB104342EA63
:101B200003424FEA234B4EF8042BDBD2009BEB58C9
:101B30002BB9019B043B9D421A4630D33C61384689
:101B400001F092F8002826DB2946002058F8042BE3
:101B5000D1F800C01FFA82FEC1451FFA8CF34FEA8C
:101B60001242A3EB0E030344C2EB23429BB202EBEF
:101B70001C4243EA02434FEA224041F8043BE5D2CB
:101B800055F8242005EB840322B9043B9D421A46F4
:101B90000BD33C610136304603B0BDE8F08F1268CC
:101BA000043B002ACAD1013CC5E71268043B002A65
:101BB000EFD1013CEAE70020EEE700000000000062
:101BC0002DE9F04FC76981462DED028B91B055ECA0
:101BD000104B1C9E069109920C938DED020B7FB960
:101BE0001020FEF7A5FF0246C9F81C0020B99E4B45
:101BF000EF219E4801F030FDC0E901770760C76022
:101C0000D9F81C30196859B15A68012348469340E5
:101C10004A608B6000F0F2FDD9F81C3000221A6097
:101C20002B1EB7BF23F00043002301220393ACBF58
:101C3000336032608E4B039EB34310D142F20F7378
:101C40000C9A1360C6F31303234300F0D5841D9B45
:101C5000884F002B00F0D784FB1C00F0D2BC9DED18
:101C6000028BB5EE408BF1EE10FA0AD101230C9AEB
:101C700013601D9B13B1804B1D9A13607F4F00F0C2
:101C8000C2BC0EAAB0EE480B0FA9484601F09EF860
:101C9000C6F30A530E9A0190002B45D018EE901A05
:101CA000B0EE487BA3F2FF330025C1F3130141F0EE
:101CB0007F5141F44011B7EE086B07EE901A9FED8B
:101CC000645B37EE467B9FED646BA7EE056B07EE1A
:101CD000903AB8EEE74B9FED625BB0EE467BA4EE28
:101CE000057BB5EEC07BFDEEC76BF1EE10FA16EE8C
:101CF000908A08D5B8EEE66BB4EE476BF1EE10FAB9
:101D000018BF08F1FF38B8F1160F2DD85C4901EB68
:101D1000C80191ED007BB4EEC78BF1EE10FA01D54E
:101D200008F1FF38002120E00F9B0125134403F246
:101D300032412029C9BFC1F14001C1F120018E40CB
:101D400003F21241D8BF04FA01F103F1FF33C4BF1B
:101D500024FA01F1314307EE901AB8EE677B17EED3
:101D6000901AA1F1F871A6E70121D21A0B91531E26
:101D7000059345BFC2F10103002200230592B8F18B
:101D8000000F17DB059ACDF8288042440592002207
:101D90000792069A092A42D8052AC5BF043A0024A8
:101DA00001240692069A023A032A43D8DFE802F099
:101DB0003335160AC8F10002A3EB0803079200228C
:101DC0000A92E6E701220892099A08EB020B0BF14E
:101DD000010A5246012AB8BF012206E001220892F8
:101DE000099A002A29DD93469246D9F81C700021F1
:101DF000042000F11406964226D9796048460493DF
:101E000000F0BCFC049B074600283DD11D4B024658
:101E100040F2AF11EDE60022E1E70022D3E7012412
:101E20000022089406924FF0FF3B00211222DA466E
:101E30000991DAE701220892F5E74FF0010BDA4643
:101E40005A46CDF824B0D0E701314000D1E700BFB9
:101E500061436F63A787D23FB3C8608B288AC63FB0
:101E6000FB799F501344D33F761E00208D1E002027
:101E70000000F07F721E0020161F0020151F00209A
:101E8000A8020020F41E0020D9F81C20BAF10E0F81
:101E900010606ED8002C6CD0B8F1000F40F3B48005
:101EA00008F00F01C74A18F4807F02EBC1024FEA25
:101EB000281192ED007B00F09B80C34A01F00F01D6
:101EC00092ED086B032288EE066B8DED026BBE4827
:101ED000002940F08F809DED026B86EE077B8DED33
:101EE000027B0B999DED027B002900F0B380B7EED9
:101EF000006BB4EEC67BF1EE10FA40F1AB80BAF1A4
:101F0000000F00F0A780BBF1000F30DDB2EE046BD4
:101F100008F1FF3101325C46049127EE067B8DED1E
:101F2000027B07EE902AB1EE0C5B9DED026BB8EEE2
:101F3000E77BA7EE065B15EE902A51EC150BA2F19C
:101F40005071002C40F08A80B1EE047B36EE476B76
:101F500041EC170BB4EEC76BF1EE10FA00F35D82A3
:101F6000B1EE477BB4EEC76BF1EE10FA23D48DEDE2
:101F7000028B0F990029C0F22981B8F10E0F00F3EE
:101F80002581904B03EBC80393ED006B099B002B5D
:101F900080F2C880BAF1000F00F3C4800BD1B1EE1B
:101FA000047B26EE076B9DED027BB4EEC76BF1EE72
:101FB00010FAC0F22F8200242546099B3E46DB43DF
:101FC00004934FF000082146484600F017FC002D0E
:101FD00000F0A280B8F1000F05D0A84503D041461B
:101FE000484600F00BFC2946484600F007FC93E009
:101FF00002226CE7CC0704D5013290ED006B27EE8E
:10200000067B4910083063E722D0C8F100016D4A11
:10201000002401F00F00091102EBC0026A4892EDA2
:10202000007B022228EE077B8DED027B29B9002C74
:102030003FF457AF8DED027B53E7CE0705D5013254
:10204000012490ED006B27EE067B49100830EDE788
:10205000022246E75446CDF8108062E7594A02EB67
:10206000C4023C4412ED024B089A41EC170B4AB3F0
:10207000B6EE003B3E46B7EE002B83EE045BB2EEBD
:10208000043B35EE477BFDEEC64BB8EEE45B14EE49
:10209000902A303236EE456B06F8012BB4EEC76B52
:1020A000F1EE10FA38D432EE465BB4EEC75BF1EED7
:1020B00010FA6ED4A6423FF45AAF27EE037B26EE09
:1020C000036BE0E727EE047B21463E46B2EE043B7D
:1020D000FDEEC64B14EE902AB8EEE45B303236EEDD
:1020E000456B06F8012BA64219D1B6EE005B37EE20
:1020F000054BB4EEC46BF1EE10FA4ADC35EE475BEB
:10210000B4EEC56BF1EE10FA7FF531AF0E46013932
:1021100016F8013C302BF9D0DDF8108027E026EED0
:10212000036BD5E79DED027BB2EE044B3E4687EE96
:10213000065BBDEEC55B15EE103AB8EEC53B30331D
:10214000A3EE467B06F8013BF31B9A4532D137EEEE
:10215000077BB4EEC67BF1EE10FA18DCB4EE467BDA
:10216000F1EE10FA03D115EE103ADB070FD4019906
:10217000484600F043FB00230C9A337008F101033A
:1021800013601D9B002B00F03E821E603BE2CDF8E9
:10219000108033461E4613F8012D392A06D19F427E
:1021A000F8D1049A0132049230223A701A7801323E
:1021B0001A70B1E727EE047BB5EE407BF1EE10FA22
:1021C000B5D1D4E7A802002080020020089A002A96
:1021D00000F0E580069A012A00F3C680002D00F089
:1021E000BF8001F23341079C1E460B4448460493CE
:1021F000059B0B440121059300F0B6FB049B0546AB
:1022000056B1059A002A07DDB2420599A8BF3246A9
:102210009B1AB61A8A1A0592079A12B3089A002ACC
:1022200000F0C1809CB12946224648460D9300F03B
:1022300055FC019A01460546484600F0ABFB019962
:102240000490484600F0DAFA049A0D9B0192079A2E
:10225000121B06D004930199484600F03FFC049BF2
:10226000019001214846049300F07EFB0A9A04463F
:10227000049B002A00F0CD810146484600F02EFC68
:10228000069B0446012B049B00F39480029A002ACB
:1022900040F08C80039AC2F31302002A40F0888039
:1022A000039A22F00042120D120522B1059A013361
:1022B00001320592012207920A9A002A00F0AF81AA
:1022C0002269049304EB8202106900F001FB049B75
:1022D000C0F12000059A104410F01F0075D0C0F125
:1022E0002002042A69DDC0F11C00059A034402445F
:1022F00006440592002B05DD1A460199484600F078
:1023000047FC0190059B002B05DD21461A464846F7
:1023100000F03EFC04460B9B002B58D02146019850
:1023200000F0A2FC002852DA08F1FF330A220199DA
:1023300048460493002300F083FA089B0190002B89
:1023400000F06F81294600230A22484600F078FAFF
:10235000BBF1000F054666DC069B022B40DC62E009
:102360000E99C1F136013EE70AF1FF34079AA24205
:1023700007DBBAF1000FA2EB04040CDB1E4651464A
:1023800033E7079A1E460A99A21A079400241144BB
:102390000A91514629E7A3EB0A06002125E7079C8D
:1023A0001E46089D2CE7079A049354E7002282E713
:1023B000029A80E70022079282E79BD01C3205999F
:1023C000114413441644059194E70246F6E7BAF126
:1023D000000FD346CDF8108021DC069B022B1EDDBA
:1023E000BBF1000F7FF4E9AD21465B46052248466C
:1023F00000F026FA01460446019800F035FC00285A
:102400007FF7DBAD31233E4606F8013B049B0133E9
:102410000493D6E55446CDF810802546F2E7089B94
:10242000002B00F00281002E05DD29463246484689
:1024300000F0AEFB0546079B002B58D06968484664
:1024400000F09CF9064628B9824B024640F2EF2183
:10245000FFF7CFBB2A6905F10C010C300232920064
:10246000FCF7C4F801223146484600F091FB7B1C82
:10247000A8460546059307EB0B030993029B03F05F
:1024800001030893059B2146019803F1FF3BFFF7E9
:1024900007FB4146029000F1300A019800F0E4FB8E
:1024A0002A4607902146484600F0FAFBC2680646D5
:1024B000FAB90146019800F0D7FB0246314648467A
:1024C0000A9200F09BF90A9ADDE9056342EA0301EA
:1024D000089B19430FD1BAF1390F28D0079B002B65
:1024E00002DD029B03F1310A8BF800A06BE5284660
:1024F000BDE70122E2E7079B002B04DB06990B43B3
:1025000008990B4320D1002AEEDD012201994846AB
:1025100000F03EFB2146019000F0A6FB002803DC02
:10252000E2D11AF0010FDFD0BAF1390FD9D1392336
:102530008BF8003033461E46013B16F8012C392A31
:1025400052D001321A703EE5002A07DDBAF1390F88
:10255000EDD00AF101038BF8003034E5059B099AB0
:1025600003F801AC934229D000230A22019948467E
:1025700000F066F9A84501904FF000034FF00A0201
:102580004146484607D100F05BF980460546059B69
:102590000133059376E700F053F92946804600237E
:1025A0000A22484600F04CF90546F0E7BBF1000F5F
:1025B0004FF00008CCBF5E4601263E44012201993F
:1025C000484600F0E5FA2146019000F04DFB002856
:1025D000B0DC02D11AF0010FACD133461E4613F81D
:1025E000012D302AFAD0EEE49F42A4D1049B01339E
:1025F000049331233B70E6E41D9B174F1BB107F199
:1026000008031D9A1360384611B0BDEC028BBDE87B
:10261000F08F069A012A7FF739AE0A9A07920120B5
:1026200058E6BBF1000F7FF7D8AE3E462146019831
:10263000FFF736FA00F1300A06F801ABF21B9345BA
:10264000B4DD00230A220199484600F0F9F8019010
:10265000ECE700BFF41E0020691E002038B50546D7
:10266000002941D051F8043C0C1F002BB8BFE418DE
:10267000FAF7EEFF1D4A136833B963601460284609
:10268000BDE83840FAF7FABFA34208D920682118FC
:102690008B4201BF19685B6809182160EDE71A4693
:1026A0005B680BB1A342FAD911685018A0420BD154
:1026B00020680144501811608342E0D118685B68BB
:1026C000084453601060DAE702D90C232B60D6E788
:1026D000206821188B4202BF19685B680918636083
:1026E00008BF21605460CAE738BD00BFCCA50020F8
:1026F00070B5164C054608460E46FAF7A9FF236842
:1027000043B100213046F8F7A3F9421C03461CBF31
:102710002268831A0E4A1168002291B90D4C304686
:102720002E4623609B1A2262E361FAF7A7FF0FCCC3
:102730000FC60FCC0FC694E8030086E803002846B6
:1027400070BD086849680244E7E700BFD0A50020D3
:10275000CCA50020A4A5002082B001B901A942B1F6
:102760004BB113780B601278101E18BF012002B015
:1027700070471046FBE76FF00100F8E770B5C669D7
:1027800004460D4676B91020FEF7D2F90246E06104
:1027900020B9184B6B21184800F05EFFC0E90166B4
:1027A0000660C660E669F36883B1E369DB6853F8E5
:1027B0002500B8B90121204601FA05F6721D9200E4
:1027C000FEF7A2F960B1C0E901560EE02122042112
:1027D0002046FEF799F9E369F060DB68002BE4D14D
:1027E000002070BD026843F825200023C0E90333B0
:1027F000F7E700BF761E0020C41C002070B5C66934
:1028000005460C4676B91020FEF792F90246E861BB
:1028100020B9094B8F21094800F01EFFC0E901666D
:102820000660C6603CB1EB696268DB6853F8221051
:10283000216043F8224070BD761E0020C41C002099
:102840002DE9F04101F1140C07460C461E460D69B6
:102850000020DCF80030013099B2854202FB0161B2
:102860004FEA13464FEA114389B202FB063301EBEC
:1028700003414FEA13464CF8041BEADC0EB3A3688D
:10288000AB4219DC616838460131FFF777FF8046BB
:1028900028B902460C4BBA210C4800F0DDFE226933
:1028A00004F10C010C3002329200FBF79FFE21462E
:1028B00044463846FFF7A2FF04EB850301355E610D
:1028C00025612046BDE8F081F41E0020C41C0020D4
:1028D000B0F5803F034636BF030400201020B3F15B
:1028E000807F3CBF1B020830B3F1805F3CBF1B01FF
:1028F0000430B3F1804F3CBF9B000230002B05DB5E
:1029000013F0804F00F1010008BF202070470368DA
:10291000024613F007000BD0D90721D4980747BF10
:102920005B0801209B0802204CBF136013607047B6
:1029300099B209B91B0C1020D9B209B908301B0A89
:10294000190704BF1B090430990704BF9B08023014
:10295000D90703D45B0800F1010003D0136070476E
:10296000002070472020704710B50C460121FFF76A
:1029700005FF024628B9054B40F24511044800F016
:102980006BFE01234461036110BD00BFF41E0020F3
:10299000C41C00202DE9F04F17460A69894685B00E
:1029A0003B699A42A2BF3B460F4699463D69BB68C8
:1029B000D9F810A0796805EB0A06B342B8BF013117
:1029C000FFF7DCFE30B90246424B4FF4B17142488A
:1029D00000F042FE00F11404002204EB860E2346B0
:1029E000734520D307F1140809F1140108EB85059C
:1029F00001EB8A030293EB1B1537153B23F003030E
:102A00000433BD4238BF04230193029B03918B42E0
:102A10000CD8002E03DD5EF8043D002B57D0066174
:102A200005B0BDE8F08F43F8042BD9E7B1F800A05A
:102A3000BAF1000F21D0C446A14600275CF8042B50
:102A4000D9F800301FFA82FB65459BB24FEA12426B
:102A50000AFB0B333B44D9F800704FEA17470AFBD7
:102A6000027202EB13429BB24FEA124743EA02435F
:102A700049F8043BE2D8019BE750039B0431B3F8CB
:102A80000290B9F1000F20D023684746A4464FF0CA
:102A9000000AB7F800B09BB2BCF8022009FB0B2279
:102AA000524443EA02434CF8043B57F8043B4FEAD4
:102AB000134ABCF80030BD4209FB0A3303EB124352
:102AC0004FEA134AE5D8019AA35004349DE7013E2A
:102AD0009FE700BFF41E0020C41C00202DE9F8432E
:102AE000154612F0030207460E4607D0013A254C60
:102AF000002354F82220FFF7A3FE0646AD103DD078
:102B0000FC697CB91020FEF713F80246F86128B979
:102B10001D4B40F2B3111D4800F09EFDC0E9014479
:102B20000460C460D7F81C80D8F808404CB940F263
:102B300071213846FFF718FF00230446C8F8080043
:102B400003604FF00009EB070AD5314622463846AC
:102B5000FFF720FF8046314638464646FFF74EFED7
:102B60006D100BD0206838B9224621463846FFF751
:102B700011FF2060C0F800900446E4E73046BDE84D
:102B8000F88300BF04070020761E0020C41C00202C
:102B90002DE9F0470C46074691464FEA621A236931
:102BA000496803EB6218A36808F10106B3420BDB26
:102BB0003846FFF7E3FD054648B90246284B4FF477
:102BC000EF71284800F048FD01315B00EEE700237B
:102BD00000F1140100F110021846534533DB2AEAD4
:102BE000EA7A04F11403206919F01F0901EB8A0144
:102BF00003EB800C2BD0C9F1200E8A460022186806
:102C000000FA09F010434AF8040B53F8042B9C45D2
:102C100022FA0EF2F3D8ACEB040304F11500153BD5
:102C200023F003030433604588BF0423CA500AB16C
:102C300008F10206013E384621462E61FFF7DEFD0F
:102C40002846BDE8F087013342F8040FC5E7043990
:102C500053F8042B9C4541F8042FF9D8EAE700BF4C
:102C6000F41E0020C41C002003460A690069801A73
:102C700030B50ED11433143103EB820401EB820121
:102C800054F8045D51F8042D954203D005D24FF05D
:102C9000FF3030BDA342F3D3FBE70120F9E700008A
:102CA0002DE9F74F89460646114614464846FFF778
:102CB000DBFF051E12D129463046FFF75FFD0246B5
:102CC00028B9404B40F237213F4800F0C5FC0123B2
:102CD000C0E90435104603B0BDE8F08FBCBF4B46D9
:102CE000A1463046B8BF0125D9F80410B4BF1C4630
:102CF0000025FFF743FD024618B9324B40F245214B
:102D0000E2E7D9F8107004F1140E266900F1140BF3
:102D1000C56009F1140509F110030EEB860605EBF9
:102D20008708D9464FF0000C0193019B5EF8040B15
:102D300053F804AF764501931FFA8AF3194683B21C
:102D40004FEA1040A1EB0303C0EB1A40634400EBD1
:102D500023409BB24FEA204C43EA004349F8043B2E
:102D6000E3D8331B1534153B23F003030433A64289
:102D700038BF04231D445B442C461E4644450ED3F5
:102D800008F10301491B033D21F00301A84538BFA9
:102D900000210B4453F8041D91B117619AE754F8D0
:102DA000041BE646080C1CFA81FC714400EB2C4025
:102DB00089B24FEA204C41EA004146F8041BDDE7A6
:102DC000013FE7E7F41E0020C41C00202DE9F74373
:102DD0000F460121164659EC108BFFF7CFFC044635
:102DE00030B90246234B40F20F31234800F034FC47
:102DF000C9F30A55C9F313030DB143F480130193CA
:102E0000B8F1000323D068460093FFF780FDDDE9A9
:102E10000012D0B1C0F1200302FA03F3C2400B4309
:102E200001926361019B002BA3610CBF012202226E
:102E30002261A5B1A5F233450544C0F135003D60DE
:102E40003060204603B0BDE8F0836161EAE701A885
:102E5000FFF75DFD019B203001226361E8E7A0F2EE
:102E6000324004EB820338601869FFF731FDC0EB94
:102E70004210E5E7F41E0020C41C002051F8043C79
:102E8000181F002BBCBF0B58C018704703460846DC
:102E900041B1FF2A04D98A224FF0FF301A607047EF
:102EA00001200A7070472DE9F0471F468E68824660
:102EB0000C46BE4290460B682DD8B1F90C2012F496
:102EC000906F26D06569096905EB4505A3EB0109FB
:102ED0007B1C05EBD5754B446D109D4238BF1D46DC
:102EE000530527D52946FDF755FE064660B34A46E9
:102EF0002169FBF77BFBA38923F4906343F08003F4
:102F0000A38126614E446561A5EB090526603E4616
:102F1000A560BE4200D93E46324641462068FEF7D3
:102F20007DFCA36800209B1BA360236833442360BF
:102F3000BDE8F0872A46FDF7B7FE06460028E0D137
:102F400021695046FFF78AFB0C234FF0FF30CAF887
:102F50000030A38943F04003A381E9E72DE9F04F56
:102F600098468B899DB007461B060D46144610D522
:102F70000B6973B94021FDF70DFE2860286130B957
:102F80000C233B604FF0FF301DB0BDE8F08F4023B5
:102F90006B610023CDF80C804FF00109DFF8A081B0
:102FA000099320238DF8293030238DF82A302346C9
:102FB0009A4613F8012B0AB1252AF9D1BAEB040B72
:102FC0000BD05B46224629463846FFF76CFF01309E
:102FD00000F0A780099A5A4409929AF80030002B11
:102FE00000F09F8000234FF0FF320AF1010A0493A2
:102FF00007938DF853301A93CDE9052354460522E3
:103000004F4814F8011BFEF7F3FC049AD8B9D00618
:1030100044BF20238DF85330110744BF2B238DF874
:1030200053309AF800302A2B15D0079A54460020C6
:103030004FF00A0C214611F8013B303B092B4BD9CC
:10304000B0B1079214E0A0EB0803A24609FA03F31B
:1030500013430493D2E7039B191D1B68002B0391B4
:10306000BBBF5B4242F0020207930793B8BF0492D2
:1030700023782E2B0AD163782A2B32D1039B02347A
:103080001A1D1B6843EAE37303920593DFF8C0A09F
:10309000032221785046FEF7ABFC38B1A0EB0A00C2
:1030A0004022049B013482401343049314F8011B13
:1030B000062224488DF82810FEF79AFC002836D006
:1030C000214B1BBB039B073323F0070308330393F8
:1030D000099B334409936AE70CFB02320C4601203A
:1030E000A8E7002301344FF00A0C19460593204647
:1030F00010F8012B303A092A03D9002BC6D00591CC
:10310000C4E70CFB012104460123F0E703AB2A4688
:1031100004A9384600930D4BFDF782FE421C06467B
:10312000D6D1AB895B063FF52DAF09982CE703ABF1
:103130002A4604A938460093044BFEF7FDF8EDE754
:10314000411F00204B1F0020E199000067BA0000DA
:10315000471F00209368013B002B936010B408DAEE
:103160009469A34201DB0A2903D15DF8044B00F006
:10317000DFB91368581C1060084619705DF8044BDD
:103180007047F8B506460F461446D518AC4201D133
:10319000002007E03A4614F8011B3046FFF7DAFF3B
:1031A000431CF3D1F8BD00002DE9F04F0D469DB052
:1031B00014469846064618B1036A0BB9FEF766FA3C
:1031C0006B6ED90705D4AB899A0502D4A86D00F0BF
:1031D000F7FAAB891B0701D52B699BB92946304605
:1031E00000F0E4F970B16B6EDC0704D54FF0FF30EE
:1031F0001DB0BDE8F08FAB899805F7D4A86D00F03D
:103200001BFBF3E70023CDF80C804FF00109DFF83A
:10321000B481099320238DF8293030238DF82A308A
:1032200023469A4613F8012B0AB1252AF9D1BAEBA5
:10323000040B0BD05B46224629463046FFF7A1FF20
:10324000013000F0A780099A5A4409929AF8003098
:10325000002B00F09F8000234FF0FF320AF1010A9B
:10326000049307938DF853301A93CDE90523544600
:103270000522544814F8011BFEF7BAFB049AD8B98A
:10328000D10644BF20238DF85330130744BF2B23AE
:103290008DF853309AF800302A2B15D0079A5446EF
:1032A00000204FF00A0C214611F8013B303B092B5E
:1032B0004BD9B0B1079214E0A0EB0803A24609FA7B
:1032C00003F313430493D2E7039B191D1B68002BE0
:1032D0000391BBBF5B4242F0020207930793B8BF62
:1032E000049223782E2B0AD163782A2B32D1039BA8
:1032F00002341A1D1B6843EAE37303920593DFF857
:10330000D4A0032221785046FEF772FB38B1A0EB1F
:103310000A004022049B013482401343049314F8B2
:10332000011B062228488DF82810FEF761FB0028B3
:103330003FD0264B1BBB039B073323F00703083307
:103340000393099B3B4409936AE70CFB02320C464A
:103350000120A8E7002301344FF00A0C1946059319
:10336000204610F8012B303A092A03D9002BC6D089
:103370000591C4E70CFB012104460123F0E703ABF0
:103380002A4604A930460093114BFDF749FD074634
:10339000781CD6D16B6ED90705D4AB899A0502D4B7
:1033A000A86D00F049FAAB895B063FF51FAF09989D
:1033B0001EE703AB2A4604A930460093044BFDF7F1
:1033C000BBFFE4E7411F00204B1F0020E1990000F4
:1033D00043BD0000471F0020B1F90C202DE9F0414A
:1033E000160705460C4654D44B68002B02DC0B6CC8
:1033F000002B48DDE66A002E45D0002312F48052EF
:103400002F68216A2B6030D0626DA389590705D5DA
:103410006368D21A636B0BB1236CD21A0023E66A7D
:10342000216A2846B047431CA38906D129681D2973
:103430002BD82A4ACA40D60727D50022D904626071
:103440002269226004D5421C01D12B6803B9606552
:10345000616B2F60B9B104F14403994202D0284650
:10346000FFF7FCF8002363630DE001232846B04713
:103470000246501CC9D12B68002BC6D01D2B01D091
:10348000162B1DD12F60002021E043F040031BB21A
:103490001AE00F69002FF6D093070E680F600CBF7B
:1034A0004B690023A6EB07088B60B8F1000FEADD3B
:1034B00043463A46216A2846A66AB047002808DCF7
:1034C000B4F90C3043F040034FF0FF30A381BDE866
:1034D000F0810744A8EB0008E7E700BF01004020A7
:1034E00038B50B6905460C4613B90025284638BD8A
:1034F00018B1036A0BB9FEF7C9F8B4F90C30002B08
:10350000F3D0626ED00704D4990502D4A06D00F008
:1035100057F928462146FFF75FFF636E0546DA0735
:10352000E4D4A3899B05E1D4A06D00F085F9DDE723
:10353000F8B50E461446054618B1036A0BB9FEF7F6
:10354000A5F8A369A360A3891A0701D5236943B924
:103550002146284600F02AF818B14FF0FF373846C8
:10356000F8BD2368F6B222693746981A6369834228
:1035700005DC21462846FFF7B3FF0028EDD1A368FC
:10358000013BA36023685A1C22601E70431C6269C1
:103590009A4204D0A389DB07E1D50A2EDFD1214668
:1035A0002846FFF79DFF0028D9D0D6E738B5294B2C
:1035B00005460C46186818B1036A0BB9FEF766F8A1
:1035C000B4F90C30190722D4DA0607D409222A608C
:1035D00043F040034FF0FF30A38133E0580712D58A
:1035E000616B41B104F14403994202D02846FFF7D0
:1035F00035F800236363A38923F02403A381002308
:10360000636023692360A38943F00803A3812369CE
:103610004BB9A38903F42073B3F5007F03D021468F
:10362000284600F05CF8B4F90C3013F001020AD01F
:103630000022A26062695242A261226942B913F07B
:103640008000C5D138BD990758BF6269A260F4E710
:103650000020F7E7F82100201FB514461A46094B51
:1036600005461B68D8684CB1074B00910749CDE966
:1036700001342B46FEF722F800F0D6F8044B1C4626
:10368000F3E700BFF82100202C1D0020391D002089
:10369000671D002070B50C46B1F90E1096B01546A6
:1036A00000291E460CDAA389002113F0800F14BFF5
:1036B00040234FF48063002031602B6016B070BD52
:1036C0006A4600F049F80028EDDB019901F47041E9
:1036D000A1F50053594259414FF48063EBE78B89C0
:1036E000F7B59D0706460C4607D504F1470323604E
:1036F00023610123636103B0F0BD01AB6A46FFF7AC
:10370000C9FF009F054630463946FDF743FA48B9E0
:10371000B4F90C309A05EED423F0030343F002030E
:10372000A381E2E7A389206043F08003A381019B8A
:10373000C4E904075BB1B4F90E10304600F01EF87E
:1037400028B1A38923F0030343F00103A381A389D4
:103750001D43A581CFE7000038B50023064D044680
:10376000084611462B6000F01BF8431C02D12B6861
:1037700003B1236038BD00BF2CA7002038B500235B
:10378000054D044608462B6000F02EF8431C02D17C
:103790002B6803B1236038BD2CA700200000000077
:1037A0005FF800F0292A00605FF800F0591A006005
:1037B0005FF800F0651B00605FF800F0611A0060C0
:1037C0005FF800F0C91D00605FF800F00D1C00609C
:1037D0005FF800F00D2D00605FF800F0B11D006093
:1037E0005FF800F0392A00605FF800F0352A0060C9
:1037F0005FF800F0611E00605FF800F0D91B006008
:103800005FF800F0B91600605FF800F01D2A006054
:103810005FF800F0291C00605FF800F049140060B8
:103820005FF800F0191500605FF800F0492A0060A9
:103830005FF800F0212A00605FF800F0011E0060D0
:103840000000000000000000000000000000000078
:103850000000000000000000000000000000000068
:103860000000000000000000000000000000000058
:103870000000000000000000000000000000000048
:103880000000000000000000000000000000000038
:103890000000000000000000000000000000000028
:1038A0000000000000000000000000000000000018
:1038B0000000000000000000000000000000000008
:1038C00000000000000000000000000000000000F8
:1038D00000000000000000000000000000000000E8
:1038E00000000000000000000000000000000000D8
:1038F00000000000000000000000000000000000C8
:1039000000000000000000000000000000000000B7
:1039100000000000000000000000000000000000A7
:103920000000000000000000000000000000000097
:103930000000000000000000000000000000000087
:103940000000000000000000000000000000000077
:103950000000000000000000000000000000000067
:103960000000000000000000000000000000000057
:103970000000000000000000000000000000000047
:103980000000000000000000000000000000000037
:103990000000000000000000000000000000000027
:1039A0000000000000000000000000000000000017
:1039B0000000000000000000000000000000000007
:1039C00000000000000000000000000000000000F7
:1039D00000000000000000000000000000000000E7
:1039E00000000000000000000000000000000000D7
:1039F00000000000000000000000000000000000C7
:103A000000000000000000000000000000000000B6
:103A100000000000000000000000000000000000A6
:103A20000000000000000000000000000000000096
:103A30000000000000000000000000000000000086
:103A40000000000000000000000000000000000076
:103A50000000000000000000000000000000000066
:103A60000000000000000000000000000000000056
:103A70000000000000000000000000000000000046
:103A80000000000000000000000000000000000036
:103A90000000000000000000000000000000000026
:103AA0000000000000000000000000000000000016
:103AB0000000000000000000000000000000000006
:103AC0000080E03779C34143176E05B5B5B893461A
:103AD000F5F93FE9034F384D321D30F94877825AE6
:103AE0003CBF737FDD4F1575000000000000F03F04
:103AF00000000000000024400000000000005940C9
:103B00000000000000408F40000000000088C3401B
:103B100000000000006AF8400000000080842E4190
:103B200000000000D01263410000000084D79741DC
:103B30000000000065CDCD41000000205FA00242E2
:103B4000000000E876483742000000A2941A6D4257
:103B5000000040E59C30A2420000901EC4BCD6424A
:103B600000003426F56B0C430080E03779C34143F5
:103B700000A0D8855734764300C84E676DC1AB436B
:103B8000003D9160E458E143408CB5781DAF154489
:103B900050EFE2D6E41A4B4492D54D06CFF0804464
:103BA000F64AE1C7022DB544B49DD9794378EA4479
:103BB00000000101000101010102010102020102F4
:103BC00003010203020204020205020205030206C7
:103BD000030207030207040307040307050407059C
:103BE0000407060507060607060607070707070076
:103BF00000000000000000000000000800000000BD
:103C000000000000000000000000000000000000B4
:103C1000000000080000000000000000000000009C
:103C2000980A0020A00A0020A80A002022636D64E0
:103C300022000000737461727400000073746F706E
:103C4000000000007B2274797065223A22686222AB
:103C50002C227374617465223A2269646C65222C8B
:103C60002274223A256C757D0A0000002C010000A8
:103C70002C0100002C0100002C010000E8030000D2
:103C8000E8030000E8030000E80300000000000073
:103C9000B40A0020B80A0020BC0A0020C40A002090
:103CA000C80A0020D00A0020D80A0020E00A00201C
:103CB000E40A002052554E00415252455400000083
:103CC00049444C45000000004E45555452414C00BB
:103CD0007B2274223A256C752C226D6F6465223A22
:103CE000222573222C2272756E223A222573222CF1
:103CF00022746172676574223A25642C2272616DA8
:103D0000706564223A256C642C22686F74223A250F
:103D1000642C22657363223A5B00000025737B22CA
:103D20006964223A25642C226F6B223A25642C2286
:103D30006572706D223A256C642C22647574792248
:103D40003A252E33662C22695F6D6F74223A252E38
:103D500032662C22695F696E223A252E32662C2249
:103D6000765F696E223A252E32662C22745F666574
:103D700074223A252E31662C22745F6D6F74223ABC
:103D8000252E31667D0000002C0000005D2C226194
:103D9000726D65223A2564002C2270696C223A7B90
:103DA000226F6E223A25642C226672223A25642CF8
:103DB0002263746C223A25642C22657363223A25AF
:103DC000642C226C6576223A25642C22726177225B
:103DD0003A25647D000000002C22696D75223A7B33
:103DE000226F6B223A25642C226672616973223A33
:103DF00025642C22726F6C6C223A252E32662C229E
:103E00007069746368223A252E32662C22796177B4
:103E1000223A252E32662C22766F6B223A25642CAC
:103E200022765F6B6D68223A252E32667D00000097
:103E30002C22677073223A7B226F6B223A25642C06
:103E4000226C6174223A252E37662C226C6F6E220A
:103E50003A252E37662C22616C745F6F6B223A25EF
:103E6000642C22616C74223A252E31667D0000009C
:103E70002C227764223A7B22657272223A256C7575
:103E80002C22727374223A25640000002C222573C0
:103E9000223A7B226F6B223A25642C2273746B22A8
:103EA0003A256C752C227573223A252E30667D00DA
:103EB0007D7D0A000A0B00000000000000000000E9
:103EC0001D1200006102000085060000E9030000E9
:103ED00019190000ED030000F103000000000000CC
:103EE00000000000B91C0000D50300000000000025
:103EF00000000000156E0000497E0000457E0000B5
:103F0000417E00003D7E0000397E0000357E0000CD
:103F1000317E00000000000000000000C96C0000BD
:103F20001D6E0000316700008968000051670000C5
:103F3000F5670000796700000D690000A5680000C2
:103F40002D67000005000000190000007D00000042
:103F500007080C0B06050F000D0E010283840708ED
:103F60000C0B06050F000D0E01028384FFFFFFFFFF
:103F7000FFFFFFFFFFFF8182090A000028202820A1
:103F80002820267853757370656E64656454617378
:103F90006B4C697374202920292D3E784C69737409
:103FA000496E7465677269747956616C7565312004
:103FB0003D3D2030783561356135613561554C20A6
:103FC000292026262028202820282026785375738B
:103FD00070656E6465645461736B4C6973742029F9
:103FE00020292D3E784C697374496E746567726937
:103FF000747956616C756532203D3D2030783561AD
:10400000356135613561554C202900002820282074
:104010002820262820707843757272656E74544388
:10402000422D3E7853746174654C697374497465AC
:104030006D2029202920292D3E784C6973744974FC
:10404000656D496E7465677269747956616C7565E2
:1040500031203D3D20307835613561356135615520
:104060004C202920262620282028202820262820E9
:10407000707843757272656E745443422D3E785366
:10408000746174654C6973744974656D20292029C5
:1040900020292D3E784C6973744974656D496E749E
:1040A00065677269747956616C756532203D3D2093
:1040B00030783561356135613561554C2029000016
:1040C00028202820282026282070785265616479CD
:1040D0005461736B734C697374735B202820707820
:1040E0004E657754434220292D3E75785072696F92
:1040F00072697479205D2029202920292D3E784C71
:10410000697374496E7465677269747956616C7508
:104110006531203D3D20307835613561356135614F
:10412000554C2029202626202820282028202628F3
:1041300020707852656164795461736B734C697354
:1041400074735B20282070784E6577544342202991
:104150002D3E75785072696F72697479205D2029DF
:10416000202920292D3E784C697374496E74656747
:104170007269747956616C756532203D3D203078E6
:104180003561356135613561554C202900000000ED
:10419000282028202820262820282070784E65777F
:1041A00054434220292D3E7853746174654C6973E1
:1041B000744974656D2029202920292D3E784C6989
:1041C00073744974656D496E746567726974795664
:1041D000616C756531203D3D203078356135613544
:1041E000613561554C2029202626202820282028AA
:1041F00020262820282070784E65775443422029B5
:104200002D3E7853746174654C6973744974656D9F
:104210002029202920292D3E784C69737449746522
:104220006D496E7465677269747956616C75653233
:10423000203D3D2030783561356135613561554C23
:104240002029000070785443422D3E7563537461F9
:10425000746963616C6C79416C6C6F6361746564E3
:10426000203D3D202820282075696E74385F742019
:10427000292032202900000075785072696F726918
:104280007479203C203130002820707854696D65A5
:10429000722D3E7854696D6572506572696F64491C
:1042A0006E5469636B73203E2030202900000000AB
:1042B0005744000046534D0050726F7000000000DC
:1042C00050696C6F74650000455343005873656E08
:1042D0007300000052506900464F5257415244004B
:1042E0005245564552534500434F4E54524F4C454C
:1042F0000000000070696C0066736D0070726F7072
:1043000000000000657363007873656E7300000041
:10431000736F6E6172000000666F696C730000005D
:10432000727069007764000075784372697469631C
:10433000616C4E657374696E67203D3D207E30551B
:104340004C0000007578437269746963616C4E6556
:104350007374696E67203D3D2031303030554C001C
:1043600028202A28202820766F6C6174696C6520CB
:1043700075696E7433325F74202A202920307845A5
:10438000303030656430302029202920213D20281C
:104390002030783431304643323731554C202900B3
:1043A00028202A28202820766F6C6174696C65208B
:1043B00075696E7433325F74202A20292030784565
:1043C000303030656430302029202920213D2028DC
:1043D0002030783431304643323730554C20290074
:1043E00075634D617853797343616C6C5072696F7A
:1043F00072697479000000002820282032203C3C9B
:1044000020282038202D203420292029202620284B
:10441000207E75634D61785072696F726974795648
:10442000616C756520292029203D3D203055000014
:104430007078566563746F725461626C655B202896
:104440002031312029205D203D3D2076506F72744F
:1044500053564348616E646C65720000707856650F
:1044600063746F725461626C655B20282031342064
:1044700029205D203D3D2078506F727450656E6438
:10448000535648616E646C6572000000705F73740F
:1044900061636B5F6172677300000000766F69642F
:1044A000206672656572746F733A3A7072696E74E1
:1044B0005F737461636B5F747261636528546173C9
:1044C0006B48616E646C655F74290000737461638E
:1044D0006B5F6172677300007578496E646578542C
:1044E0006F576169744F6E203C2034000900000052
:1044F000784576656E7447726F7570002820757800
:1045000042697473546F436C6561722026202820C1
:10451000282075696E7433325F74202920307866E4
:10452000663030303030305520292029203D3D2064
:10453000300000002820282070784C6973742029EE
:104540002D3E784C697374496E746567726974792D
:1045500056616C756531203D3D203078356135619F
:1045600035613561554C2029202626202820282019
:1045700070784C69737420292D3E784C69737449A6
:104580006E7465677269747956616C756532203D29
:104590003D2030783561356135613561554C2029D4
:1045A000000000002820282070784E65774C697341
:1045B000744974656D20292D3E784C697374497473
:1045C000656D496E7465677269747956616C75655D
:1045D00031203D3D2030783561356135613561559B
:1045E0004C2029202626202820282070784E657708
:1045F0004C6973744974656D20292D3E784C69733C
:10460000744974656D496E74656772697479566131
:104610006C756532203D3D203078356135613561FE
:104620003561554C20290000282028202A282028E0
:1046300020766F6C6174696C652075696E743332B5
:104640005F74202A2029203078653030306564304E
:104650003420292029202620282030784646554C11
:1046600020292029203D3D2030000000757843722C
:1046700069746963616C4E657374696E67000000EC
:10468000756343757272656E745072696F72697486
:1046900079203E3D2075634D617853797343616C99
:1046A0006C5072696F7269747900000028202820AC
:1046B0002A28202820766F6C6174696C65207569E2
:1046C0006E7433325F74202A2029203078453030D0
:1046D00030454430432029202920262028203078C6
:1046E0003037554C203C3C2038554C20292029207F
:1046F0003C3D20756C4D617850524947524F5550A2
:1047000056616C7565000000707854434220213D6D
:10471000202828766F6964202A29302900000000AB
:1047200075785363686564756C65725375737065ED
:104730006E646564203D3D20300000007078457651
:10474000656E744C6973740075785363686564753D
:104750006C657253757370656E64656420213D20CD
:1047600028205542617365547970655F7420292053
:104770003055000028202820282070784576656E66
:10478000744C697374202920292D3E784C69737408
:10479000496E7465677269747956616C756531200C
:1047A0003D3D2030783561356135613561554C20AE
:1047B0002920262620282028202820707845766564
:1047C0006E744C697374202920292D3E784C6973CE
:1047D00074496E7465677269747956616C75653277
:1047E000203D3D2030783561356135613561554C6E
:1047F00020290000282028202820262820707843FF
:10480000757272656E745443422D3E784576656EBE
:10481000744C6973744974656D2029202920292DF1
:104820003E784C6973744974656D496E746567723E
:1048300069747956616C756531203D3D203078355D
:1048400061356135613561554C20292026262028A7
:104850002028202820262820707843757272656EE3
:10486000745443422D3E784576656E744C6973747A
:104870004974656D2029202920292D3E784C6973C3
:10488000744974656D496E746567726974795661AF
:104890006C756532203D3D2030783561356135617C
:1048A0003561554C20290000707854434220213D49
:1048B00020707843757272656E7454434200000034
:1048C000707854696D654F75740000007852657496
:1048D00075726E20213D2028202D312029000000F6
:1048E0002820282026282070785265616479546138
:1048F000736B734C697374735B207578546F70506D
:1049000072696F72697479205D202920292D3E75A6
:10491000784E756D6265724F664974656D732029B6
:10492000203E203000000000282075784269747312
:10493000546F5365742026202820282075696E74D2
:1049400033325F7420292030786666303030303062
:10495000305520292029203D3D20300070785374A7
:104960006174696351756575650000007853697AF3
:1049700065203D3D2073697A656F66282051756515
:1049800075655F742029000070784E6577517565F4
:1049900075650000707851756575650078526574AD
:1049A00075726E20213D2028202820282042617326
:1049B00065547970655F74202920302029202900F2
:1049C000212820282070764974656D546F517565D3
:1049D0007565203D3D202828766F6964202A29309E
:1049E0002920292026262028207078517565756594
:1049F0002D3E75784974656D53697A6520213D2097
:104A000028205542617365547970655F74202920B0
:104A10003055202920290000212820282078436FA4
:104A20007079506F736974696F6E203D3D20282046
:104A3000282042617365547970655F7420292032A3
:104A40002029202920262620282070785175657578
:104A5000652D3E75784C656E67746820213D203168
:104A600020292029000000002128202820785461D6
:104A7000736B4765745363686564756C65725374D2
:104A80006174652829203D3D20282028204261733B
:104A900065547970655F74202920302029202920F1
:104AA0002626202820785469636B73546F576169F8
:104AB0007420213D20302029202900007078517574
:104AC0006575652D3E75784974656D53697A652005
:104AD0003D3D203000000000212820282070785122
:104AE000756575652D3E706348656164203D3D20A8
:104AF0002828766F6964202A293029202920262633
:104B0000202820707851756575652D3E752E785377
:104B1000656D6170686F72652E784D757465784843
:104B20006F6C64657220213D202828766F696420AF
:104B30002A293029202920290000000070784D758D
:104B40007465780028207078517565756520290096
:104B500021282028202820707642756666657220FC
:104B600029203D3D202828766F6964202A29302994
:104B70002029202626202820282070785175657548
:104B80006520292D3E75784974656D53697A6520D5
:104B9000213D2028205542617365547970655F740A
:104BA00020292030552029202900000070785469E0
:104BB000636B73546F5761697400000070757853AC
:104BC0007461636B42756666657220213D202828FA
:104BD000766F6964202A29302900000070785461BA
:104BE000736B42756666657220213D202828766FBA
:104BF0006964202A293029007853697A65203D3D6F
:104C00002073697A656F6628205443425F742029B7
:104C100000000000707850726576696F7573576197
:104C20006B6554696D65000028207854696D65498D
:104C30006E6372656D656E74203E203055202900CC
:104C400075785363686564756C65725375737065C8
:104C50006E646564203D3D20315500007578496ED5
:104C6000646578546F4E6F74696679203C20340017
:104C7000785461736B546F4E6F74696679000000ED
:104C8000785469636B436F756E74203D3D20282016
:104C90005469636B547970655F742029203000007B
:104CA0002820282026282070785443422D3E78451D
:104CB00076656E744C6973744974656D202920297A
:104CC0002D3E7078436F6E7461696E657220292085
:104CD0003D3D202828766F6964202A29302900006C
:104CE00028202820282026282070785443422D3E52
:104CF000784576656E744C6973744974656D2029C6
:104D0000202920292D3E784C6973744974656D49BA
:104D10006E7465677269747956616C756531203D92
:104D20003D2030783561356135613561554C20293C
:104D30002026262028202820282026282070785465
:104D400043422D3E784576656E744C6973744974A0
:104D5000656D2029202920292D3E784C69737449DE
:104D600074656D496E7465677269747956616C75A6
:104D70006532203D3D2030783561356135613561E2
:104D8000554C20290000000028207849646C6554A7
:104D900061736B48616E646C65735B2030205D20CD
:104DA000213D202828766F6964202A29302920296E
:104DB0000000000028202820282028207078446542
:104DC0006C617965645461736B4C69737420292D2F
:104DD0003E75784E756D6265724F664974656D7388
:104DE000203D3D2028205542617365547970655FF0
:104DF00074202920302029203F20282028204261AB
:104E00007365547970655F74202920312029203A18
:104E1000202820282042617365547970655F7420D2
:104E2000292030202920292029000000282028209E
:104E30002820262820707852656164795461736B4C
:104E4000734C697374735B2028207078544342203C
:104E5000292D3E75785072696F72697479205D20D2
:104E600029202920292D3E784C697374496E746578
:104E7000677269747956616C756531203D3D2030EB
:104E8000783561356135613561554C2029202626FC
:104E90002028202820282026282070785265616448
:104EA000795461736B734C697374735B2028207041
:104EB0007854434220292D3E75785072696F72698B
:104EC0007479205D2029202920292D3E784C697392
:104ED00074496E7465677269747956616C75653270
:104EE000203D3D2030783561356135613561554C67
:104EF000202900002820282028202628202820706B
:104F00007854434220292D3E7853746174654C696E
:104F100073744974656D2029202920292D3E784C11
:104F20006973744974656D496E74656772697479E3
:104F300056616C756531203D3D20307835613561B5
:104F400035613561554C202920262620282028202F
:104F500028202628202820707854434220292D3EDE
:104F60007853746174654C6973744974656D202954
:104F7000202920292D3E784C6973744974656D4948
:104F80006E7465677269747956616C756532203D1F
:104F90003D2030783561356135613561554C2029CA
:104FA000000000007078544342203D3D207078435B
:104FB000757272656E7454434200000070785443F9
:104FC000422D3E75784D75746578657348656C64DF
:104FD0000000000028202820282026282070785251
:104FE000656164795461736B734C697374735B208E
:104FF000282070784D75746578486F6C64657254BC
:10500000434220292D3E75785072696F7269747918
:10501000205D2029202920292D3E784C6973744970
:105020006E7465677269747956616C756531203D7F
:105030003D2030783561356135613561554C202929
:105040002026262028202820282026282070785254
:10505000656164795461736B734C697374735B201D
:10506000282070784D75746578486F6C646572544B
:10507000434220292D3E75785072696F72697479A8
:10508000205D2029202920292D3E784C6973744900
:105090006E7465677269747956616C756532203D0E
:1050A0003D2030783561356135613561554C2029B9
:1050B00000000000282028202820262820282070F2
:1050C000784D75746578486F6C64657254434220FE
:1050D000292D3E7853746174654C69737449746505
:1050E0006D2029202920292D3E784C69737449743C
:1050F000656D496E7465677269747956616C756522
:1051000031203D3D2030783561356135613561555F
:105110004C20292026262028202820282026282028
:10512000282070784D75746578486F6C646572548A
:10513000434220292D3E7853746174654C69737421
:105140004974656D2029202920292D3E784C6973EA
:10515000744974656D496E746567726974795661D6
:105160006C756532203D3D203078356135613561A3
:105170003561554C202900007078556E626C6F6364
:105180006B656454434200002820282028202628EC
:1051900020707852656164795461736B734C6973E4
:1051A00074735B2028207078556E626C6F636B653A
:1051B0006454434220292D3E75785072696F72699C
:1051C0007479205D2029202920292D3E784C69738F
:1051D00074496E7465677269747956616C7565316E
:1051E000203D3D2030783561356135613561554C64
:1051F0002029202626202820282028202628207024
:105200007852656164795461736B734C697374731C
:105210005B2028207078556E626C6F636B656454F8
:10522000434220292D3E75785072696F72697479F6
:10523000205D2029202920292D3E784C697374494E
:105240006E7465677269747956616C756532203D5C
:105250003D2030783561356135613561554C202907
:105260000000000028202820282026282028207040
:1052700078556E626C6F636B656454434220292DD0
:105280003E7853746174654C6973744974656D201C
:1052900029202920292D3E784C6973744974656D45
:1052A000496E7465677269747956616C75653120F1
:1052B0003D3D2030783561356135613561554C2093
:1052C000292026262028202820282026282028209B
:1052D0007078556E626C6F636B656454434220292D
:1052E0002D3E7853746174654C6973744974656DAF
:1052F0002029202920292D3E784C69737449746532
:105300006D496E7465677269747956616C75653242
:10531000203D3D2030783561356135613561554C32
:1053200020290000282028202820262820785065C1
:105330006E64696E6752656164794C697374202983
:10534000202920292D3E784C697374496E74656755
:105350007269747956616C756531203D3D203078F5
:105360003561356135613561554C2029202626206F
:105370002820282028202628207850656E64696E11
:105380006752656164794C6973742029202920294A
:105390002D3E784C697374496E74656772697479CF
:1053A00056616C756532203D3D2030783561356140
:1053B00035613561554C2029000000002820282047
:1053C00028202628207078556E626C6F636B6564A8
:1053D0005443422D3E784576656E744C697374492A
:1053E00074656D2029202920292D3E784C6973741D
:1053F0004974656D496E7465677269747956616C3C
:10540000756531203D3D2030783561356135613538
:1054100061554C20292026262028202820282026B7
:1054200028207078556E626C6F636B6564544342DC
:105430002D3E784576656E744C6973744974656D5C
:105440002029202920292D3E784C697374497465E0
:105450006D496E7465677269747956616C756532F1
:10546000203D3D2030783561356135613561554CE1
:105470002029000075785363686564756C65725304
:10548000757370656E64656420213D2030550000A1
:1054900028207854696D6572506572696F64496E31
:1054A0005469636B73203E2030202900546D7220B4
:1054B000537663007852657475726E0078436F6D31
:1054C0006D616E644944203C20282028204261738D
:1054D00065547970655F742029203620290000000A
:1054E00028207854696D65725461736B48616E64ED
:1054F0006C6520213D202828766F6964202A293098
:10550000292029002F646174612F6275696C642FF2
:105510006275696C642F484F53542D7838365F3666
:10552000342D7736342D6D696E677733322F617283
:105530006D2D636F727465786D37662D6561626974
:105540002F7372632F6E65776C69622D6E616E6F5B
:105550002F6E65776C69622F6C6962632F73746458
:105560006C69622F6D707265632E63002C20667506
:105570006E6374696F6E3A2000617373657274694B
:105580006F6E2022257322206661696C65643A2063
:1055900066696C6520222573222C206C696E65205B
:1055A0002564257325730A00002020202020202058
:1055B00020202828282828202020202020202020C3
:1055C00020202020202020202088101010101010D3
:1055D000101010101010101010040404040404041F
:1055E00004040410101010101010414141414141B9
:1055F000010101010101010101010101010101019B
:1056000001010101101010101010424242424242AA
:10561000020202020202020202020202020202026A
:105620000202020210101010200000000000000012
:10563000000000000000000000000000000000006A
:10564000000000000000000000000000000000005A
:10565000000000000000000000000000000000004A
:10566000000000000000000000000000000000003A
:10567000000000000000000000000000000000002A
:10568000000000000000000000000000000000001A
:10569000000000000000000000000000000000000A
:1056A000000000000000000000496E66696E697429
:1056B00079004E614E005245454E54206D616C6C30
:1056C0006F6320737563636565646564002F64614F
:1056D00074612F6275696C642F6275696C642F4800
:1056E0004F53542D7838365F36342D7736342D6D40
:1056F000696E677733322F61726D2D636F727465D7
:10570000786D37662D656162692F7372632F6E65E0
:10571000776C69622D6E616E6F2F6E65776C696252
:105720002F6C6962632F7374646C69622F64746F89
:10573000612E630042616C6C6F63207375636365F7
:105740006564656400494E4600696E66004E414ED0
:10575000006E616E00300030313233343536373808
:1057600039414243444546003031323334353637CF
:105770003839616263646566004300504F5349588D
:1057800000232D302B2000686C4C00656667454671
:1057900047002E000029DE07007B9A17B406002080
:1057A00000000000E803000000000000DC0600200C
:1057B00000000000E80300000000000000001A40A4
:1057C000D01F002000000000A05D0020605D0020D0
:1057D0000000000000000000280000004000000061
:1057E0002800000040000000000000000000000051
:1057F00000000000000000000000000000000000A9
:1058000000000000000000000000000000FF000099
:10581000041B0000096E00000000000080C00F4063
:1058200000C00000150000000200000060851F405D
:10583000010000002E0000000200000060851F40F3
:1058400000000000140000000200000064851F40FA
:10585000010000002F0000000200000064851F40CE
:10586000000000002B024000260018007E0000000F
:1058700043000000000000000000000000000000E5
:105880000000000000000000000000000000000018
:1058900043000000000000000000000000000000C5
:1058A00000000000000000000000000000000000F8
:1058B00043000000000000000000000000000000A5
:1058C00000000000000000000000000000000000D8
:1058D0004300000000000000000000000000000085
:1058E00000000000000000000000000000000000B8
:1058F0004300000000000000000000000000000065
:105900000000000000000000000000000000000097
:105910004300000000000000000000000000000044
:105920000000000000000000000000000000000077
:105930004300000000000000000000000000000024
:105940000000000000000000000000000000000057
:105950004DBA000019B3000000000000681D0020CF
:10596000521F0020671D0020671D0020671D0020BA
:10597000671D0020671D0020671D0020671D002097
:10598000671D0020671D0020FFFFFFFFFFFFFFFFD7
:10599000FFFFFFFFFFFF00000100415343494900A3
:1059A00000000000000000000000000000000000F7
:1059B000000000000000000000004153434949007E
:1059C00000000000000000000000000000000000D7
:1059D00000000000000000000000000000000000C7
:1059E00003000000D4A50020A0AB002000000000B0
:1059F000D4A500203CA60020A4A6002000000000A2
:105A00000000000000000000000000000000000096
:105A10000000000000000000000000000000000086
:105A20000000000000000000000000000000000076
:105A30000000000000000000AC2100201201000264
:105A4000EF020140C016830480020102030100003E
:105A50002800000000010400010000000000000018
:105A6000020157494E55534200000000000000005B
:105A7000000000000000000012034D00530046002B
:105A80005400310030003000F80000000C0300002A
:105A90000000000000000000000000000000000006
:105AA00000000000AAAAAAAA00000000000000004E
:105AB00000000000000000000000000000000000E6
:105AC00000000000000000000000000000000000D6
:105AD00000000000000000000000000000000000C6
:105AE00000000000000000000000000000000000B6
:105AF00000000000000000000000000000000000A6
:105B00000000000000000000000000000000000095
:105B10000000000000000000000000000000000085
:105B20000000000000000000000000000000000075
:105B30000000000000000000000000000000000065
:105B40000000000000000000000000000000000055
:105B50000000000000000000000000000000000045
:105B60000000000000000000000000000000000035
:105B70000000000000000000000000000000000025
:105B80000000000000000000000000000000000015
:105B90000000000000000000000000000000000005
:105BA00000000000000000000000000000000000F5
:105BB00000000000000000000000000000000000E5
:105BC00000000000000000000000000000000000D5
:105BD00000000000000000000000000000000000C5
:105BE00000000000000000000000000000000000B5
:105BF00000000000000000000000000000000000A5
:105C00000000000000000000000000000000000094
:105C10000000000000000000000000000000000084
:105C20000000000000000000000000000000000074
:105C30000000000000000000000000000000000064
:105C40000000000000000000000000000000000054
:105C50000000000000000000000000000000000044
:105C60000000000000000000000000000000000034
:105C70000000000000000000000000000000000024
:105C80000000000000000000000000000000000014
:105C90000000000000000000000000000000000004
:105CA00000000000000000000000000000000000F4
:105CB00000000000000000000000000000000000E4
:105CC00000000000000000000000000000000000D4
:105CD00000000000000000000000000000000000C4
:105CE00000000000000000000000000000000000B4
:105CF00000000000000000000000000000000000A4
:105D00000000000000000000000000000000000093
:105D10000000000000000000000000000000000083
:105D20000000000000000000000000000000000073
:105D30000000000000000000000000000000000063
:105D40000000000000000000000000000000000053
:105D50000000000000000000000000000000000043
:105D60000000000000000000000000000000000033
:105D70000000000000000000000000000000000023
:105D80000000000000000000000000000000000013
:105D90000000000000000000000000000000000003
:105DA00000000000000000000000000000000000F3
:105DB00000000000000000000000000000000000E3
:105DC00000000000000000000000000000000000D3
:105DD00000000000000000000000000000000000C3
:105DE00000000000000000000000000000000000B3
:105DF00000000000000000000000000000000000A3
:105E00000000000000000000000000000000000092
:105E10000000000000000000000000000000000082
:105E20000000000000000000000000000000000072
:105E30000000000000000000000000000000000062
:105E40000000000000000000000000000000000052
:105E50000000000000000000000000000000000042
:105E60000000000000000000000000000000000032
:105E70000000000000000000000000000000000022
:105E80000000000000000000000000000000000012
:105E90000000000000000000000000000000000002
:105EA00000000000000000000000000000000000F2
:105EB00000000000000000000000000000000000E2
:105EC00000000000000000000000000000000000D2
:105ED00000000000000000000000000000000000C2
:105EE00000000000000000000000000000000000B2
:105EF00000000000000000000000000000000000A2
:105F0000B838D83FB0B0AA80F838D83F01000000B8
:105F10002C9AD85FB0B0B080349AD85FB0B0AA8065
:105F2000549AD85FB0B0B0806C9AD85FB0B0AA80F5
:105F3000A89AD85FAD08B180A09BD85FB0B0A88008
:105F4000AC9BD85FB0B0AC80009CD85F94020000DE
:105F5000A09CD85FB0AB02800C9DD85FB0AF0C8026
:105F600038A1D85FB0B0AE8014A2D85FB0AE0380C5
:105F700048A4D85FB0B0A880ACA4D85FB0B0B0805F
:105F8000BCA4D85FB0B0A88030A5D85FB0B0B08056
:105F900040A5D85FB0B0A88068A5D85F50020000C7
:105FA00084A5D85FAD08B180B8A5D85FB0B0A8808F
:105FB000D2A5D85FB0B0AC8002A6D85FB0B0A88040
:105FC0001EA6D85FB0B0B0801EA6D85FB0A91A8058
:105FD00074A6D85F0084028088A6D85FB0B0A8807D
:105FE000B4A6D85FB0B0B080BCA6D85FB0B0AA806D
:105FF000E0A6D85FB0B0B080E0A6D85FA908B180B5
:10600000F8A6D85FB0B0AA80ACA7D85FA908B180C5
:1060100010A8D85FB0B0B080CCA8D85FB0AF028075
:10602000E4A9D85FD401000078B4D85FA908B18092
:1060300004B5D85FB0B0AA8064B5D85FB0B00180B5
:1060400080B5D85FB0B0AA803CB6D85FB0B0AC80A5
:10605000C4B6D85FB0B0B08054B7D85FB0B0A88035
:1060600078B7D85FB0AF0480B8B8D85FAD08B1805A
:1060700064B9D85FB0B0AE8034BAD85FB0B0A98090
:1060800064BAD85FB0AF028088BBD85FB0AD028081
:1060900030BCD85FB0B0B08052BCD85FB0B0AE807A
:1060A00000BDD85FB0AF1C80F0BED85FB0B0A0809C
:1060B00016BFD85FAB08B18034BFD85FB0AF1C80CB
:1060C0005CC1D85FB0B0AC805CC2D85FA908B180B9
:1060D000A4C2D85FAB08B18018C3D85FA908B1804B
:1060E000BCC3D85F00840480F0C3D85FB0AA158019
:1060F00032C4D85FB0AB0280A4C4D85FA908B18015
:10610000E0C4D85F010000003088D85F01000000C3
:106110005C8BD85FB0A90280E08BD85FB0B0A8805C
:10612000268CD85F010000002E8CD85FB0B0AA800A
:10613000608CD85FAE75B280128DD85F0100000010
:106140000E8DD85FAB3F3A80608DD85F01000000B4
:106150006A8DD85FB0B0AA80A28DD85F0100000020
:10616000488ED85FAB10B280AC8ED85FB0AF0680DF
:10617000F090D85F01000000F490D85FAC3F018040
:106180001493D85F01000000E894D85F0084048075
:10619000F894D85F01000000F294D85FB0AD04809D
:1061A0005297D85F008404807497D85F1C00000069
:1061B0007697D85F200000008097D85F010000002C
:1061C00074A6D85F0100000008B10181B0B000845E
:1061D0000000000008B10181B0B0008400000000A0
:1061E000C9040181B0B0AB800000000084010181CE
:1061F000B00EB10000000000C9100181B0B0AF8046
:04620000000000009A
:10620400000000000000000000000000000000008A
:10621400000000000000000000000000000000007A
:10622400000000000000000000000000000000006A
:10623400000000000000000000000000000000005A
:10624400000000000000000000000000000000004A
:10625400000000000000000000000000000000003A
:10626400000000000000000000000000000000002A
:10627400000000000000000000000000000000001A
:10628400000000000000000000000000000000000A
:1062940000000000000000000000000000000000FA
:1062A40000000000000000000000000000000000EA
:1062B40000000000000000000000000000000000DA
:1062C40000000000000000000000000000000000CA
:1062D40000000000000000000000000000000000BA
:1062E40000000000000000000000000000000000AA
:1062F400000000000000000000000000000000009A
:106304000000000000000000000000000000000089
:106314000000000000000000000000000000000079
:106324000000000000000000000000000000000069
:106334000000000000000000000000000000000059
:106344000000000000000000000000000000000049
:106354000000000000000000000000000000000039
:106364000000000000000000000000000000000029
:106374000000000000000000000000000000000019
:106384000000000000000000000000000000000009
:1063940000000000000000000000000000000000F9
:1063A40000000000000000000000000000000000E9
:1063B40000000000000000000000000000000000D9
:1063C40000000000000000000000000000000000C9
:1063D40000000000000000000000000000000000B9
:1063E40000000000000000000000000000000000A9
:1063F4000000000000000000000000000000000099
:106404000000000000000000000000000000000088
:106414000000000000000000000000000000000078
:106424000000000000000000000000000000000068
:106434000000000000000000000000000000000058
:106444000000000000000000000000000000000048
:106454000000000000000000000000000000000038
:106464000000000000000000000000000000000028
:106474000000000000000000000000000000000018
:106484000000000000000000000000000000000008
:1064940000000000000000000000000000000000F8
:1064A40000000000000000000000000000000000E8
:1064B40000000000000000000000000000000000D8
:1064C40000000000000000000000000000000000C8
:1064D40000000000000000000000000000000000B8
:1064E40000000000000000000000000000000000A8
:1064F4000000000000000000000000000000000098
:106504000000000000000000000000000000000087
:106514000000000000000000000000000000000077
:106524000000000000000000000000000000000067
:106534000000000000000000000000000000000057
:106544000000000000000000000000000000000047
:106554000000000000000000000000000000000037
:106564000000000000000000000000000000000027
:106574000000000000000000000000000000000017
:106584000000000000000000000000000000000007
:1065940000000000000000000000000000000000F7
:1065A40000000000000000000000000000000000E7
:1065B40000000000000000000000000000000000D7
:1065C40000000000000000000000000000000000C7
:1065D40000000000000000000000000000000000B7
:1065E40000000000000000000000000000000000A7
:1065F4000000000000000000000000000000000097
:106604000000000000000000000000000000000086
:106614000000000000000000000000000000000076
:106624000000000000000000000000000000000066
:106634000000000000000000000000000000000056
:106644000000000000000000000000000000000046
:106654000000000000000000000000000000000036
:106664000000000000000000000000000000000026
:106674000000000000000000000000000000000016
:106684000000000000000000000000000000000006
:1066940000000000000000000000000000000000F6
:1066A40000000000000000000000000000000000E6
:1066B40000000000000000000000000000000000D6
:1066C40000000000000000000000000000000000C6
:1066D40000000000000000000000000000000000B6
:1066E40000000000000000000000000000000000A6
:1066F4000000000000000000000000000000000096
:106704000000000000000000000000000000000085
:106714000000000000000000000000000000000075
:106724000000000000000000000000000000000065
:106734000000000000000000000000000000000055
:106744000000000000000000000000000000000045
:106754000000000000000000000000000000000035
:106764000000000000000000000000000000000025
:106774000000000000000000000000000000000015
:106784000000000000000000000000000000000005
:1067940000000000000000000000000000000000F5
:1067A40000000000000000000000000000000000E5
:1067B40000000000000000000000000000000000D5
:1067C40000000000000000000000000000000000C5
:1067D40000000000000000000000000000000000B5
:1067E40000000000000000000000000000000000A5
:1067F4000000000000000000000000000000000095
:106804000000000000000000000000000000000084
:106814000000000000000000000000000000000074
:106824000000000000000000000000000000000064
:106834000000000000000000000000000000000054
:106844000000000000000000000000000000000044
:106854000000000000000000000000000000000034
:106864000000000000000000000000000000000024
:106874000000000000000000000000000000000014
:106884000000000000000000000000000000000004
:1068940000000000000000000000000000000000F4
:1068A40000000000000000000000000000000000E4
:1068B40000000000000000000000000000000000D4
:1068C40000000000000000000000000000000000C4
:1068D40000000000000000000000000000000000B4
:1068E40000000000000000000000000000000000A4
:1068F4000000000000000000000000000000000094
:106904000000000000000000000000000000000083
:106914000000000000000000000000000000000073
:106924000000000000000000000000000000000063
:106934000000000000000000000000000000000053
:106944000000000000000000000000000000000043
:106954000000000000000000000000000000000033
:106964000000000000000000000000000000000023
:106974000000000000000000000000000000000013
:106984000000000000000000000000000000000003
:1069940000000000000000000000000000000000F3
:1069A40000000000000000000000000000000000E3
:1069B40000000000000000000000000000000000D3
:1069C40000000000000000000000000000000000C3
:1069D40000000000000000000000000000000000B3
:1069E40000000000000000000000000000000000A3
:1069F4000000000000000000000000000000000093
:106A04000000000000000000000000000000000082
:106A14000000000000000000000000000000000072
:106A24000000000000000000000000000000000062
:106A34000000000000000000000000000000000052
:106A44000000000000000000000000000000000042
:106A54000000000000000000000000000000000032
:106A64000000000000000000000000000000000022
:106A74000000000000000000000000000000000012
:106A84000000000000000000000000000000000002
:106A940000000000000000000000000000000000F2
:106AA40000000000000000000000000000000000E2
:106AB40000000000000000000000000000000000D2
:106AC40000000000000000000000000000000000C2
:106AD40000000000000000000000000000000000B2
:106AE40000000000000000000000000000000000A2
:106AF4000000000000000000000000000000000092
:106B04000000000000000000000000000000000081
:106B14000000000000000000000000000000000071
:106B24000000000000000000000000000000000061
:106B34000000000000000000000000000000000051
:106B44000000000000000000000000000000000041
:106B54000000000000000000000000000000000031
:106B64000000000000000000000000000000000021
:106B74000000000000000000000000000000000011
:106B84000000000000000000000000000000000001
:106B940000000000000000000000000000000000F1
:106BA40000000000000000000000000000000000E1
:106BB40000000000000000000000000000000000D1
:106BC40000000000000000000000000000000000C1
:106BD40000000000000000000000000000000000B1
:106BE40000000000000000000000000000000000A1
:106BF4000000000000000000000000000000000091
:106C04000000000000000000000000000000000080
:106C14000000000000000000000000000000000070
:106C24000000000000000000000000000000000060
:106C34000000000000000000000000000000000050
:106C44000000000000000000000000000000000040
:106C54000000000000000000000000000000000030
:106C64000000000000000000000000000000000020
:106C74000000000000000000000000000000000010
:106C84000000000000000000000000000000000000
:106C940000000000000000000000000000000000F0
:106CA40000000000000000000000000000000000E0
:106CB40000000000000000000000000000000000D0
:106CC40000000000000000000000000000000000C0
:106CD40000000000000000000000000000000000B0
:106CE40000000000000000000000000000000000A0
:106CF4000000000000000000000000000000000090
:106D0400000000000000000000000000000000007F
:106D1400000000000000000000000000000000006F
:106D2400000000000000000000000000000000005F
:106D3400000000000000000000000000000000004F
:106D4400000000000000000000000000000000003F
:106D5400000000000000000000000000000000002F
:106D6400000000000000000000000000000000001F
:106D7400000000000000000000000000000000000F
:106D840000000000000000000000000000000000FF
:106D940000000000000000000000000000000000EF
:106DA40000000000000000000000000000000000DF
:106DB40000000000000000000000000000000000CF
:106DC40000000000000000000000000000000000BF
:106DD40000000000000000000000000000000000AF
:106DE400000000000000000000000000000000009F
:106DF400000000000000000000000000000000008F
:040000056000100087
:00000001FF
